"../../../Engine/Plugins/Interchange/Runtime/Content/Pipelines/DefaultTexturePipeline.uasset" 0
"../../../Engine/Plugins/Interchange/Runtime/Content/Pipelines/DefaultTexturePipeline.uexp" 1
"../../../Engine/Plugins/Interchange/Runtime/Content/Pipelines/DefaultSceneLevelPipeline.uasset" 2
"../../../Engine/Plugins/Interchange/Runtime/Content/Pipelines/DefaultSceneLevelPipeline.uexp" 3
"../../../Engine/Plugins/Interchange/Runtime/Content/Pipelines/DefaultSceneAssetsPipeline.uasset" 4
"../../../Engine/Plugins/Interchange/Runtime/Content/Pipelines/DefaultSceneAssetsPipeline.uexp" 5
"../../../Engine/Plugins/Interchange/Runtime/Content/Pipelines/DefaultMaterialXPipeline.uasset" 6
"../../../Engine/Plugins/Interchange/Runtime/Content/Pipelines/DefaultMaterialXPipeline.uexp" 7
"../../../Engine/Plugins/Interchange/Runtime/Content/Pipelines/DefaultMaterialPipeline.uasset" 8
"../../../Engine/Plugins/Interchange/Runtime/Content/Pipelines/DefaultMaterialPipeline.uexp" 9
"../../../Engine/Plugins/Interchange/Runtime/Content/Pipelines/DefaultGLTFSceneAssetsPipeline.uasset" 10
"../../../Engine/Plugins/Interchange/Runtime/Content/Pipelines/DefaultGLTFSceneAssetsPipeline.uexp" 11
"../../../Engine/Plugins/Interchange/Runtime/Content/Pipelines/DefaultGLTFPipeline.uasset" 12
"../../../Engine/Plugins/Interchange/Runtime/Content/Pipelines/DefaultGLTFPipeline.uexp" 13
"../../../Engine/Plugins/Interchange/Runtime/Content/Pipelines/DefaultGLTFAssetsPipeline.uasset" 14
"../../../Engine/Plugins/Interchange/Runtime/Content/Pipelines/DefaultGLTFAssetsPipeline.uexp" 15
"../../../Engine/Plugins/Interchange/Runtime/Content/Pipelines/DefaultAssetsPipeline.uasset" 16
"../../../Engine/Plugins/Interchange/Runtime/Content/Pipelines/DefaultAssetsPipeline.uexp" 17
"../../../Engine/Plugins/Animation/ControlRig/Content/Controls/DefaultGizmoLibraryNormalized.uasset" 18
"../../../Engine/Plugins/Animation/ControlRig/Content/Controls/DefaultGizmoLibraryNormalized.uexp" 19
"../../../Engine/Plugins/Animation/ACLPlugin/Content/ACLAnimCurveCompressionSettings.uasset" 20
"../../../Engine/Plugins/Animation/ACLPlugin/Content/ACLAnimCurveCompressionSettings.uexp" 21
"../../../Engine/Plugins/Animation/ACLPlugin/Content/ACLAnimBoneCompressionSettings.uasset" 22
"../../../Engine/Plugins/Animation/ACLPlugin/Content/ACLAnimBoneCompressionSettings.uexp" 23
"../../../Engine/Plugins/2D/Paper2D/Content/PlaceholderTextures/DummySpriteTexture.ubulk" 24
"../../../Engine/Plugins/2D/Paper2D/Content/PlaceholderTextures/DummySpriteTexture.uasset" 25
"../../../Engine/Plugins/2D/Paper2D/Content/PlaceholderTextures/DummySpriteTexture.uexp" 26
"../../../Engine/Plugins/2D/Paper2D/Content/DummySprite.uasset" 27
"../../../Engine/Plugins/2D/Paper2D/Content/DummySprite.uexp" 28
"../../../Engine/Plugins/2D/Paper2D/Content/DefaultPaperTerrainMaterial.uasset" 29
"../../../Engine/Plugins/2D/Paper2D/Content/DefaultPaperTerrainMaterial.uexp" 30
"../../../Engine/Content/EngineSounds/Master.uasset" 31
"../../../Engine/Content/EngineSounds/Master.uexp" 32
"../../../Engine/Content/EngineMaterials/DefaultPhysicalMaterial.uasset" 33
"../../../Engine/Content/EngineMaterials/DefaultPhysicalMaterial.uexp" 34
"../../../Engine/Content/EngineMaterials/DefaultDestructiblePhysicalMaterial.uasset" 35
"../../../Engine/Content/EngineMaterials/DefaultDestructiblePhysicalMaterial.uexp" 36
"../../../Engine/Content/Animation/DefaultVariableFrameStrippingSettings.uasset" 37
"../../../Engine/Content/Animation/DefaultVariableFrameStrippingSettings.uexp" 38
"../../../Engine/Content/Animation/DefaultRecorderBoneCompression.uasset" 39
"../../../Engine/Content/Animation/DefaultRecorderBoneCompression.uexp" 40
"../../../Engine/Content/MobileResources/HUD/VirtualJoystick_Background.uasset" 41
"../../../Engine/Content/MobileResources/HUD/VirtualJoystick_Background.uexp" 42
"../../../Engine/Content/MobileResources/HUD/VirtualJoystick_Thumb.uasset" 43
"../../../Engine/Content/MobileResources/HUD/VirtualJoystick_Thumb.uexp" 44
"../../../Engine/Content/MobileResources/HUD/DefaultVirtualJoysticks.uasset" 45
"../../../Engine/Content/MobileResources/HUD/DefaultVirtualJoysticks.uexp" 46
"C:/Users/user/Documents/GitHub/Fledgling/Content/Fledgling/Art/LevelDesign/Tilesets/Final/RandomClutter/Bowl.uasset" 47
"C:/Users/user/Documents/GitHub/Fledgling/Content/Fledgling/Art/LevelDesign/Tilesets/Final/RandomClutter/Bowl.uexp" 48
"C:/Users/user/Documents/GitHub/Fledgling/Content/Fledgling/Art/LevelDesign/Tilesets/Final/RandomClutter/Bowl_TileSet.uasset" 49
"C:/Users/user/Documents/GitHub/Fledgling/Content/Fledgling/Art/LevelDesign/Tilesets/Final/RandomClutter/Bowl_TileSet.uexp" 50
"../../../Engine/Content/EditorResources/S_Actor.ubulk" 51
"../../../Engine/Content/EditorResources/S_Actor.uasset" 52
"../../../Engine/Content/EditorResources/S_Actor.uexp" 53
"../../../Engine/Content/EditorResources/S_BoxReflectionCapture.uasset" 54
"../../../Engine/Content/EditorResources/S_BoxReflectionCapture.uexp" 55
"../../../Engine/Content/EngineResources/DefaultTexture.ubulk" 56
"../../../Engine/Content/EngineResources/DefaultTexture.uasset" 57
"../../../Engine/Content/EngineResources/DefaultTexture.uexp" 58
"../../../Engine/Content/EngineResources/DefaultTextureCube.uasset" 59
"../../../Engine/Content/EngineResources/DefaultTextureCube.uexp" 60
"../../../Engine/Content/EngineResources/DefaultVolumeTexture2D.uasset" 61
"../../../Engine/Content/EngineResources/DefaultVolumeTexture2D.uexp" 62
"../../../Engine/Content/EngineResources/DefaultVolumeTexture.uasset" 63
"../../../Engine/Content/EngineResources/DefaultVolumeTexture.uexp" 64
"../../../Engine/Content/EditorResources/S_Trigger.ubulk" 65
"../../../Engine/Content/EditorResources/S_Trigger.uasset" 66
"../../../Engine/Content/EditorResources/S_Trigger.uexp" 67
"../../../Engine/Content/EditorResources/S_TriggerBox.uasset" 68
"../../../Engine/Content/EditorResources/S_TriggerBox.uexp" 69
"../../../Engine/Content/EditorResources/S_TriggerCapsule.uasset" 70
"../../../Engine/Content/EditorResources/S_TriggerCapsule.uexp" 71
"../../../Engine/Content/EditorResources/S_TriggerSphere.uasset" 72
"../../../Engine/Content/EditorResources/S_TriggerSphere.uexp" 73
"../../../Engine/Content/EngineMeshes/Sphere.ubulk" 74
"../../../Engine/Content/EngineMeshes/Sphere.uasset" 75
"../../../Engine/Content/EngineMeshes/Sphere.uexp" 76
"../../../Engine/Plugins/Runtime/MeshModelingToolset/Content/Materials/M_DynamicMeshComponentVtxColor.uasset" 77
"../../../Engine/Plugins/Runtime/MeshModelingToolset/Content/Materials/M_DynamicMeshComponentVtxColor.uexp" 78
"../../../Engine/Plugins/Runtime/HairStrands/Content/Materials/HairMeshesDefaultMaterial.uasset" 79
"../../../Engine/Plugins/Runtime/HairStrands/Content/Materials/HairMeshesDefaultMaterial.uexp" 80
"../../../Engine/Plugins/Runtime/HairStrands/Content/Materials/HairDefaultMaterial.uasset" 81
"../../../Engine/Plugins/Runtime/HairStrands/Content/Materials/HairDefaultMaterial.uexp" 82
"../../../Engine/Plugins/Runtime/HairStrands/Content/Materials/HairGroupColors.uasset" 83
"../../../Engine/Plugins/Runtime/HairStrands/Content/Materials/HairGroupColors.uexp" 84
"../../../Engine/Content/Functions/Engine_MaterialFunctions02/Utility/MakeFloat2.uasset" 85
"../../../Engine/Content/Functions/Engine_MaterialFunctions02/Utility/MakeFloat2.uexp" 86
"../../../Engine/Content/Functions/Engine_MaterialFunctions02/Utility/MakeFloat3.uasset" 87
"../../../Engine/Content/Functions/Engine_MaterialFunctions02/Utility/MakeFloat3.uexp" 88
"../../../Engine/Content/EngineMaterials/HairColorMap.uasset" 89
"../../../Engine/Content/EngineMaterials/HairColorMap.uexp" 90
"../../../Engine/Content/EngineMaterials/HairDebugColor.uasset" 91
"../../../Engine/Content/EngineMaterials/HairDebugColor.uexp" 92
"../../../Engine/Plugins/Runtime/HairStrands/Content/Materials/HairDebugMaterial.uasset" 93
"../../../Engine/Plugins/Runtime/HairStrands/Content/Materials/HairDebugMaterial.uexp" 94
"../../../Engine/Plugins/Runtime/HairStrands/Content/Materials/HairCardsDefaultMaterial.uasset" 95
"../../../Engine/Plugins/Runtime/HairStrands/Content/Materials/HairCardsDefaultMaterial.uexp" 96
"../../../Engine/Plugins/Runtime/CommonUI/Content/DefaultMediaTexture.uasset" 97
"../../../Engine/Plugins/Runtime/CommonUI/Content/DefaultMediaTexture.uexp" 98
"../../../Engine/Plugins/Runtime/CommonUI/Content/VideoPlayerMaterial.uasset" 99
"../../../Engine/Plugins/Runtime/CommonUI/Content/VideoPlayerMaterial.uexp" 100
"../../../Engine/Plugins/Runtime/AudioWidgets/Content/Resources/ScrubHandleDown_Clamped.uasset" 101
"../../../Engine/Plugins/Runtime/AudioWidgets/Content/Resources/ScrubHandleDown_Clamped.uexp" 102
"../../../Engine/Content/Functions/Engine_MaterialFunctions02/Texturing/CustomRotator.uasset" 103
"../../../Engine/Content/Functions/Engine_MaterialFunctions02/Texturing/CustomRotator.uexp" 104
"../../../Engine/Content/Functions/Engine_MaterialFunctions02/Utility/BreakOutFloat2Components.uasset" 105
"../../../Engine/Content/Functions/Engine_MaterialFunctions02/Utility/BreakOutFloat2Components.uexp" 106
"../../../Engine/Content/Functions/Engine_MaterialFunctions01/Texturing/ScaleUVsByCenter.uasset" 107
"../../../Engine/Content/Functions/Engine_MaterialFunctions01/Texturing/ScaleUVsByCenter.uexp" 108
"../../../Engine/Plugins/Runtime/AudioWidgets/Content/AudioMaterialSlate/Functions/MF_SingleLine_Smooth.uasset" 109
"../../../Engine/Plugins/Runtime/AudioWidgets/Content/AudioMaterialSlate/Functions/MF_SingleLine_Smooth.uexp" 110
"../../../Engine/Plugins/Runtime/AudioWidgets/Content/AudioMaterialSlate/Functions/MF_AngleGradient.uasset" 111
"../../../Engine/Plugins/Runtime/AudioWidgets/Content/AudioMaterialSlate/Functions/MF_AngleGradient.uexp" 112
"../../../Engine/Plugins/Runtime/AudioWidgets/Content/AudioMaterialSlate/Functions/MF_SingleLine.uasset" 113
"../../../Engine/Plugins/Runtime/AudioWidgets/Content/AudioMaterialSlate/Functions/MF_SingleLine.uexp" 114
"../../../Engine/Content/Functions/Engine_MaterialFunctions01/Gradient/SphereGradient-2D.uasset" 115
"../../../Engine/Content/Functions/Engine_MaterialFunctions01/Gradient/SphereGradient-2D.uexp" 116
"../../../Engine/Plugins/Runtime/AudioWidgets/Content/AudioMaterialSlate/M_AudioMaterialToggleButton.uasset" 117
"../../../Engine/Plugins/Runtime/AudioWidgets/Content/AudioMaterialSlate/M_AudioMaterialToggleButton.uexp" 118
"../../../Engine/Plugins/Runtime/AudioWidgets/Content/AudioMaterialSlate/MI_AudioMaterialToggleButton.uasset" 119
"../../../Engine/Plugins/Runtime/AudioWidgets/Content/AudioMaterialSlate/MI_AudioMaterialToggleButton.uexp" 120
"../../../Engine/Content/Functions/Engine_MaterialFunctions02/Utility/VectorLength.uasset" 121
"../../../Engine/Content/Functions/Engine_MaterialFunctions02/Utility/VectorLength.uexp" 122
"../../../Engine/Content/Functions/Engine_MaterialFunctions01/Gradient/GeneratedRoundRect.uasset" 123
"../../../Engine/Content/Functions/Engine_MaterialFunctions01/Gradient/GeneratedRoundRect.uexp" 124
"../../../Engine/Plugins/Runtime/AudioWidgets/Content/AudioMaterialSlate/M_AudioMaterialRoundedSlider.uasset" 125
"../../../Engine/Plugins/Runtime/AudioWidgets/Content/AudioMaterialSlate/M_AudioMaterialRoundedSlider.uexp" 126
"../../../Engine/Plugins/Runtime/AudioWidgets/Content/AudioMaterialSlate/MI_AudioMaterialRoundedSlider.uasset" 127
"../../../Engine/Plugins/Runtime/AudioWidgets/Content/AudioMaterialSlate/MI_AudioMaterialRoundedSlider.uexp" 128
"../../../Engine/Plugins/Runtime/AudioWidgets/Content/AudioMaterialSlate/Functions/MF_Lines.uasset" 129
"../../../Engine/Plugins/Runtime/AudioWidgets/Content/AudioMaterialSlate/Functions/MF_Lines.uexp" 130
"../../../Engine/Content/Functions/Engine_MaterialFunctions02/Lerp_3Color.uasset" 131
"../../../Engine/Content/Functions/Engine_MaterialFunctions02/Lerp_3Color.uexp" 132
"../../../Engine/Plugins/Runtime/AudioWidgets/Content/AudioMaterialSlate/M_AudioMaterialMeter.uasset" 133
"../../../Engine/Plugins/Runtime/AudioWidgets/Content/AudioMaterialSlate/M_AudioMaterialMeter.uexp" 134
"../../../Engine/Plugins/Runtime/AudioWidgets/Content/AudioMaterialSlate/MI_AudioMaterialMeter.uasset" 135
"../../../Engine/Plugins/Runtime/AudioWidgets/Content/AudioMaterialSlate/MI_AudioMaterialMeter.uexp" 136
"../../../Engine/Plugins/Runtime/AudioWidgets/Content/AudioMaterialSlate/M_AudioMaterialKnob.uasset" 137
"../../../Engine/Plugins/Runtime/AudioWidgets/Content/AudioMaterialSlate/M_AudioMaterialKnob.uexp" 138
"../../../Engine/Plugins/Runtime/AudioWidgets/Content/AudioMaterialSlate/MI_AudioMaterialKnob.uasset" 139
"../../../Engine/Plugins/Runtime/AudioWidgets/Content/AudioMaterialSlate/MI_AudioMaterialKnob.uexp" 140
"../../../Engine/Plugins/Runtime/AudioWidgets/Content/AudioMaterialSlate/Functions/MF_DotOutlined.uasset" 141
"../../../Engine/Plugins/Runtime/AudioWidgets/Content/AudioMaterialSlate/Functions/MF_DotOutlined.uexp" 142
"../../../Engine/Plugins/Runtime/AudioWidgets/Content/AudioMaterialSlate/M_AudioMaterialEnvelope_ADSR.uasset" 143
"../../../Engine/Plugins/Runtime/AudioWidgets/Content/AudioMaterialSlate/M_AudioMaterialEnvelope_ADSR.uexp" 144
"../../../Engine/Plugins/Runtime/AudioWidgets/Content/AudioMaterialSlate/MI_AudioMaterialEnvelope_ADSR.uasset" 145
"../../../Engine/Plugins/Runtime/AudioWidgets/Content/AudioMaterialSlate/MI_AudioMaterialEnvelope_ADSR.uexp" 146
"../../../Engine/Plugins/NNE/NNEDenoiser/Content/NNEDTOM_Output_Default.uasset" 147
"../../../Engine/Plugins/NNE/NNEDenoiser/Content/NNEDTOM_Output_Default.uexp" 148
"../../../Engine/Plugins/NNE/NNEDenoiser/Content/NNEDTOM_Output_Alpha.uasset" 149
"../../../Engine/Plugins/NNE/NNEDenoiser/Content/NNEDTOM_Output_Alpha.uexp" 150
"../../../Engine/Plugins/NNE/NNEDenoiser/Content/NNEDTIM_ColorAlbedoNormal_Default.uasset" 151
"../../../Engine/Plugins/NNE/NNEDenoiser/Content/NNEDTIM_ColorAlbedoNormal_Default.uexp" 152
"../../../Engine/Plugins/NNE/NNEDenoiser/Content/NNEDTIM_ColorAlbedoNormal_Alpha.uasset" 153
"../../../Engine/Plugins/NNE/NNEDenoiser/Content/NNEDTIM_ColorAlbedoNormal_Alpha.uexp" 154
"../../../Engine/Plugins/NNE/NNEDenoiser/Content/NNEDOM_Output_Default.uasset" 155
"../../../Engine/Plugins/NNE/NNEDenoiser/Content/NNEDOM_Output_Default.uexp" 156
"../../../Engine/Plugins/NNE/NNEDenoiser/Content/NNEDOM_Output_Alpha.uasset" 157
"../../../Engine/Plugins/NNE/NNEDenoiser/Content/NNEDOM_Output_Alpha.uexp" 158
"../../../Engine/Plugins/NNE/NNEDenoiser/Content/NNEDIM_HighQuality_Default.uasset" 159
"../../../Engine/Plugins/NNE/NNEDenoiser/Content/NNEDIM_HighQuality_Default.uexp" 160
"../../../Engine/Plugins/NNE/NNEDenoiser/Content/NNEDIM_HighQuality_Alpha.uasset" 161
"../../../Engine/Plugins/NNE/NNEDenoiser/Content/NNEDIM_HighQuality_Alpha.uexp" 162
"../../../Engine/Plugins/NNE/NNEDenoiser/Content/NNEDIM_ColorAlbedoNormal_Default.uasset" 163
"../../../Engine/Plugins/NNE/NNEDenoiser/Content/NNEDIM_ColorAlbedoNormal_Default.uexp" 164
"../../../Engine/Plugins/NNE/NNEDenoiser/Content/NNEDIM_ColorAlbedoNormal_Alpha.uasset" 165
"../../../Engine/Plugins/NNE/NNEDenoiser/Content/NNEDIM_ColorAlbedoNormal_Alpha.uexp" 166
"../../../Engine/Content/EngineMaterials/T_Default_Material_Grid_M.ubulk" 167
"../../../Engine/Content/EngineMaterials/T_Default_Material_Grid_M.uasset" 168
"../../../Engine/Content/EngineMaterials/T_Default_Material_Grid_M.uexp" 169
"../../../Engine/Content/EngineMaterials/T_Default_Material_Grid_N.ubulk" 170
"../../../Engine/Content/EngineMaterials/T_Default_Material_Grid_N.uasset" 171
"../../../Engine/Content/EngineMaterials/T_Default_Material_Grid_N.uexp" 172
"../../../Engine/Content/Functions/Engine_MaterialFunctions01/Opacity/CameraDepthFade.uasset" 173
"../../../Engine/Content/Functions/Engine_MaterialFunctions01/Opacity/CameraDepthFade.uexp" 174
"../../../Engine/Content/EngineMaterials/WorldGridMaterial.uasset" 175
"../../../Engine/Content/EngineMaterials/WorldGridMaterial.uexp" 176
"../../../Engine/Plugins/Media/MediaPlate/Content/SM_MediaPlateScreen.ubulk" 177
"../../../Engine/Plugins/Media/MediaPlate/Content/SM_MediaPlateScreen.uasset" 178
"../../../Engine/Plugins/Media/MediaPlate/Content/SM_MediaPlateScreen.uexp" 179
"../../../Engine/Plugins/Interchange/Assets/Content/Functions/MX_UsdPreviewSurface.uasset" 180
"../../../Engine/Plugins/Interchange/Assets/Content/Functions/MX_UsdPreviewSurface.uexp" 181
"../../../Engine/Plugins/Interchange/Assets/Content/Functions/MX_UniformEDF.uasset" 182
"../../../Engine/Plugins/Interchange/Assets/Content/Functions/MX_UniformEDF.uexp" 183
"../../../Engine/Plugins/Interchange/Assets/Content/Functions/MX_TranslucentBSDF.uasset" 184
"../../../Engine/Plugins/Interchange/Assets/Content/Functions/MX_TranslucentBSDF.uexp" 185
"../../../Engine/Plugins/Interchange/Assets/Content/Functions/MX_ThinFilmBSDF.uasset" 186
"../../../Engine/Plugins/Interchange/Assets/Content/Functions/MX_ThinFilmBSDF.uexp" 187
"../../../Engine/Plugins/Interchange/Assets/Content/Functions/MX_SurfaceUnlit.uasset" 188
"../../../Engine/Plugins/Interchange/Assets/Content/Functions/MX_SurfaceUnlit.uexp" 189
"../../../Engine/Plugins/Interchange/Assets/Content/Functions/MX_Surface.uasset" 190
"../../../Engine/Plugins/Interchange/Assets/Content/Functions/MX_Surface.uexp" 191
"../../../Engine/Plugins/Interchange/Assets/Content/Functions/MX_SubsurfaceBSDF.uasset" 192
"../../../Engine/Plugins/Interchange/Assets/Content/Functions/MX_SubsurfaceBSDF.uexp" 193
"../../../Engine/Plugins/Interchange/Assets/Content/Functions/MX_SheenBSDF.uasset" 194
"../../../Engine/Plugins/Interchange/Assets/Content/Functions/MX_SheenBSDF.uexp" 195
"../../../Engine/Plugins/Interchange/Assets/Content/Functions/MX_OrenNayarBSDF.uasset" 196
"../../../Engine/Plugins/Interchange/Assets/Content/Functions/MX_OrenNayarBSDF.uexp" 197
"../../../Engine/Plugins/Interchange/Assets/Content/Utilities/New_LUT.uasset" 198
"../../../Engine/Plugins/Interchange/Assets/Content/Utilities/New_LUT.uexp" 199
"../../../Engine/Content/Functions/Engine_MaterialFunctions03/Math/RemapValueRange.uasset" 200
"../../../Engine/Content/Functions/Engine_MaterialFunctions03/Math/RemapValueRange.uexp" 201
"../../../Engine/Plugins/Interchange/Assets/Content/Functions/MF_Iridescence.uasset" 202
"../../../Engine/Plugins/Interchange/Assets/Content/Functions/MF_Iridescence.uexp" 203
"../../../Engine/Plugins/Interchange/Assets/Content/Functions/MX_StandardSurface.uasset" 204
"../../../Engine/Plugins/Interchange/Assets/Content/Functions/MX_StandardSurface.uexp" 205
"../../../Engine/Plugins/Interchange/Assets/Content/Functions/MX_TransmissionSurface.uasset" 206
"../../../Engine/Plugins/Interchange/Assets/Content/Functions/MX_TransmissionSurface.uexp" 207
"../../../Engine/Plugins/Interchange/Assets/Content/Functions/MX_OpenPBR_Translucent.uasset" 208
"../../../Engine/Plugins/Interchange/Assets/Content/Functions/MX_OpenPBR_Translucent.uexp" 209
"../../../Engine/Plugins/Interchange/Assets/Content/Functions/MX_OpenPBR_Opaque.uasset" 210
"../../../Engine/Plugins/Interchange/Assets/Content/Functions/MX_OpenPBR_Opaque.uexp" 211
"../../../Engine/Plugins/Interchange/Assets/Content/Functions/MX_MeasuredEDF.uasset" 212
"../../../Engine/Plugins/Interchange/Assets/Content/Functions/MX_MeasuredEDF.uexp" 213
"../../../Engine/Plugins/Interchange/Assets/Content/Functions/MX_GeneralizedSchlickBSDF.uasset" 214
"../../../Engine/Plugins/Interchange/Assets/Content/Functions/MX_GeneralizedSchlickBSDF.uexp" 215
"../../../Engine/Plugins/Interchange/Assets/Content/Functions/MX_DielectricBSDF.uasset" 216
"../../../Engine/Plugins/Interchange/Assets/Content/Functions/MX_DielectricBSDF.uexp" 217
"../../../Engine/Plugins/Interchange/Assets/Content/Functions/MX_ConicalEDF.uasset" 218
"../../../Engine/Plugins/Interchange/Assets/Content/Functions/MX_ConicalEDF.uexp" 219
"../../../Engine/Plugins/Interchange/Assets/Content/Functions/MX_ConductorBSDF.uasset" 220
"../../../Engine/Plugins/Interchange/Assets/Content/Functions/MX_ConductorBSDF.uexp" 221
"../../../Engine/Plugins/Interchange/Assets/Content/Functions/MX_BurleyDiffuseBSDF.uasset" 222
"../../../Engine/Plugins/Interchange/Assets/Content/Functions/MX_BurleyDiffuseBSDF.uexp" 223
"../../../Engine/Plugins/Interchange/Assets/Content/Functions/MX_AnisotropicVDF.uasset" 224
"../../../Engine/Plugins/Interchange/Assets/Content/Functions/MX_AnisotropicVDF.uexp" 225
"../../../Engine/Plugins/Interchange/Assets/Content/Functions/MX_AbsorptionVDF.uasset" 226
"../../../Engine/Plugins/Interchange/Assets/Content/Functions/MX_AbsorptionVDF.uexp" 227
"../../../Engine/Plugins/Editor/SpeedTreeImporter/Content/SpeedTree9/game_wind_noise.ubulk" 228
"../../../Engine/Plugins/Editor/SpeedTreeImporter/Content/SpeedTree9/game_wind_noise.uasset" 229
"../../../Engine/Plugins/Editor/SpeedTreeImporter/Content/SpeedTree9/game_wind_noise.uexp" 230
"../../../Engine/Plugins/Editor/SpeedTreeImporter/Content/SpeedTree9/UnpackDirection.uasset" 231
"../../../Engine/Plugins/Editor/SpeedTreeImporter/Content/SpeedTree9/UnpackDirection.uexp" 232
"../../../Engine/Content/Functions/Engine_MaterialFunctions02/ObjectLocalBounds.uasset" 233
"../../../Engine/Content/Functions/Engine_MaterialFunctions02/ObjectLocalBounds.uexp" 234
"../../../Engine/Content/Functions/Engine_MaterialFunctions02/Utility/BreakOutFloat3Components.uasset" 235
"../../../Engine/Content/Functions/Engine_MaterialFunctions02/Utility/BreakOutFloat3Components.uexp" 236
"../../../Engine/Content/Functions/Engine_MaterialFunctions02/UVs/BoundingBoxBased_0-1_UVW.uasset" 237
"../../../Engine/Content/Functions/Engine_MaterialFunctions02/UVs/BoundingBoxBased_0-1_UVW.uexp" 238
"../../../Engine/Plugins/Editor/SpeedTreeImporter/Content/SpeedTree9/UnpackInteger3.uasset" 239
"../../../Engine/Plugins/Editor/SpeedTreeImporter/Content/SpeedTree9/UnpackInteger3.uexp" 240
"../../../Engine/Plugins/Editor/SpeedTreeImporter/Content/SpeedTree9/SpeedTreeCameraFacing.uasset" 241
"../../../Engine/Plugins/Editor/SpeedTreeImporter/Content/SpeedTree9/SpeedTreeCameraFacing.uexp" 242
"../../../Engine/Content/Functions/Engine_MaterialFunctions02/WorldPositionOffset/ObjectScale.uasset" 243
"../../../Engine/Content/Functions/Engine_MaterialFunctions02/WorldPositionOffset/ObjectScale.uexp" 244
"../../../Engine/Content/Functions/Engine_MaterialFunctions02/SafeNormalize.uasset" 245
"../../../Engine/Content/Functions/Engine_MaterialFunctions02/SafeNormalize.uexp" 246
"../../../Engine/Plugins/Editor/SpeedTreeImporter/Content/SpeedTree9/SpeedTreeWindMotion.uasset" 247
"../../../Engine/Plugins/Editor/SpeedTreeImporter/Content/SpeedTree9/SpeedTreeWindMotion.uexp" 248
"../../../Engine/Plugins/Editor/SpeedTreeImporter/Content/SpeedTree9/SpeedTreeBranchMotion.uasset" 249
"../../../Engine/Plugins/Editor/SpeedTreeImporter/Content/SpeedTree9/SpeedTreeBranchMotion.uexp" 250
"../../../Engine/Plugins/Editor/SpeedTreeImporter/Content/SpeedTree9/SpeedTreeWind.uasset" 251
"../../../Engine/Plugins/Editor/SpeedTreeImporter/Content/SpeedTree9/SpeedTreeWind.uexp" 252
"../../../Engine/Plugins/Editor/SpeedTreeImporter/Content/SpeedTree9/EmptyNormal.uasset" 253
"../../../Engine/Plugins/Editor/SpeedTreeImporter/Content/SpeedTree9/EmptyNormal.uexp" 254
"../../../Engine/Plugins/Editor/SpeedTreeImporter/Content/SpeedTree9/Empty.uasset" 255
"../../../Engine/Plugins/Editor/SpeedTreeImporter/Content/SpeedTree9/Empty.uexp" 256
"../../../Engine/Plugins/Editor/SpeedTreeImporter/Content/SpeedTree9/SpeedTreeMaster.uasset" 257
"../../../Engine/Plugins/Editor/SpeedTreeImporter/Content/SpeedTree9/SpeedTreeMaster.uexp" 258
"../../../Engine/Plugins/Editor/SpeedTreeImporter/Content/SpeedTree9/SpeedTreeBillboard.uasset" 259
"../../../Engine/Plugins/Editor/SpeedTreeImporter/Content/SpeedTree9/SpeedTreeBillboard.uexp" 260
"../../../Engine/Plugins/Editor/SpeedTreeImporter/Content/SpeedTree9/SpeedTreeBillboardMaster.uasset" 261
"../../../Engine/Plugins/Editor/SpeedTreeImporter/Content/SpeedTree9/SpeedTreeBillboardMaster.uexp" 262
"../../../Engine/Content/Functions/Engine_MaterialFunctions02/WorldPositionOffset/CameraOffset.uasset" 263
"../../../Engine/Content/Functions/Engine_MaterialFunctions02/WorldPositionOffset/CameraOffset.uexp" 264
"../../../Engine/Plugins/Animation/ControlRig/Content/M_Manip.uasset" 265
"../../../Engine/Plugins/Animation/ControlRig/Content/M_Manip.uexp" 266
"../../../Engine/Plugins/Animation/ControlRig/Content/Controls/ControlRig_Wedge_solid.ubulk" 267
"../../../Engine/Plugins/Animation/ControlRig/Content/Controls/ControlRig_Wedge_solid.uasset" 268
"../../../Engine/Plugins/Animation/ControlRig/Content/Controls/ControlRig_Wedge_solid.uexp" 269
"../../../Engine/Plugins/Animation/ControlRig/Content/Controls/ControlRig_Wedge_3mm.ubulk" 270
"../../../Engine/Plugins/Animation/ControlRig/Content/Controls/ControlRig_Wedge_3mm.uasset" 271
"../../../Engine/Plugins/Animation/ControlRig/Content/Controls/ControlRig_Wedge_3mm.uexp" 272
"../../../Engine/Plugins/Animation/ControlRig/Content/Controls/ControlRig_Wedge_1mm.ubulk" 273
"../../../Engine/Plugins/Animation/ControlRig/Content/Controls/ControlRig_Wedge_1mm.uasset" 274
"../../../Engine/Plugins/Animation/ControlRig/Content/Controls/ControlRig_Wedge_1mm.uexp" 275
"../../../Engine/Plugins/Animation/ControlRig/Content/Controls/ControlRig_Triangle_solid.ubulk" 276
"../../../Engine/Plugins/Animation/ControlRig/Content/Controls/ControlRig_Triangle_solid.uasset" 277
"../../../Engine/Plugins/Animation/ControlRig/Content/Controls/ControlRig_Triangle_solid.uexp" 278
"../../../Engine/Plugins/Animation/ControlRig/Content/Controls/ControlRig_Triangle_3mm.ubulk" 279
"../../../Engine/Plugins/Animation/ControlRig/Content/Controls/ControlRig_Triangle_3mm.uasset" 280
"../../../Engine/Plugins/Animation/ControlRig/Content/Controls/ControlRig_Triangle_3mm.uexp" 281
"../../../Engine/Plugins/Animation/ControlRig/Content/Controls/ControlRig_Triangle_1mm.ubulk" 282
"../../../Engine/Plugins/Animation/ControlRig/Content/Controls/ControlRig_Triangle_1mm.uasset" 283
"../../../Engine/Plugins/Animation/ControlRig/Content/Controls/ControlRig_Triangle_1mm.uexp" 284
"../../../Engine/Plugins/Animation/ControlRig/Content/Controls/ControlRig_Star4_solid.ubulk" 285
"../../../Engine/Plugins/Animation/ControlRig/Content/Controls/ControlRig_Star4_solid.uasset" 286
"../../../Engine/Plugins/Animation/ControlRig/Content/Controls/ControlRig_Star4_solid.uexp" 287
"../../../Engine/Plugins/Animation/ControlRig/Content/Controls/ControlRig_Star4_3mm.ubulk" 288
"../../../Engine/Plugins/Animation/ControlRig/Content/Controls/ControlRig_Star4_3mm.uasset" 289
"../../../Engine/Plugins/Animation/ControlRig/Content/Controls/ControlRig_Star4_3mm.uexp" 290
"../../../Engine/Plugins/Animation/ControlRig/Content/Controls/ControlRig_Star4_1mm.ubulk" 291
"../../../Engine/Plugins/Animation/ControlRig/Content/Controls/ControlRig_Star4_1mm.uasset" 292
"../../../Engine/Plugins/Animation/ControlRig/Content/Controls/ControlRig_Star4_1mm.uexp" 293
"../../../Engine/Plugins/Animation/ControlRig/Content/Controls/ControlRig_Square_solid.ubulk" 294
"../../../Engine/Plugins/Animation/ControlRig/Content/Controls/ControlRig_Square_solid.uasset" 295
"../../../Engine/Plugins/Animation/ControlRig/Content/Controls/ControlRig_Square_solid.uexp" 296
"../../../Engine/Plugins/Animation/ControlRig/Content/Controls/ControlRig_Square_3mm.ubulk" 297
"../../../Engine/Plugins/Animation/ControlRig/Content/Controls/ControlRig_Square_3mm.uasset" 298
"../../../Engine/Plugins/Animation/ControlRig/Content/Controls/ControlRig_Square_3mm.uexp" 299
"../../../Engine/Plugins/Animation/ControlRig/Content/Controls/ControlRig_Square_1mm.ubulk" 300
"../../../Engine/Plugins/Animation/ControlRig/Content/Controls/ControlRig_Square_1mm.uasset" 301
"../../../Engine/Plugins/Animation/ControlRig/Content/Controls/ControlRig_Square_1mm.uexp" 302
"../../../Engine/Plugins/Animation/ControlRig/Content/Controls/ControlRig_Sphere_solid.ubulk" 303
"../../../Engine/Plugins/Animation/ControlRig/Content/Controls/ControlRig_Sphere_solid.uasset" 304
"../../../Engine/Plugins/Animation/ControlRig/Content/Controls/ControlRig_Sphere_solid.uexp" 305
"../../../Engine/Plugins/Animation/ControlRig/Content/Controls/ControlRig_Sphere_3mm.ubulk" 306
"../../../Engine/Plugins/Animation/ControlRig/Content/Controls/ControlRig_Sphere_3mm.uasset" 307
"../../../Engine/Plugins/Animation/ControlRig/Content/Controls/ControlRig_Sphere_3mm.uexp" 308
"../../../Engine/Plugins/Animation/ControlRig/Content/Controls/ControlRig_Sphere_1mm.ubulk" 309
"../../../Engine/Plugins/Animation/ControlRig/Content/Controls/ControlRig_Sphere_1mm.uasset" 310
"../../../Engine/Plugins/Animation/ControlRig/Content/Controls/ControlRig_Sphere_1mm.uexp" 311
"../../../Engine/Plugins/Animation/ControlRig/Content/Controls/ControlRig_RoundedTriangle_solid.ubulk" 312
"../../../Engine/Plugins/Animation/ControlRig/Content/Controls/ControlRig_RoundedTriangle_solid.uasset" 313
"../../../Engine/Plugins/Animation/ControlRig/Content/Controls/ControlRig_RoundedTriangle_solid.uexp" 314
"../../../Engine/Plugins/Animation/ControlRig/Content/Controls/ControlRig_RoundedTriangle_3mm.ubulk" 315
"../../../Engine/Plugins/Animation/ControlRig/Content/Controls/ControlRig_RoundedTriangle_3mm.uasset" 316
"../../../Engine/Plugins/Animation/ControlRig/Content/Controls/ControlRig_RoundedTriangle_3mm.uexp" 317
"../../../Engine/Plugins/Animation/ControlRig/Content/Controls/ControlRig_RoundedTriangle_1mm.ubulk" 318
"../../../Engine/Plugins/Animation/ControlRig/Content/Controls/ControlRig_RoundedTriangle_1mm.uasset" 319
"../../../Engine/Plugins/Animation/ControlRig/Content/Controls/ControlRig_RoundedTriangle_1mm.uexp" 320
"../../../Engine/Plugins/Animation/ControlRig/Content/Controls/ControlRig_RoundedSquare_solid.ubulk" 321
"../../../Engine/Plugins/Animation/ControlRig/Content/Controls/ControlRig_RoundedSquare_solid.uasset" 322
"../../../Engine/Plugins/Animation/ControlRig/Content/Controls/ControlRig_RoundedSquare_solid.uexp" 323
"../../../Engine/Plugins/Animation/ControlRig/Content/Controls/ControlRig_RoundedSquare_3mm.ubulk" 324
"../../../Engine/Plugins/Animation/ControlRig/Content/Controls/ControlRig_RoundedSquare_3mm.uasset" 325
"../../../Engine/Plugins/Animation/ControlRig/Content/Controls/ControlRig_RoundedSquare_3mm.uexp" 326
"../../../Engine/Plugins/Animation/ControlRig/Content/Controls/ControlRig_RoundedSquare_1mm.ubulk" 327
"../../../Engine/Plugins/Animation/ControlRig/Content/Controls/ControlRig_RoundedSquare_1mm.uasset" 328
"../../../Engine/Plugins/Animation/ControlRig/Content/Controls/ControlRig_RoundedSquare_1mm.uexp" 329
"../../../Engine/Plugins/Animation/ControlRig/Content/Controls/ControlRig_QuarterCircle_solid.ubulk" 330
"../../../Engine/Plugins/Animation/ControlRig/Content/Controls/ControlRig_QuarterCircle_solid.uasset" 331
"../../../Engine/Plugins/Animation/ControlRig/Content/Controls/ControlRig_QuarterCircle_solid.uexp" 332
"../../../Engine/Plugins/Animation/ControlRig/Content/Controls/ControlRig_QuarterCircle_3mm.ubulk" 333
"../../../Engine/Plugins/Animation/ControlRig/Content/Controls/ControlRig_QuarterCircle_3mm.uasset" 334
"../../../Engine/Plugins/Animation/ControlRig/Content/Controls/ControlRig_QuarterCircle_3mm.uexp" 335
"../../../Engine/Plugins/Animation/ControlRig/Content/Controls/ControlRig_QuarterCircle_1mm.ubulk" 336
"../../../Engine/Plugins/Animation/ControlRig/Content/Controls/ControlRig_QuarterCircle_1mm.uasset" 337
"../../../Engine/Plugins/Animation/ControlRig/Content/Controls/ControlRig_QuarterCircle_1mm.uexp" 338
"../../../Engine/Plugins/Animation/ControlRig/Content/Controls/ControlRig_Pyramid_solid.ubulk" 339
"../../../Engine/Plugins/Animation/ControlRig/Content/Controls/ControlRig_Pyramid_solid.uasset" 340
"../../../Engine/Plugins/Animation/ControlRig/Content/Controls/ControlRig_Pyramid_solid.uexp" 341
"../../../Engine/Plugins/Animation/ControlRig/Content/Controls/ControlRig_Pyramid_3mm.ubulk" 342
"../../../Engine/Plugins/Animation/ControlRig/Content/Controls/ControlRig_Pyramid_3mm.uasset" 343
"../../../Engine/Plugins/Animation/ControlRig/Content/Controls/ControlRig_Pyramid_3mm.uexp" 344
"../../../Engine/Plugins/Animation/ControlRig/Content/Controls/ControlRig_Pyramid_1mm.ubulk" 345
"../../../Engine/Plugins/Animation/ControlRig/Content/Controls/ControlRig_Pyramid_1mm.uasset" 346
"../../../Engine/Plugins/Animation/ControlRig/Content/Controls/ControlRig_Pyramid_1mm.uexp" 347
"../../../Engine/Plugins/Animation/ControlRig/Content/Controls/ControlRig_Octagon_solid.ubulk" 348
"../../../Engine/Plugins/Animation/ControlRig/Content/Controls/ControlRig_Octagon_solid.uasset" 349
"../../../Engine/Plugins/Animation/ControlRig/Content/Controls/ControlRig_Octagon_solid.uexp" 350
"../../../Engine/Plugins/Animation/ControlRig/Content/Controls/ControlRig_Octagon_3mm.ubulk" 351
"../../../Engine/Plugins/Animation/ControlRig/Content/Controls/ControlRig_Octagon_3mm.uasset" 352
"../../../Engine/Plugins/Animation/ControlRig/Content/Controls/ControlRig_Octagon_3mm.uexp" 353
"../../../Engine/Plugins/Animation/ControlRig/Content/Controls/ControlRig_Octagon_1mm.ubulk" 354
"../../../Engine/Plugins/Animation/ControlRig/Content/Controls/ControlRig_Octagon_1mm.uasset" 355
"../../../Engine/Plugins/Animation/ControlRig/Content/Controls/ControlRig_Octagon_1mm.uexp" 356
"../../../Engine/Plugins/Animation/ControlRig/Content/Controls/ControlRig_Hexagon_solid.ubulk" 357
"../../../Engine/Plugins/Animation/ControlRig/Content/Controls/ControlRig_Hexagon_solid.uasset" 358
"../../../Engine/Plugins/Animation/ControlRig/Content/Controls/ControlRig_Hexagon_solid.uexp" 359
"../../../Engine/Plugins/Animation/ControlRig/Content/Controls/ControlRig_Hexagon_3mm.ubulk" 360
"../../../Engine/Plugins/Animation/ControlRig/Content/Controls/ControlRig_Hexagon_3mm.uasset" 361
"../../../Engine/Plugins/Animation/ControlRig/Content/Controls/ControlRig_Hexagon_3mm.uexp" 362
"../../../Engine/Plugins/Animation/ControlRig/Content/Controls/ControlRig_Hexagon_1mm.ubulk" 363
"../../../Engine/Plugins/Animation/ControlRig/Content/Controls/ControlRig_Hexagon_1mm.uasset" 364
"../../../Engine/Plugins/Animation/ControlRig/Content/Controls/ControlRig_Hexagon_1mm.uexp" 365
"../../../Engine/Plugins/Animation/ControlRig/Content/Controls/ControlRig_HalfCircle_solid.ubulk" 366
"../../../Engine/Plugins/Animation/ControlRig/Content/Controls/ControlRig_HalfCircle_solid.uasset" 367
"../../../Engine/Plugins/Animation/ControlRig/Content/Controls/ControlRig_HalfCircle_solid.uexp" 368
"../../../Engine/Plugins/Animation/ControlRig/Content/Controls/ControlRig_HalfCircle_3mm.ubulk" 369
"../../../Engine/Plugins/Animation/ControlRig/Content/Controls/ControlRig_HalfCircle_3mm.uasset" 370
"../../../Engine/Plugins/Animation/ControlRig/Content/Controls/ControlRig_HalfCircle_3mm.uexp" 371
"../../../Engine/Plugins/Animation/ControlRig/Content/Controls/ControlRig_HalfCircle_1mm.ubulk" 372
"../../../Engine/Plugins/Animation/ControlRig/Content/Controls/ControlRig_HalfCircle_1mm.uasset" 373
"../../../Engine/Plugins/Animation/ControlRig/Content/Controls/ControlRig_HalfCircle_1mm.uexp" 374
"../../../Engine/Plugins/Animation/ControlRig/Content/Controls/ControlRig_Diamond_solid.ubulk" 375
"../../../Engine/Plugins/Animation/ControlRig/Content/Controls/ControlRig_Diamond_solid.uasset" 376
"../../../Engine/Plugins/Animation/ControlRig/Content/Controls/ControlRig_Diamond_solid.uexp" 377
"../../../Engine/Plugins/Animation/ControlRig/Content/Controls/ControlRig_Diamond_3mm.ubulk" 378
"../../../Engine/Plugins/Animation/ControlRig/Content/Controls/ControlRig_Diamond_3mm.uasset" 379
"../../../Engine/Plugins/Animation/ControlRig/Content/Controls/ControlRig_Diamond_3mm.uexp" 380
"../../../Engine/Plugins/Animation/ControlRig/Content/Controls/ControlRig_Diamond_1mm.ubulk" 381
"../../../Engine/Plugins/Animation/ControlRig/Content/Controls/ControlRig_Diamond_1mm.uasset" 382
"../../../Engine/Plugins/Animation/ControlRig/Content/Controls/ControlRig_Diamond_1mm.uexp" 383
"../../../Engine/Plugins/Animation/ControlRig/Content/Controls/ControlRig_Circle_solid.ubulk" 384
"../../../Engine/Plugins/Animation/ControlRig/Content/Controls/ControlRig_Circle_solid.uasset" 385
"../../../Engine/Plugins/Animation/ControlRig/Content/Controls/ControlRig_Circle_solid.uexp" 386
"../../../Engine/Plugins/Animation/ControlRig/Content/Controls/ControlRig_Circle_3mm.ubulk" 387
"../../../Engine/Plugins/Animation/ControlRig/Content/Controls/ControlRig_Circle_3mm.uasset" 388
"../../../Engine/Plugins/Animation/ControlRig/Content/Controls/ControlRig_Circle_3mm.uexp" 389
"../../../Engine/Plugins/Animation/ControlRig/Content/Controls/ControlRig_Circle_1mm.ubulk" 390
"../../../Engine/Plugins/Animation/ControlRig/Content/Controls/ControlRig_Circle_1mm.uasset" 391
"../../../Engine/Plugins/Animation/ControlRig/Content/Controls/ControlRig_Circle_1mm.uexp" 392
"../../../Engine/Plugins/Animation/ControlRig/Content/Controls/ControlRig_Box_solid.ubulk" 393
"../../../Engine/Plugins/Animation/ControlRig/Content/Controls/ControlRig_Box_solid.uasset" 394
"../../../Engine/Plugins/Animation/ControlRig/Content/Controls/ControlRig_Box_solid.uexp" 395
"../../../Engine/Plugins/Animation/ControlRig/Content/Controls/ControlRig_Box_3mm.ubulk" 396
"../../../Engine/Plugins/Animation/ControlRig/Content/Controls/ControlRig_Box_3mm.uasset" 397
"../../../Engine/Plugins/Animation/ControlRig/Content/Controls/ControlRig_Box_3mm.uexp" 398
"../../../Engine/Plugins/Animation/ControlRig/Content/Controls/ControlRig_Box_1mm.ubulk" 399
"../../../Engine/Plugins/Animation/ControlRig/Content/Controls/ControlRig_Box_1mm.uasset" 400
"../../../Engine/Plugins/Animation/ControlRig/Content/Controls/ControlRig_Box_1mm.uexp" 401
"../../../Engine/Plugins/Animation/ControlRig/Content/Controls/ControlRig_Arrow_solid.ubulk" 402
"../../../Engine/Plugins/Animation/ControlRig/Content/Controls/ControlRig_Arrow_solid.uasset" 403
"../../../Engine/Plugins/Animation/ControlRig/Content/Controls/ControlRig_Arrow_solid.uexp" 404
"../../../Engine/Plugins/Animation/ControlRig/Content/Controls/ControlRig_Arrow_3mm.ubulk" 405
"../../../Engine/Plugins/Animation/ControlRig/Content/Controls/ControlRig_Arrow_3mm.uasset" 406
"../../../Engine/Plugins/Animation/ControlRig/Content/Controls/ControlRig_Arrow_3mm.uexp" 407
"../../../Engine/Plugins/Animation/ControlRig/Content/Controls/ControlRig_Arrow_1mm.ubulk" 408
"../../../Engine/Plugins/Animation/ControlRig/Content/Controls/ControlRig_Arrow_1mm.uasset" 409
"../../../Engine/Plugins/Animation/ControlRig/Content/Controls/ControlRig_Arrow_1mm.uexp" 410
"../../../Engine/Plugins/Animation/ControlRig/Content/Controls/ControlRig_Arrow4_solid.ubulk" 411
"../../../Engine/Plugins/Animation/ControlRig/Content/Controls/ControlRig_Arrow4_solid.uasset" 412
"../../../Engine/Plugins/Animation/ControlRig/Content/Controls/ControlRig_Arrow4_solid.uexp" 413
"../../../Engine/Plugins/Animation/ControlRig/Content/Controls/ControlRig_Arrow4_3mm.ubulk" 414
"../../../Engine/Plugins/Animation/ControlRig/Content/Controls/ControlRig_Arrow4_3mm.uasset" 415
"../../../Engine/Plugins/Animation/ControlRig/Content/Controls/ControlRig_Arrow4_3mm.uexp" 416
"../../../Engine/Plugins/Animation/ControlRig/Content/Controls/ControlRig_Arrow4_1mm.ubulk" 417
"../../../Engine/Plugins/Animation/ControlRig/Content/Controls/ControlRig_Arrow4_1mm.uasset" 418
"../../../Engine/Plugins/Animation/ControlRig/Content/Controls/ControlRig_Arrow4_1mm.uexp" 419
"../../../Engine/Plugins/Animation/ControlRig/Content/Controls/ControlRig_Arrow2_solid.ubulk" 420
"../../../Engine/Plugins/Animation/ControlRig/Content/Controls/ControlRig_Arrow2_solid.uasset" 421
"../../../Engine/Plugins/Animation/ControlRig/Content/Controls/ControlRig_Arrow2_solid.uexp" 422
"../../../Engine/Plugins/Animation/ControlRig/Content/Controls/ControlRig_Arrow2_3mm.ubulk" 423
"../../../Engine/Plugins/Animation/ControlRig/Content/Controls/ControlRig_Arrow2_3mm.uasset" 424
"../../../Engine/Plugins/Animation/ControlRig/Content/Controls/ControlRig_Arrow2_3mm.uexp" 425
"../../../Engine/Plugins/Animation/ControlRig/Content/Controls/ControlRig_Arrow2_1mm.ubulk" 426
"../../../Engine/Plugins/Animation/ControlRig/Content/Controls/ControlRig_Arrow2_1mm.uasset" 427
"../../../Engine/Plugins/Animation/ControlRig/Content/Controls/ControlRig_Arrow2_1mm.uexp" 428
"../../../Engine/Plugins/Animation/ControlRig/Content/Controls/ControlRigXRayMaterial.uasset" 429
"../../../Engine/Plugins/Animation/ControlRig/Content/Controls/ControlRigXRayMaterial.uexp" 430
"../../../Engine/Plugins/Animation/ControlRig/Content/Controls/ControlRigGizmoMaterial.uasset" 431
"../../../Engine/Plugins/Animation/ControlRig/Content/Controls/ControlRigGizmoMaterial.uexp" 432
"../../../Engine/Plugins/2D/Paper2D/Content/DefaultSpriteMaterial.uasset" 433
"../../../Engine/Plugins/2D/Paper2D/Content/DefaultSpriteMaterial.uexp" 434
"../../../Engine/Plugins/2D/Paper2D/Content/OpaqueUnlitSpriteMaterial.uasset" 435
"../../../Engine/Plugins/2D/Paper2D/Content/OpaqueUnlitSpriteMaterial.uexp" 436
"../../../Engine/Plugins/2D/Paper2D/Content/MaskedUnlitSpriteMaterial.uasset" 437
"../../../Engine/Plugins/2D/Paper2D/Content/MaskedUnlitSpriteMaterial.uexp" 438
"../../../Engine/Content/EngineResources/GradientTexture0.uasset" 439
"../../../Engine/Content/EngineResources/GradientTexture0.uexp" 440
"../../../Engine/Content/EngineResources/Black.uasset" 441
"../../../Engine/Content/EngineResources/Black.uexp" 442
"../../../Engine/Content/EngineResources/WhiteSquareTexture.uasset" 443
"../../../Engine/Content/EngineResources/WhiteSquareTexture.uexp" 444
"../../../Engine/Content/EngineMaterials/Widget3DPassThrough.uasset" 445
"../../../Engine/Content/EngineMaterials/Widget3DPassThrough.uexp" 446
"../../../Engine/Content/EngineMaterials/Widget3DPassThrough_Translucent.uasset" 447
"../../../Engine/Content/EngineMaterials/Widget3DPassThrough_Translucent.uexp" 448
"../../../Engine/Content/EngineMaterials/Widget3DPassThrough_Translucent_OneSided.uasset" 449
"../../../Engine/Content/EngineMaterials/Widget3DPassThrough_Translucent_OneSided.uexp" 450
"../../../Engine/Content/EngineMaterials/Widget3DPassThrough_Opaque.uasset" 451
"../../../Engine/Content/EngineMaterials/Widget3DPassThrough_Opaque.uexp" 452
"../../../Engine/Content/EngineMaterials/Widget3DPassThrough_Opaque_OneSided.uasset" 453
"../../../Engine/Content/EngineMaterials/Widget3DPassThrough_Opaque_OneSided.uexp" 454
"../../../Engine/Content/EngineMaterials/Widget3DPassThrough_Masked_OneSided.uasset" 455
"../../../Engine/Content/EngineMaterials/Widget3DPassThrough_Masked_OneSided.uexp" 456
"../../../Engine/Content/EngineMaterials/Widget3DPassThrough_Masked.uasset" 457
"../../../Engine/Content/EngineMaterials/Widget3DPassThrough_Masked.uexp" 458
"../../../Engine/Content/EngineMaterials/WeightMapPlaceholderTexture.uasset" 459
"../../../Engine/Content/EngineMaterials/WeightMapPlaceholderTexture.uexp" 460
"../../../Engine/Content/EngineMaterials/WeightMapArrayPlaceholderTexture.uasset" 461
"../../../Engine/Content/EngineMaterials/WeightMapArrayPlaceholderTexture.uexp" 462
"../../../Engine/Content/EngineMaterials/RemoveSurfaceMaterial.uasset" 463
"../../../Engine/Content/EngineMaterials/RemoveSurfaceMaterial.uexp" 464
"../../../Engine/Content/EngineMaterials/PreintegratedSkinBRDF.uasset" 465
"../../../Engine/Content/EngineMaterials/PreintegratedSkinBRDF.uexp" 466
"../../../Engine/Content/EngineMaterials/DefaultCalibrationGrayscale.uasset" 467
"../../../Engine/Content/EngineMaterials/DefaultCalibrationGrayscale.uexp" 468
"../../../Engine/Content/EngineMaterials/PPM_DefaultCalibrationGrayscale.uasset" 469
"../../../Engine/Content/EngineMaterials/PPM_DefaultCalibrationGrayscale.uexp" 470
"../../../Engine/Content/EngineMaterials/DefaultCalibrationColor.uasset" 471
"../../../Engine/Content/EngineMaterials/DefaultCalibrationColor.uexp" 472
"../../../Engine/Content/EngineMaterials/PPM_DefaultCalibrationColor.uasset" 473
"../../../Engine/Content/EngineMaterials/PPM_DefaultCalibrationColor.uexp" 474
"../../../Engine/Content/EngineMaterials/PhAT_JointLimitMaterial.uasset" 475
"../../../Engine/Content/EngineMaterials/PhAT_JointLimitMaterial.uexp" 476
"../../../Engine/Content/EngineMaterials/NaniteHiddenSectionMaterial.uasset" 477
"../../../Engine/Content/EngineMaterials/NaniteHiddenSectionMaterial.uexp" 478
"../../../Engine/Content/EngineMaterials/InvalidLightmapSettings.ubulk" 479
"../../../Engine/Content/EngineMaterials/InvalidLightmapSettings.uasset" 480
"../../../Engine/Content/EngineMaterials/InvalidLightmapSettings.uexp" 481
"../../../Engine/Content/EngineMaterials/M_InvalidLightmapSettings.uasset" 482
"../../../Engine/Content/EngineMaterials/M_InvalidLightmapSettings.uexp" 483
"../../../Engine/Content/EngineMaterials/MiniFont.uasset" 484
"../../../Engine/Content/EngineMaterials/MiniFont.uexp" 485
"../../../Engine/Content/EngineMaterials/GizmoMaterial.uasset" 486
"../../../Engine/Content/EngineMaterials/GizmoMaterial.uexp" 487
"../../../Engine/Content/EngineMaterials/BaseFlattenEmissiveMap_VT.uasset" 488
"../../../Engine/Content/EngineMaterials/BaseFlattenEmissiveMap_VT.uexp" 489
"../../../Engine/Content/EngineMaterials/BaseFlattenGrayscaleMap_VT.uasset" 490
"../../../Engine/Content/EngineMaterials/BaseFlattenGrayscaleMap_VT.uexp" 491
"../../../Engine/Content/EngineMaterials/BaseFlattenLinearColor_VT.uasset" 492
"../../../Engine/Content/EngineMaterials/BaseFlattenLinearColor_VT.uexp" 493
"../../../Engine/Content/EngineMaterials/Black_1x1_EXR_Texture_VT.uasset" 494
"../../../Engine/Content/EngineMaterials/Black_1x1_EXR_Texture_VT.uexp" 495
"../../../Engine/Content/EngineMaterials/BaseFlattenDiffuseMap_VT.uasset" 496
"../../../Engine/Content/EngineMaterials/BaseFlattenDiffuseMap_VT.uexp" 497
"../../../Engine/Content/EngineMaterials/BaseFlattenNormalMap_VT.uasset" 498
"../../../Engine/Content/EngineMaterials/BaseFlattenNormalMap_VT.uexp" 499
"../../../Engine/Content/EngineMaterials/FlattenMaterial_WS_Normal_VT.uasset" 500
"../../../Engine/Content/EngineMaterials/FlattenMaterial_WS_Normal_VT.uexp" 501
"../../../Engine/Content/EngineMaterials/FlattenMaterial_VT.uasset" 502
"../../../Engine/Content/EngineMaterials/FlattenMaterial_VT.uexp" 503
"../../../Engine/Content/EngineMaterials/BaseFlattenNormalMap.uasset" 504
"../../../Engine/Content/EngineMaterials/BaseFlattenNormalMap.uexp" 505
"../../../Engine/Content/EngineMaterials/BaseFlattenGrayscaleMap.uasset" 506
"../../../Engine/Content/EngineMaterials/BaseFlattenGrayscaleMap.uexp" 507
"../../../Engine/Content/EngineMaterials/BaseFlattenDiffuseMap.uasset" 508
"../../../Engine/Content/EngineMaterials/BaseFlattenDiffuseMap.uexp" 509
"../../../Engine/Content/Functions/Engine_MaterialFunctions02/PivotPainter2/Black_1x1_EXR_Texture.uasset" 510
"../../../Engine/Content/Functions/Engine_MaterialFunctions02/PivotPainter2/Black_1x1_EXR_Texture.uexp" 511
"../../../Engine/Content/EngineMaterials/BaseFlattenEmissiveMap.uasset" 512
"../../../Engine/Content/EngineMaterials/BaseFlattenEmissiveMap.uexp" 513
"../../../Engine/Content/EngineMaterials/BaseFlattenLinearColor.uasset" 514
"../../../Engine/Content/EngineMaterials/BaseFlattenLinearColor.uexp" 515
"../../../Engine/Content/EngineMaterials/FlattenMaterial.uasset" 516
"../../../Engine/Content/EngineMaterials/FlattenMaterial.uexp" 517
"../../../Engine/Content/EngineMaterials/FastBlueNoise_vec2_128x128x64.uasset" 518
"../../../Engine/Content/EngineMaterials/FastBlueNoise_vec2_128x128x64.uexp" 519
"../../../Engine/Content/EngineMaterials/FastBlueNoise_scalar_128x128x64.uasset" 520
"../../../Engine/Content/EngineMaterials/FastBlueNoise_scalar_128x128x64.uexp" 521
"../../../Engine/Content/EngineMaterials/DefaultWhiteGrid_Low.uasset" 522
"../../../Engine/Content/EngineMaterials/DefaultWhiteGrid_Low.uexp" 523
"../../../Engine/Content/EngineMaterials/EmissiveMeshMaterial.uasset" 524
"../../../Engine/Content/EngineMaterials/EmissiveMeshMaterial.uexp" 525
"../../../Engine/Content/EngineMaterials/DefaultWhiteGrid.ubulk" 526
"../../../Engine/Content/EngineMaterials/DefaultWhiteGrid.uasset" 527
"../../../Engine/Content/EngineMaterials/DefaultWhiteGrid.uexp" 528
"../../../Engine/Content/EngineFonts/RobotoDistanceField.uasset" 529
"../../../Engine/Content/EngineFonts/RobotoDistanceField.uexp" 530
"../../../Engine/Content/EngineMaterials/DefaultTextMaterialOpaque.uasset" 531
"../../../Engine/Content/EngineMaterials/DefaultTextMaterialOpaque.uexp" 532
"../../../Engine/Content/EngineMaterials/DefaultDiffuse.ubulk" 533
"../../../Engine/Content/EngineMaterials/DefaultDiffuse.uasset" 534
"../../../Engine/Content/EngineMaterials/DefaultDiffuse.uexp" 535
"../../../Engine/Content/EngineMaterials/DefaultPostProcessMaterial.uasset" 536
"../../../Engine/Content/EngineMaterials/DefaultPostProcessMaterial.uexp" 537
"../../../Engine/Content/EngineMaterials/DefaultLightFunctionMaterial.uasset" 538
"../../../Engine/Content/EngineMaterials/DefaultLightFunctionMaterial.uexp" 539
"../../../Engine/Content/EngineMaterials/DefaultDeferredDecalMaterial.uasset" 540
"../../../Engine/Content/EngineMaterials/DefaultDeferredDecalMaterial.uexp" 541
"../../../Engine/Content/EngineMaterials/DefaultBokeh.uasset" 542
"../../../Engine/Content/EngineMaterials/DefaultBokeh.uexp" 543
"../../../Engine/Content/EngineMaterials/DefaultBloomKernel.uasset" 544
"../../../Engine/Content/EngineMaterials/DefaultBloomKernel.uexp" 545
"../../../Engine/Content/Functions/Engine_MaterialFunctions02/Utility/CameraDirectionVector.uasset" 546
"../../../Engine/Content/Functions/Engine_MaterialFunctions02/Utility/CameraDirectionVector.uexp" 547
"../../../Engine/Content/EngineDebugMaterials/VolumeToRender.uasset" 548
"../../../Engine/Content/EngineDebugMaterials/VolumeToRender.uexp" 549
"../../../Engine/Content/EngineDebugMaterials/M_VolumeRenderSphereTracePP.uasset" 550
"../../../Engine/Content/EngineDebugMaterials/M_VolumeRenderSphereTracePP.uexp" 551
"../../../Engine/Content/EngineDebugMaterials/M_SimpleUnlitTranslucent.uasset" 552
"../../../Engine/Content/EngineDebugMaterials/M_SimpleUnlitTranslucent.uexp" 553
"../../../Engine/Content/EngineDebugMaterials/DebugMeshMaterial.uasset" 554
"../../../Engine/Content/EngineDebugMaterials/DebugMeshMaterial.uexp" 555
"../../../Engine/Content/EngineDebugMaterials/DebugEditorMaterial.uasset" 556
"../../../Engine/Content/EngineDebugMaterials/DebugEditorMaterial.uexp" 557
"../../../Engine/Content/EngineDamageTypes/DmgTypeBP_Environmental.uasset" 558
"../../../Engine/Content/EngineDamageTypes/DmgTypeBP_Environmental.uexp" 559
"../../../Engine/Content/EditorResources/S_Terrain.ubulk" 560
"../../../Engine/Content/EditorResources/S_Terrain.uasset" 561
"../../../Engine/Content/EditorResources/S_Terrain.uexp" 562
"../../../Engine/Content/EditorResources/S_Solver.ubulk" 563
"../../../Engine/Content/EditorResources/S_Solver.uasset" 564
"../../../Engine/Content/EditorResources/S_Solver.uexp" 565
"../../../Engine/Content/EditorResources/EmptyActor.uasset" 566
"../../../Engine/Content/EditorResources/EmptyActor.uexp" 567
"../../../Engine/Content/EditorResources/BSPVertex.uasset" 568
"../../../Engine/Content/EditorResources/BSPVertex.uexp" 569
"../../../Engine/Content/EditorMaterials/PreviewShadowIndicator.ubulk" 570
"../../../Engine/Content/EditorMaterials/PreviewShadowIndicator.uasset" 571
"../../../Engine/Content/EditorMaterials/PreviewShadowIndicator.uexp" 572
"../../../Engine/Content/EditorMaterials/PreviewShadowIndicatorMaterial.uasset" 573
"../../../Engine/Content/EditorMaterials/PreviewShadowIndicatorMaterial.uexp" 574
"../../../Engine/Content/EditorMaterials/PhAT_UnselectedMaterial.uasset" 575
"../../../Engine/Content/EditorMaterials/PhAT_UnselectedMaterial.uexp" 576
"../../../Engine/Content/EditorMaterials/PhAT_NoCollisionMaterial.uasset" 577
"../../../Engine/Content/EditorMaterials/PhAT_NoCollisionMaterial.uexp" 578
"../../../Engine/Content/EditorLandscapeResources/SplineEditorMeshMat.uasset" 579
"../../../Engine/Content/EditorLandscapeResources/SplineEditorMeshMat.uexp" 580
"../../../Engine/Content/EditorLandscapeResources/SplineEditorMesh.ubulk" 581
"../../../Engine/Content/EditorLandscapeResources/SplineEditorMesh.uasset" 582
"../../../Engine/Content/EditorLandscapeResources/SplineEditorMesh.uexp" 583
"../../../Engine/Content/EditorLandscapeResources/DefaultAlphaTexture.uasset" 584
"../../../Engine/Content/EditorLandscapeResources/DefaultAlphaTexture.uexp" 585
"../../../Engine/Content/EngineMaterials/DefaultMaterial.uasset" 586
"../../../Engine/Content/EngineMaterials/DefaultMaterial.uexp" 587
"../../../Engine/Content/BasicShapes/Sphere.ubulk" 588
"../../../Engine/Content/BasicShapes/Sphere.uasset" 589
"../../../Engine/Content/BasicShapes/Sphere.uexp" 590
"../../../Engine/Content/BasicShapes/Cylinder.ubulk" 591
"../../../Engine/Content/BasicShapes/Cylinder.uasset" 592
"../../../Engine/Content/BasicShapes/Cylinder.uexp" 593
"../../../Engine/Content/BasicShapes/Cube.ubulk" 594
"../../../Engine/Content/BasicShapes/Cube.uasset" 595
"../../../Engine/Content/BasicShapes/Cube.uexp" 596
"../../../Engine/Content/BasicShapes/Cone.ubulk" 597
"../../../Engine/Content/BasicShapes/Cone.uasset" 598
"../../../Engine/Content/BasicShapes/Cone.uexp" 599
"C:/Users/user/Documents/GitHub/Fledgling/Content/StarterContent/Audio/Steam01.ubulk" 600
"C:/Users/user/Documents/GitHub/Fledgling/Content/StarterContent/Audio/Steam01.uasset" 601
"C:/Users/user/Documents/GitHub/Fledgling/Content/StarterContent/Audio/Steam01.uexp" 602
"../../../Engine/Plugins/Interchange/Assets/Content/gltf/Textures/T_White_srgb.uasset" 603
"../../../Engine/Plugins/Interchange/Assets/Content/gltf/Textures/T_White_srgb.uexp" 604
"../../../Engine/Plugins/Interchange/Assets/Content/gltf/MaterialFunctions/MF_BaseColor.uasset" 605
"../../../Engine/Plugins/Interchange/Assets/Content/gltf/MaterialFunctions/MF_BaseColor.uexp" 606
"../../../Engine/Plugins/Interchange/Assets/Content/gltf/MaterialFunctions/MF_RotateV2.uasset" 607
"../../../Engine/Plugins/Interchange/Assets/Content/gltf/MaterialFunctions/MF_RotateV2.uexp" 608
"../../../Engine/Plugins/Interchange/Assets/Content/gltf/MaterialFunctions/MF_TransformUVs.uasset" 609
"../../../Engine/Plugins/Interchange/Assets/Content/gltf/MaterialFunctions/MF_TransformUVs.uexp" 610
"../../../Engine/Plugins/Interchange/Assets/Content/gltf/MaterialBodies/MF_Unlit_Body.uasset" 611
"../../../Engine/Plugins/Interchange/Assets/Content/gltf/MaterialBodies/MF_Unlit_Body.uexp" 612
"../../../Engine/Plugins/Interchange/Assets/Content/gltf/M_Unlit.uasset" 613
"../../../Engine/Plugins/Interchange/Assets/Content/gltf/M_Unlit.uexp" 614
"../../../Engine/Plugins/Interchange/Assets/Content/gltf/MaterialInstances/MI_Unlit_Opaque_DS.uasset" 615
"../../../Engine/Plugins/Interchange/Assets/Content/gltf/MaterialInstances/MI_Unlit_Opaque_DS.uexp" 616
"../../../Engine/Plugins/Interchange/Assets/Content/gltf/MaterialInstances/MI_Unlit_Opaque.uasset" 617
"../../../Engine/Plugins/Interchange/Assets/Content/gltf/MaterialInstances/MI_Unlit_Opaque.uexp" 618
"../../../Engine/Plugins/Interchange/Assets/Content/gltf/MaterialInstances/MI_Unlit_Mask_DS.uasset" 619
"../../../Engine/Plugins/Interchange/Assets/Content/gltf/MaterialInstances/MI_Unlit_Mask_DS.uexp" 620
"../../../Engine/Plugins/Interchange/Assets/Content/gltf/MaterialInstances/MI_Unlit_Mask.uasset" 621
"../../../Engine/Plugins/Interchange/Assets/Content/gltf/MaterialInstances/MI_Unlit_Mask.uexp" 622
"../../../Engine/Plugins/Interchange/Assets/Content/gltf/MaterialInstances/MI_Unlit_Blend_DS.uasset" 623
"../../../Engine/Plugins/Interchange/Assets/Content/gltf/MaterialInstances/MI_Unlit_Blend_DS.uexp" 624
"../../../Engine/Plugins/Interchange/Assets/Content/gltf/MaterialInstances/MI_Unlit_Blend.uasset" 625
"../../../Engine/Plugins/Interchange/Assets/Content/gltf/MaterialInstances/MI_Unlit_Blend.uexp" 626
"../../../Engine/Content/Functions/Engine_MaterialFunctions02/Math/Transform3x3Matrix.uasset" 627
"../../../Engine/Content/Functions/Engine_MaterialFunctions02/Math/Transform3x3Matrix.uexp" 628
"../../../Engine/Content/EngineMaterials/Good64x64TilingNoiseHighFreq.uasset" 629
"../../../Engine/Content/EngineMaterials/Good64x64TilingNoiseHighFreq.uexp" 630
"../../../Engine/Content/Functions/Engine_MaterialFunctions02/Texturing/ScreenAlignedPixelToPixelUVs.uasset" 631
"../../../Engine/Content/Functions/Engine_MaterialFunctions02/Texturing/ScreenAlignedPixelToPixelUVs.uexp" 632
"../../../Engine/Plugins/Interchange/Assets/Content/gltf/MaterialFunctions/MF_Temporal_Blur.uasset" 633
"../../../Engine/Plugins/Interchange/Assets/Content/gltf/MaterialFunctions/MF_Temporal_Blur.uexp" 634
"../../../Engine/Plugins/Interchange/Assets/Content/gltf/MaterialFunctions/MF_Specular.uasset" 635
"../../../Engine/Plugins/Interchange/Assets/Content/gltf/MaterialFunctions/MF_Specular.uexp" 636
"../../../Engine/Plugins/Interchange/Assets/Content/gltf/Textures/T_Anisotropy_Direction_Linear.uasset" 637
"../../../Engine/Plugins/Interchange/Assets/Content/gltf/Textures/T_Anisotropy_Direction_Linear.uexp" 638
"../../../Engine/Plugins/Interchange/Assets/Content/gltf/MaterialFunctions/MF_SpecularAnisotropy.uasset" 639
"../../../Engine/Plugins/Interchange/Assets/Content/gltf/MaterialFunctions/MF_SpecularAnisotropy.uexp" 640
"../../../Engine/Plugins/Interchange/Assets/Content/gltf/Textures/T_White_Linear.uasset" 641
"../../../Engine/Plugins/Interchange/Assets/Content/gltf/Textures/T_White_Linear.uexp" 642
"../../../Engine/Plugins/Interchange/Assets/Content/gltf/MaterialFunctions/MF_MetallicRoughness.uasset" 643
"../../../Engine/Plugins/Interchange/Assets/Content/gltf/MaterialFunctions/MF_MetallicRoughness.uexp" 644
"../../../Engine/Plugins/Interchange/Assets/Content/gltf/Textures/T_Generic_N.uasset" 645
"../../../Engine/Plugins/Interchange/Assets/Content/gltf/Textures/T_Generic_N.uexp" 646
"../../../Engine/Plugins/Interchange/Assets/Content/gltf/MaterialFunctions/MF_ScaleNormal.uasset" 647
"../../../Engine/Plugins/Interchange/Assets/Content/gltf/MaterialFunctions/MF_ScaleNormal.uexp" 648
"../../../Engine/Plugins/Interchange/Assets/Content/gltf/MaterialFunctions/MF_Fresnel_DS.uasset" 649
"../../../Engine/Plugins/Interchange/Assets/Content/gltf/MaterialFunctions/MF_Fresnel_DS.uexp" 650
"../../../Engine/Plugins/Interchange/Assets/Content/gltf/MaterialFunctions/MF_Iridescence.uasset" 651
"../../../Engine/Plugins/Interchange/Assets/Content/gltf/MaterialFunctions/MF_Iridescence.uexp" 652
"../../../Engine/Plugins/Interchange/Assets/Content/gltf/MaterialFunctions/MF_Occlusion.uasset" 653
"../../../Engine/Plugins/Interchange/Assets/Content/gltf/MaterialFunctions/MF_Occlusion.uexp" 654
"../../../Engine/Plugins/Interchange/Assets/Content/gltf/MaterialFunctions/MF_IOR.uasset" 655
"../../../Engine/Plugins/Interchange/Assets/Content/gltf/MaterialFunctions/MF_IOR.uexp" 656
"../../../Engine/Plugins/Interchange/Assets/Content/gltf/MaterialFunctions/MF_Transmission.uasset" 657
"../../../Engine/Plugins/Interchange/Assets/Content/gltf/MaterialFunctions/MF_Transmission.uexp" 658
"../../../Engine/Plugins/Interchange/Assets/Content/gltf/MaterialFunctions/MF_RotateNormals_TS.uasset" 659
"../../../Engine/Plugins/Interchange/Assets/Content/gltf/MaterialFunctions/MF_RotateNormals_TS.uexp" 660
"../../../Engine/Plugins/Interchange/Assets/Content/gltf/MaterialFunctions/MF_Normals.uasset" 661
"../../../Engine/Plugins/Interchange/Assets/Content/gltf/MaterialFunctions/MF_Normals.uexp" 662
"../../../Engine/Plugins/Interchange/Assets/Content/gltf/MaterialBodies/MF_Transmission_Body.uasset" 663
"../../../Engine/Plugins/Interchange/Assets/Content/gltf/MaterialBodies/MF_Transmission_Body.uexp" 664
"../../../Engine/Plugins/Interchange/Assets/Content/gltf/M_Transmission.uasset" 665
"../../../Engine/Plugins/Interchange/Assets/Content/gltf/M_Transmission.uexp" 666
"../../../Engine/Plugins/Interchange/Assets/Content/gltf/MaterialInstances/MI_Transmission_DS.uasset" 667
"../../../Engine/Plugins/Interchange/Assets/Content/gltf/MaterialInstances/MI_Transmission_DS.uexp" 668
"../../../Engine/Plugins/Interchange/Assets/Content/gltf/MaterialInstances/MI_Transmission.uasset" 669
"../../../Engine/Plugins/Interchange/Assets/Content/gltf/MaterialInstances/MI_Transmission.uexp" 670
"../../../Engine/Content/Functions/Engine_MaterialFunctions02/Math/AddComponents.uasset" 671
"../../../Engine/Content/Functions/Engine_MaterialFunctions02/Math/AddComponents.uexp" 672
"../../../Engine/Plugins/Interchange/Assets/Content/gltf/MaterialFunctions/MF_DiffuseSpecGloss.uasset" 673
"../../../Engine/Plugins/Interchange/Assets/Content/gltf/MaterialFunctions/MF_DiffuseSpecGloss.uexp" 674
"../../../Engine/Plugins/Interchange/Assets/Content/gltf/MaterialFunctions/MF_Emissive.uasset" 675
"../../../Engine/Plugins/Interchange/Assets/Content/gltf/MaterialFunctions/MF_Emissive.uexp" 676
"../../../Engine/Plugins/Interchange/Assets/Content/gltf/MaterialFunctions/MF_PerceivedBrightness.uasset" 677
"../../../Engine/Plugins/Interchange/Assets/Content/gltf/MaterialFunctions/MF_PerceivedBrightness.uexp" 678
"../../../Engine/Plugins/Interchange/Assets/Content/gltf/MaterialFunctions/MF_SpecGlossToMetalRoughness.uasset" 679
"../../../Engine/Plugins/Interchange/Assets/Content/gltf/MaterialFunctions/MF_SpecGlossToMetalRoughness.uexp" 680
"../../../Engine/Plugins/Interchange/Assets/Content/gltf/MaterialFunctions/MF_MaxComponentValue.uasset" 681
"../../../Engine/Plugins/Interchange/Assets/Content/gltf/MaterialFunctions/MF_MaxComponentValue.uexp" 682
"../../../Engine/Plugins/Interchange/Assets/Content/gltf/MaterialBodies/MF_SpecularGlossiness_Body.uasset" 683
"../../../Engine/Plugins/Interchange/Assets/Content/gltf/MaterialBodies/MF_SpecularGlossiness_Body.uexp" 684
"../../../Engine/Plugins/Interchange/Assets/Content/gltf/M_SpecularGlossiness.uasset" 685
"../../../Engine/Plugins/Interchange/Assets/Content/gltf/M_SpecularGlossiness.uexp" 686
"../../../Engine/Plugins/Interchange/Assets/Content/gltf/MaterialInstances/MI_SpecularGlossiness_Opaque_DS.uasset" 687
"../../../Engine/Plugins/Interchange/Assets/Content/gltf/MaterialInstances/MI_SpecularGlossiness_Opaque_DS.uexp" 688
"../../../Engine/Plugins/Interchange/Assets/Content/gltf/MaterialInstances/MI_SpecularGlossiness_Opaque.uasset" 689
"../../../Engine/Plugins/Interchange/Assets/Content/gltf/MaterialInstances/MI_SpecularGlossiness_Opaque.uexp" 690
"../../../Engine/Plugins/Interchange/Assets/Content/gltf/MaterialInstances/MI_SpecularGlossiness_Mask_DS.uasset" 691
"../../../Engine/Plugins/Interchange/Assets/Content/gltf/MaterialInstances/MI_SpecularGlossiness_Mask_DS.uexp" 692
"../../../Engine/Plugins/Interchange/Assets/Content/gltf/MaterialInstances/MI_SpecularGlossiness_Mask.uasset" 693
"../../../Engine/Plugins/Interchange/Assets/Content/gltf/MaterialInstances/MI_SpecularGlossiness_Mask.uexp" 694
"../../../Engine/Plugins/Interchange/Assets/Content/gltf/MaterialInstances/MI_SpecularGlossiness_Blend_DS.uasset" 695
"../../../Engine/Plugins/Interchange/Assets/Content/gltf/MaterialInstances/MI_SpecularGlossiness_Blend_DS.uexp" 696
"../../../Engine/Plugins/Interchange/Assets/Content/gltf/MaterialInstances/MI_SpecularGlossiness_Blend.uasset" 697
"../../../Engine/Plugins/Interchange/Assets/Content/gltf/MaterialInstances/MI_SpecularGlossiness_Blend.uexp" 698
"../../../Engine/Plugins/Interchange/Assets/Content/gltf/MaterialFunctions/MF_Sheen.uasset" 699
"../../../Engine/Plugins/Interchange/Assets/Content/gltf/MaterialFunctions/MF_Sheen.uexp" 700
"../../../Engine/Plugins/Interchange/Assets/Content/gltf/MaterialBodies/MF_Sheen_Body.uasset" 701
"../../../Engine/Plugins/Interchange/Assets/Content/gltf/MaterialBodies/MF_Sheen_Body.uexp" 702
"../../../Engine/Plugins/Interchange/Assets/Content/gltf/M_Sheen.uasset" 703
"../../../Engine/Plugins/Interchange/Assets/Content/gltf/M_Sheen.uexp" 704
"../../../Engine/Plugins/Interchange/Assets/Content/gltf/MaterialInstances/MI_Sheen_Opaque_DS.uasset" 705
"../../../Engine/Plugins/Interchange/Assets/Content/gltf/MaterialInstances/MI_Sheen_Opaque_DS.uexp" 706
"../../../Engine/Plugins/Interchange/Assets/Content/gltf/MaterialInstances/MI_Sheen_Opaque.uasset" 707
"../../../Engine/Plugins/Interchange/Assets/Content/gltf/MaterialInstances/MI_Sheen_Opaque.uexp" 708
"../../../Engine/Plugins/Interchange/Assets/Content/gltf/MaterialInstances/MI_Sheen_Mask_DS.uasset" 709
"../../../Engine/Plugins/Interchange/Assets/Content/gltf/MaterialInstances/MI_Sheen_Mask_DS.uexp" 710
"../../../Engine/Plugins/Interchange/Assets/Content/gltf/MaterialInstances/MI_Sheen_Mask.uasset" 711
"../../../Engine/Plugins/Interchange/Assets/Content/gltf/MaterialInstances/MI_Sheen_Mask.uexp" 712
"../../../Engine/Plugins/Interchange/Assets/Content/gltf/MaterialInstances/MI_Sheen_Blend_DS.uasset" 713
"../../../Engine/Plugins/Interchange/Assets/Content/gltf/MaterialInstances/MI_Sheen_Blend_DS.uexp" 714
"../../../Engine/Plugins/Interchange/Assets/Content/gltf/MaterialInstances/MI_Sheen_Blend.uasset" 715
"../../../Engine/Plugins/Interchange/Assets/Content/gltf/MaterialInstances/MI_Sheen_Blend.uexp" 716
"../../../Engine/Plugins/Interchange/Assets/Content/gltf/MaterialBodies/MF_Default_Body.uasset" 717
"../../../Engine/Plugins/Interchange/Assets/Content/gltf/MaterialBodies/MF_Default_Body.uexp" 718
"../../../Engine/Plugins/Interchange/Assets/Content/gltf/M_Default.uasset" 719
"../../../Engine/Plugins/Interchange/Assets/Content/gltf/M_Default.uexp" 720
"../../../Engine/Plugins/Interchange/Assets/Content/gltf/MaterialInstances/MI_Default_Opaque_DS.uasset" 721
"../../../Engine/Plugins/Interchange/Assets/Content/gltf/MaterialInstances/MI_Default_Opaque_DS.uexp" 722
"../../../Engine/Plugins/Interchange/Assets/Content/gltf/MaterialInstances/MI_Default_Opaque.uasset" 723
"../../../Engine/Plugins/Interchange/Assets/Content/gltf/MaterialInstances/MI_Default_Opaque.uexp" 724
"../../../Engine/Plugins/Interchange/Assets/Content/gltf/MaterialInstances/MI_Default_Mask_DS.uasset" 725
"../../../Engine/Plugins/Interchange/Assets/Content/gltf/MaterialInstances/MI_Default_Mask_DS.uexp" 726
"../../../Engine/Plugins/Interchange/Assets/Content/gltf/MaterialInstances/MI_Default_Mask.uasset" 727
"../../../Engine/Plugins/Interchange/Assets/Content/gltf/MaterialInstances/MI_Default_Mask.uexp" 728
"../../../Engine/Plugins/Interchange/Assets/Content/gltf/MaterialInstances/MI_Default_Blend_DS.uasset" 729
"../../../Engine/Plugins/Interchange/Assets/Content/gltf/MaterialInstances/MI_Default_Blend_DS.uexp" 730
"../../../Engine/Plugins/Interchange/Assets/Content/gltf/MaterialInstances/MI_Default_Blend.uasset" 731
"../../../Engine/Plugins/Interchange/Assets/Content/gltf/MaterialInstances/MI_Default_Blend.uexp" 732
"../../../Engine/Content/Functions/Engine_MaterialFunctions01/Texturing/FlattenNormal.uasset" 733
"../../../Engine/Content/Functions/Engine_MaterialFunctions01/Texturing/FlattenNormal.uexp" 734
"../../../Engine/Plugins/Interchange/Assets/Content/gltf/MaterialFunctions/MF_Clearcoat.uasset" 735
"../../../Engine/Plugins/Interchange/Assets/Content/gltf/MaterialFunctions/MF_Clearcoat.uexp" 736
"../../../Engine/Plugins/Interchange/Assets/Content/gltf/MaterialBodies/MF_ClearCoat_Body.uasset" 737
"../../../Engine/Plugins/Interchange/Assets/Content/gltf/MaterialBodies/MF_ClearCoat_Body.uexp" 738
"../../../Engine/Plugins/Interchange/Assets/Content/gltf/M_ClearCoat.uasset" 739
"../../../Engine/Plugins/Interchange/Assets/Content/gltf/M_ClearCoat.uexp" 740
"../../../Engine/Plugins/Interchange/Assets/Content/gltf/MaterialInstances/MI_ClearCoat_Opaque_DS.uasset" 741
"../../../Engine/Plugins/Interchange/Assets/Content/gltf/MaterialInstances/MI_ClearCoat_Opaque_DS.uexp" 742
"../../../Engine/Plugins/Interchange/Assets/Content/gltf/MaterialInstances/MI_ClearCoat_Opaque.uasset" 743
"../../../Engine/Plugins/Interchange/Assets/Content/gltf/MaterialInstances/MI_ClearCoat_Opaque.uexp" 744
"../../../Engine/Plugins/Interchange/Assets/Content/gltf/MaterialInstances/MI_ClearCoat_Mask_DS.uasset" 745
"../../../Engine/Plugins/Interchange/Assets/Content/gltf/MaterialInstances/MI_ClearCoat_Mask_DS.uexp" 746
"../../../Engine/Plugins/Interchange/Assets/Content/gltf/MaterialInstances/MI_ClearCoat_Mask.uasset" 747
"../../../Engine/Plugins/Interchange/Assets/Content/gltf/MaterialInstances/MI_ClearCoat_Mask.uexp" 748
"../../../Engine/Plugins/Interchange/Assets/Content/gltf/MaterialInstances/MI_ClearCoat_Blend_DS.uasset" 749
"../../../Engine/Plugins/Interchange/Assets/Content/gltf/MaterialInstances/MI_ClearCoat_Blend_DS.uexp" 750
"../../../Engine/Plugins/Interchange/Assets/Content/gltf/MaterialInstances/MI_ClearCoat_Blend.uasset" 751
"../../../Engine/Plugins/Interchange/Assets/Content/gltf/MaterialInstances/MI_ClearCoat_Blend.uexp" 752
"../../../Engine/Content/VREditor/TransformGizmo/Main.uasset" 753
"../../../Engine/Content/VREditor/TransformGizmo/Main.uexp" 754
"../../../Engine/Content/VREditor/TransformGizmo/Xray.uasset" 755
"../../../Engine/Content/VREditor/TransformGizmo/Xray.uexp" 756
"../../../Engine/Content/VREditor/TransformGizmo/SM_Sequencer_Node.ubulk" 757
"../../../Engine/Content/VREditor/TransformGizmo/SM_Sequencer_Node.uasset" 758
"../../../Engine/Content/VREditor/TransformGizmo/SM_Sequencer_Node.uexp" 759
"../../../Engine/Content/VREditor/LaserPointer/VR_LaserPower_01.ubulk" 760
"../../../Engine/Content/VREditor/LaserPointer/VR_LaserPower_01.uasset" 761
"../../../Engine/Content/VREditor/LaserPointer/VR_LaserPower_01.uexp" 762
"../../../Engine/Content/VREditor/TransformGizmo/TransformGizmoMaterial.uasset" 763
"../../../Engine/Content/VREditor/TransformGizmo/TransformGizmoMaterial.uexp" 764
"../../../Engine/Content/VREditor/TransformGizmo/TranslucentTransformGizmoMaterial.uasset" 765
"../../../Engine/Content/VREditor/TransformGizmo/TranslucentTransformGizmoMaterial.uexp" 766
"../../../Engine/Content/VREditor/TransformGizmo/BoundingBoxEdge.ubulk" 767
"../../../Engine/Content/VREditor/TransformGizmo/BoundingBoxEdge.uasset" 768
"../../../Engine/Content/VREditor/TransformGizmo/BoundingBoxEdge.uexp" 769
"../../../Engine/Content/VREditor/TransformGizmo/BoundingBoxCorner.ubulk" 770
"../../../Engine/Content/VREditor/TransformGizmo/BoundingBoxCorner.uasset" 771
"../../../Engine/Content/VREditor/TransformGizmo/BoundingBoxCorner.uexp" 772
"../../../Engine/Content/EngineSky/VolumetricClouds/T_CloudMask.ubulk" 773
"../../../Engine/Content/EngineSky/VolumetricClouds/T_CloudMask.uasset" 774
"../../../Engine/Content/EngineSky/VolumetricClouds/T_CloudMask.uexp" 775
"../../../Engine/Content/EngineSky/VolumetricClouds/VT_Lightning.uasset" 776
"../../../Engine/Content/EngineSky/VolumetricClouds/VT_Lightning.uexp" 777
"../../../Engine/Content/EngineSky/VolumetricClouds/T_Profile_08.ubulk" 778
"../../../Engine/Content/EngineSky/VolumetricClouds/T_Profile_08.uasset" 779
"../../../Engine/Content/EngineSky/VolumetricClouds/T_Profile_08.uexp" 780
"../../../Engine/Content/Functions/Engine_MaterialFunctions02/Utility/MakeFloat4.uasset" 781
"../../../Engine/Content/Functions/Engine_MaterialFunctions02/Utility/MakeFloat4.uexp" 782
"../../../Engine/Content/Functions/Engine_MaterialFunctions01/Units/Km-to-Cm.uasset" 783
"../../../Engine/Content/Functions/Engine_MaterialFunctions01/Units/Km-to-Cm.uexp" 784
"../../../Engine/Content/Functions/Engine_MaterialFunctions02/Utility/BreakOutFloat4Components.uasset" 785
"../../../Engine/Content/Functions/Engine_MaterialFunctions02/Utility/BreakOutFloat4Components.uexp" 786
"../../../Engine/Content/EngineSky/VolumetricClouds/T_CloudPattern.ubulk" 787
"../../../Engine/Content/EngineSky/VolumetricClouds/T_CloudPattern.uasset" 788
"../../../Engine/Content/EngineSky/VolumetricClouds/T_CloudPattern.uexp" 789
"../../../Engine/Content/EngineSky/VolumetricClouds/VT_PerlinWorley_Balanced.uasset" 790
"../../../Engine/Content/EngineSky/VolumetricClouds/VT_PerlinWorley_Balanced.uexp" 791
"../../../Engine/Content/EngineSky/VolumetricClouds/m_SimpleVolumetricCloud.uasset" 792
"../../../Engine/Content/EngineSky/VolumetricClouds/m_SimpleVolumetricCloud.uexp" 793
"../../../Engine/Content/EngineSky/VolumetricClouds/m_SimpleVolumetricCloud_Inst.uasset" 794
"../../../Engine/Content/EngineSky/VolumetricClouds/m_SimpleVolumetricCloud_Inst.uexp" 795
"../../../Engine/Content/EngineResources/FilmGrains/Marcie_Grain_v3_128_M2_000.uasset" 796
"../../../Engine/Content/EngineResources/FilmGrains/Marcie_Grain_v3_128_M2_000.uexp" 797
"../../../Engine/Content/EngineMaterials/LTC/Sheen_LTC.uasset" 798
"../../../Engine/Content/EngineMaterials/LTC/Sheen_LTC.uexp" 799
"../../../Engine/Content/EngineMaterials/LTC/GGX_LTCMat.uasset" 800
"../../../Engine/Content/EngineMaterials/LTC/GGX_LTCMat.uexp" 801
"../../../Engine/Content/EngineMaterials/LTC/GGX_LTCAmp.uasset" 802
"../../../Engine/Content/EngineMaterials/LTC/GGX_LTCAmp.uexp" 803
"../../../Engine/Content/EngineMaterials/EnergyConservation/Sheen_Energy.uasset" 804
"../../../Engine/Content/EngineMaterials/EnergyConservation/Sheen_Energy.uexp" 805
"../../../Engine/Content/EngineMaterials/EnergyConservation/SheenLegacy_Energy.uasset" 806
"../../../Engine/Content/EngineMaterials/EnergyConservation/SheenLegacy_Energy.uexp" 807
"../../../Engine/Content/EngineMaterials/EnergyConservation/GGX_TransmissionEnergyArray.uasset" 808
"../../../Engine/Content/EngineMaterials/EnergyConservation/GGX_TransmissionEnergyArray.uexp" 809
"../../../Engine/Content/EngineMaterials/EnergyConservation/GGX_ReflectionEnergy.uasset" 810
"../../../Engine/Content/EngineMaterials/EnergyConservation/GGX_ReflectionEnergy.uexp" 811
"../../../Engine/Content/EngineMaterials/EnergyConservation/Diffuse_Energy.uasset" 812
"../../../Engine/Content/EngineMaterials/EnergyConservation/Diffuse_Energy.uexp" 813
"../../../Engine/Content/EditorResources/SequenceRecorder/RecordingIndicator.uasset" 814
"../../../Engine/Content/EditorResources/SequenceRecorder/RecordingIndicator.uexp" 815
"../../../Engine/Content/EditorResources/SequenceRecorder/Countdown.uasset" 816
"../../../Engine/Content/EditorResources/SequenceRecorder/Countdown.uexp" 817
"../../../Engine/Content/EditorMaterials/Camera/CineMat.uasset" 818
"../../../Engine/Content/EditorMaterials/Camera/CineMat.uexp" 819
"../../../Engine/Content/EditorMaterials/Camera/MI_CineMat_Rig.uasset" 820
"../../../Engine/Content/EditorMaterials/Camera/MI_CineMat_Rig.uexp" 821
"../../../Engine/Content/EditorMeshes/Camera/SM_RailRig_Track.ubulk" 822
"../../../Engine/Content/EditorMeshes/Camera/SM_RailRig_Track.uasset" 823
"../../../Engine/Content/EditorMeshes/Camera/SM_RailRig_Track.uexp" 824
"../../../Engine/Content/EditorMeshes/Camera/SM_RailRig_Mount.ubulk" 825
"../../../Engine/Content/EditorMeshes/Camera/SM_RailRig_Mount.uasset" 826
"../../../Engine/Content/EditorMeshes/Camera/SM_RailRig_Mount.uexp" 827
"../../../Engine/Content/EditorMeshes/Camera/SM_CraneRig_Mount.ubulk" 828
"../../../Engine/Content/EditorMeshes/Camera/SM_CraneRig_Mount.uasset" 829
"../../../Engine/Content/EditorMeshes/Camera/SM_CraneRig_Mount.uexp" 830
"../../../Engine/Content/EditorMeshes/Camera/SM_CraneRig_Body.ubulk" 831
"../../../Engine/Content/EditorMeshes/Camera/SM_CraneRig_Body.uasset" 832
"../../../Engine/Content/EditorMeshes/Camera/SM_CraneRig_Body.uexp" 833
"../../../Engine/Content/EditorMeshes/Camera/SM_CraneRig_Base.ubulk" 834
"../../../Engine/Content/EditorMeshes/Camera/SM_CraneRig_Base.uasset" 835
"../../../Engine/Content/EditorMeshes/Camera/SM_CraneRig_Base.uexp" 836
"../../../Engine/Content/EditorMeshes/Camera/SM_CraneRig_Arm.ubulk" 837
"../../../Engine/Content/EditorMeshes/Camera/SM_CraneRig_Arm.uasset" 838
"../../../Engine/Content/EditorMeshes/Camera/SM_CraneRig_Arm.uexp" 839
"../../../Engine/Content/EditorMaterials/ParticleSystems/PSysThumbnail_OOD.ubulk" 840
"../../../Engine/Content/EditorMaterials/ParticleSystems/PSysThumbnail_OOD.uasset" 841
"../../../Engine/Content/EditorMaterials/ParticleSystems/PSysThumbnail_OOD.uexp" 842
"../../../Engine/Content/EditorMaterials/ParticleSystems/PSysThumbnail_NoImage.ubulk" 843
"../../../Engine/Content/EditorMaterials/ParticleSystems/PSysThumbnail_NoImage.uasset" 844
"../../../Engine/Content/EditorMaterials/ParticleSystems/PSysThumbnail_NoImage.uexp" 845
"../../../Engine/Content/EditorMaterials/Dataflow/DataflowVertexMaterial.uasset" 846
"../../../Engine/Content/EditorMaterials/Dataflow/DataflowVertexMaterial.uexp" 847
"../../../Engine/Content/EditorMaterials/Dataflow/DataflowTwoSidedVertexMaterial.uasset" 848
"../../../Engine/Content/EditorMaterials/Dataflow/DataflowTwoSidedVertexMaterial.uexp" 849
"../../../Engine/Content/EngineMaterials/Substrate/Volume/SubstrateSimpleVolumeLUT3D.uasset" 850
"../../../Engine/Content/EngineMaterials/Substrate/Volume/SubstrateSimpleVolumeLUT3D.uexp" 851
"../../../Engine/Content/EngineMaterials/Substrate/Volume/SubstrateSimpleVolumeEnvLUT3D.uasset" 852
"../../../Engine/Content/EngineMaterials/Substrate/Volume/SubstrateSimpleVolumeEnvLUT3D.uexp" 853
"../../../Engine/Content/EngineMaterials/Substrate/GLints2/AGlintTex2dArray2.uasset" 854
"../../../Engine/Content/EngineMaterials/Substrate/GLints2/AGlintTex2dArray2.uexp" 855
"../../../Engine/Content/EngineMaterials/Substrate/GLints/AGlintTex2dArray.uasset" 856
"../../../Engine/Content/EngineMaterials/Substrate/GLints/AGlintTex2dArray.uexp" 857
"../../../Engine/Content/ArtTools/RenderToTexture/Meshes/S_1_Unit_Plane.ubulk" 858
"../../../Engine/Content/ArtTools/RenderToTexture/Meshes/S_1_Unit_Plane.uasset" 859
"../../../Engine/Content/ArtTools/RenderToTexture/Meshes/S_1_Unit_Plane.uexp" 860
"../../../Engine/Content/Functions/Engine_MaterialFunctions01/Shading/PowerToRoughness.uasset" 861
"../../../Engine/Content/Functions/Engine_MaterialFunctions01/Shading/PowerToRoughness.uexp" 862
"../../../Engine/Content/Functions/Engine_MaterialFunctions01/Shading/ConvertFromDiffSpec.uasset" 863
"../../../Engine/Content/Functions/Engine_MaterialFunctions01/Shading/ConvertFromDiffSpec.uexp" 864
"C:/Users/user/Documents/GitHub/Fledgling/Content/Fledgling/UI/CommonUI/DT_CommonUIInputs.uasset" 865
"C:/Users/user/Documents/GitHub/Fledgling/Content/Fledgling/UI/CommonUI/DT_CommonUIInputs.uexp" 866
"C:/Users/user/Documents/GitHub/Fledgling/Content/Fledgling/UI/CommonUI/Testing/BP_CommonUITesting.uasset" 867
"C:/Users/user/Documents/GitHub/Fledgling/Content/Fledgling/UI/CommonUI/Testing/BP_CommonUITesting.uexp" 868
"C:/Users/user/Documents/GitHub/Fledgling/Content/Fledgling/DialogueAndNPCS/DataTypes/Parsing/S_IntArray.uasset" 869
"C:/Users/user/Documents/GitHub/Fledgling/Content/Fledgling/DialogueAndNPCS/DataTypes/Parsing/S_IntArray.uexp" 870
"C:/Users/user/Documents/GitHub/Fledgling/Content/Fledgling/DialogueAndNPCS/DataTypes/Parsing/E_ProgramStepSubType.uasset" 871
"C:/Users/user/Documents/GitHub/Fledgling/Content/Fledgling/DialogueAndNPCS/DataTypes/Parsing/E_ProgramStepSubType.uexp" 872
"C:/Users/user/Documents/GitHub/Fledgling/Content/Fledgling/DialogueAndNPCS/DataTypes/Parsing/ParseToProgramStep/E_TokenType.uasset" 873
"C:/Users/user/Documents/GitHub/Fledgling/Content/Fledgling/DialogueAndNPCS/DataTypes/Parsing/ParseToProgramStep/E_TokenType.uexp" 874
"C:/Users/user/Documents/GitHub/Fledgling/Content/Fledgling/DialogueAndNPCS/DataTypes/Parsing/ParseToProgramStep/S_TokenNode.uasset" 875
"C:/Users/user/Documents/GitHub/Fledgling/Content/Fledgling/DialogueAndNPCS/DataTypes/Parsing/ParseToProgramStep/S_TokenNode.uexp" 876
"C:/Users/user/Documents/GitHub/Fledgling/Content/Fledgling/Inventory/Data_Types/E_InvItemType.uasset" 877
"C:/Users/user/Documents/GitHub/Fledgling/Content/Fledgling/Inventory/Data_Types/E_InvItemType.uexp" 878
"C:/Users/user/Documents/GitHub/Fledgling/Content/Fledgling/Inventory/Data_Types/S_InventoryItem.uasset" 879
"C:/Users/user/Documents/GitHub/Fledgling/Content/Fledgling/Inventory/Data_Types/S_InventoryItem.uexp" 880
"C:/Users/user/Documents/GitHub/Fledgling/Content/Fledgling/Levels/Blueprints/E_Levels.uasset" 881
"C:/Users/user/Documents/GitHub/Fledgling/Content/Fledgling/Levels/Blueprints/E_Levels.uexp" 882
"C:/Users/user/Documents/GitHub/Fledgling/Content/Fledgling/DialogueAndNPCS/DataTypes/Parsing/ParseToProgramStep/E_ParseNodeType.uasset" 883
"C:/Users/user/Documents/GitHub/Fledgling/Content/Fledgling/DialogueAndNPCS/DataTypes/Parsing/ParseToProgramStep/E_ParseNodeType.uexp" 884
"C:/Users/user/Documents/GitHub/Fledgling/Content/Fledgling/DialogueAndNPCS/DataTypes/Parsing/ParseToProgramStep/E_ParseNumExpected.uasset" 885
"C:/Users/user/Documents/GitHub/Fledgling/Content/Fledgling/DialogueAndNPCS/DataTypes/Parsing/ParseToProgramStep/E_ParseNumExpected.uexp" 886
"C:/Users/user/Documents/GitHub/Fledgling/Content/Fledgling/DialogueAndNPCS/DataTypes/Parsing/ParseToProgramStep/S_ParseNode.uasset" 887
"C:/Users/user/Documents/GitHub/Fledgling/Content/Fledgling/DialogueAndNPCS/DataTypes/Parsing/ParseToProgramStep/S_ParseNode.uexp" 888
"C:/Users/user/Documents/GitHub/Fledgling/Content/Fledgling/DialogueAndNPCS/DataTypes/E_CharacterEmotion.uasset" 889
"C:/Users/user/Documents/GitHub/Fledgling/Content/Fledgling/DialogueAndNPCS/DataTypes/E_CharacterEmotion.uexp" 890
"C:/Users/user/Documents/GitHub/Fledgling/Content/Fledgling/DialogueAndNPCS/DataTypes/E_Character.uasset" 891
"C:/Users/user/Documents/GitHub/Fledgling/Content/Fledgling/DialogueAndNPCS/DataTypes/E_Character.uexp" 892
"C:/Users/user/Documents/GitHub/Fledgling/Content/Fledgling/DialogueAndNPCS/DataTypes/Parsing/E_ProgramStepType.uasset" 893
"C:/Users/user/Documents/GitHub/Fledgling/Content/Fledgling/DialogueAndNPCS/DataTypes/Parsing/E_ProgramStepType.uexp" 894
"C:/Users/user/Documents/GitHub/Fledgling/Content/Fledgling/DialogueAndNPCS/DataTypes/Parsing/S_ProgramStep.uasset" 895
"C:/Users/user/Documents/GitHub/Fledgling/Content/Fledgling/DialogueAndNPCS/DataTypes/Parsing/S_ProgramStep.uexp" 896
"C:/Users/user/Documents/GitHub/Fledgling/Content/Fledgling/DialogueAndNPCS/DataTypes/S_ProgramArray.uasset" 897
"C:/Users/user/Documents/GitHub/Fledgling/Content/Fledgling/DialogueAndNPCS/DataTypes/S_ProgramArray.uexp" 898
"C:/Users/user/Documents/GitHub/Fledgling/Content/Fledgling/Core/GameStateControl/E_GameState.uasset" 899
"C:/Users/user/Documents/GitHub/Fledgling/Content/Fledgling/Core/GameStateControl/E_GameState.uexp" 900
"C:/Users/user/Documents/GitHub/Fledgling/Content/Fledgling/Core/Interfaces/I_TagData.uasset" 901
"C:/Users/user/Documents/GitHub/Fledgling/Content/Fledgling/Core/Interfaces/I_TagData.uexp" 902
"C:/Users/user/Documents/GitHub/Fledgling/Content/Fledgling/DialogueAndNPCS/DataTypes/Parsing/S_ParametersExpected.uasset" 903
"C:/Users/user/Documents/GitHub/Fledgling/Content/Fledgling/DialogueAndNPCS/DataTypes/Parsing/S_ParametersExpected.uexp" 904
"C:/Users/user/Documents/GitHub/Fledgling/Content/Fledgling/DialogueAndNPCS/DataTypes/Parsing/ParseToProgramStep/E_CurrentNodeParseStatus.uasset" 905
"C:/Users/user/Documents/GitHub/Fledgling/Content/Fledgling/DialogueAndNPCS/DataTypes/Parsing/ParseToProgramStep/E_CurrentNodeParseStatus.uexp" 906
"C:/Users/user/Documents/GitHub/Fledgling/Content/Fledgling/DialogueAndNPCS/DataTypes/E_ParseTime.uasset" 907
"C:/Users/user/Documents/GitHub/Fledgling/Content/Fledgling/DialogueAndNPCS/DataTypes/E_ParseTime.uexp" 908
"C:/Users/user/Documents/GitHub/Fledgling/Content/Fledgling/Art/Sprites/Cards/Ambers/HerbAmber_cards.uasset" 909
"C:/Users/user/Documents/GitHub/Fledgling/Content/Fledgling/Art/Sprites/Cards/Ambers/HerbAmber_cards.uexp" 910
"C:/Users/user/Documents/GitHub/Fledgling/Content/Fledgling/Art/Sprites/Cards/Ambers/HerbAmber_cards_Sprite.uasset" 911
"C:/Users/user/Documents/GitHub/Fledgling/Content/Fledgling/Art/Sprites/Cards/Ambers/HerbAmber_cards_Sprite.uexp" 912
"C:/Users/user/Documents/GitHub/Fledgling/Content/Fledgling/Core/GameStateControl/S_StateTransition.uasset" 913
"C:/Users/user/Documents/GitHub/Fledgling/Content/Fledgling/Core/GameStateControl/S_StateTransition.uexp" 914
"C:/Users/user/Documents/GitHub/Fledgling/Content/Fledgling/Core/Interfaces/I_AudioManager.uasset" 915
"C:/Users/user/Documents/GitHub/Fledgling/Content/Fledgling/Core/Interfaces/I_AudioManager.uexp" 916
"C:/Users/user/Documents/GitHub/Fledgling/Content/Fledgling/Inventory/Data_Types/S_AmberCardSelection.uasset" 917
"C:/Users/user/Documents/GitHub/Fledgling/Content/Fledgling/Inventory/Data_Types/S_AmberCardSelection.uexp" 918
"C:/Users/user/Documents/GitHub/Fledgling/Content/Fledgling/Art/Sprites/Ambers/Ears.uasset" 919
"C:/Users/user/Documents/GitHub/Fledgling/Content/Fledgling/Art/Sprites/Ambers/Ears.uexp" 920
"C:/Users/user/Documents/GitHub/Fledgling/Content/Fledgling/Art/Sprites/Ambers/knife_amber.uasset" 921
"C:/Users/user/Documents/GitHub/Fledgling/Content/Fledgling/Art/Sprites/Ambers/knife_amber.uexp" 922
"C:/Users/user/Documents/GitHub/Fledgling/Content/Fledgling/Art/Sprites/Ambers/diamon_coal.uasset" 923
"C:/Users/user/Documents/GitHub/Fledgling/Content/Fledgling/Art/Sprites/Ambers/diamon_coal.uexp" 924
"C:/Users/user/Documents/GitHub/Fledgling/Content/Fledgling/Art/Sprites/Ambers/Infectious.uasset" 925
"C:/Users/user/Documents/GitHub/Fledgling/Content/Fledgling/Art/Sprites/Ambers/Infectious.uexp" 926
"C:/Users/user/Documents/GitHub/Fledgling/Content/Fledgling/Art/Sprites/Ambers/hilt_amber.uasset" 927
"C:/Users/user/Documents/GitHub/Fledgling/Content/Fledgling/Art/Sprites/Ambers/hilt_amber.uexp" 928
"C:/Users/user/Documents/GitHub/Fledgling/Content/Fledgling/Art/Sprites/Ambers/herb_amber.uasset" 929
"C:/Users/user/Documents/GitHub/Fledgling/Content/Fledgling/Art/Sprites/Ambers/herb_amber.uexp" 930
"C:/Users/user/Documents/GitHub/Fledgling/Content/Fledgling/Art/Sprites/Ambers/broken_glasses.uasset" 931
"C:/Users/user/Documents/GitHub/Fledgling/Content/Fledgling/Art/Sprites/Ambers/broken_glasses.uexp" 932
"C:/Users/user/Documents/GitHub/Fledgling/Content/Fledgling/Art/Placeholder/vector-pixel-art-rope-knot-isolated-cartoon-vector-pixel-art-rope-knot-153549101-removebg-preview.uasset" 933
"C:/Users/user/Documents/GitHub/Fledgling/Content/Fledgling/Art/Placeholder/vector-pixel-art-rope-knot-isolated-cartoon-vector-pixel-art-rope-knot-153549101-removebg-preview.uexp" 934
"C:/Users/user/Documents/GitHub/Fledgling/Content/Fledgling/Art/Sprites/Ambers/Shiny_Amber.uasset" 935
"C:/Users/user/Documents/GitHub/Fledgling/Content/Fledgling/Art/Sprites/Ambers/Shiny_Amber.uexp" 936
"C:/Users/user/Documents/GitHub/Fledgling/Content/Fledgling/Inventory/Data_Types/S_Amber.uasset" 937
"C:/Users/user/Documents/GitHub/Fledgling/Content/Fledgling/Inventory/Data_Types/S_Amber.uexp" 938
"C:/Users/user/Documents/GitHub/Fledgling/Content/Fledgling/Art/Sprites/Ambers/pointy_amber.uasset" 939
"C:/Users/user/Documents/GitHub/Fledgling/Content/Fledgling/Art/Sprites/Ambers/pointy_amber.uexp" 940
"C:/Users/user/Documents/GitHub/Fledgling/Content/Fledgling/Art/Sprites/Ambers/BonkAmber.uasset" 941
"C:/Users/user/Documents/GitHub/Fledgling/Content/Fledgling/Art/Sprites/Ambers/BonkAmber.uexp" 942
"C:/Users/user/Documents/GitHub/Fledgling/Content/Fledgling/Art/Sprites/Ambers/BerserkAmber.uasset" 943
"C:/Users/user/Documents/GitHub/Fledgling/Content/Fledgling/Art/Sprites/Ambers/BerserkAmber.uexp" 944
"C:/Users/user/Documents/GitHub/Fledgling/Content/Fledgling/Art/Sprites/Characters/Mountain/Tree/AmberForTree.uasset" 945
"C:/Users/user/Documents/GitHub/Fledgling/Content/Fledgling/Art/Sprites/Characters/Mountain/Tree/AmberForTree.uexp" 946
"C:/Users/user/Documents/GitHub/Fledgling/Content/Fledgling/Art/Sprites/Ambers/Whee_Amberl.uasset" 947
"C:/Users/user/Documents/GitHub/Fledgling/Content/Fledgling/Art/Sprites/Ambers/Whee_Amberl.uexp" 948
"C:/Users/user/Documents/GitHub/Fledgling/Content/Fledgling/Art/Sprites/Ambers/CrystalineAmber.uasset" 949
"C:/Users/user/Documents/GitHub/Fledgling/Content/Fledgling/Art/Sprites/Ambers/CrystalineAmber.uexp" 950
"C:/Users/user/Documents/GitHub/Fledgling/Content/Fledgling/Art/Sprites/Ambers/amber_card.uasset" 951
"C:/Users/user/Documents/GitHub/Fledgling/Content/Fledgling/Art/Sprites/Ambers/amber_card.uexp" 952
"C:/Users/user/Documents/GitHub/Fledgling/Content/Fledgling/Art/Sprites/Characters/Placeholder/pointy_amber-export.uasset" 953
"C:/Users/user/Documents/GitHub/Fledgling/Content/Fledgling/Art/Sprites/Characters/Placeholder/pointy_amber-export.uexp" 954
"C:/Users/user/Documents/GitHub/Fledgling/Content/Fledgling/Art/Sprites/Ambers/Droplet_Amber.uasset" 955
"C:/Users/user/Documents/GitHub/Fledgling/Content/Fledgling/Art/Sprites/Ambers/Droplet_Amber.uexp" 956
"C:/Users/user/Documents/GitHub/Fledgling/Content/Fledgling/Art/Sprites/Ambers/HoneAmber.uasset" 957
"C:/Users/user/Documents/GitHub/Fledgling/Content/Fledgling/Art/Sprites/Ambers/HoneAmber.uexp" 958
"C:/Users/user/Documents/GitHub/Fledgling/Content/Fledgling/Art/Sprites/Ambers/fossil_amber.uasset" 959
"C:/Users/user/Documents/GitHub/Fledgling/Content/Fledgling/Art/Sprites/Ambers/fossil_amber.uexp" 960
"C:/Users/user/Documents/GitHub/Fledgling/Content/Fledgling/Inventory/DT_Ambers.uasset" 961
"C:/Users/user/Documents/GitHub/Fledgling/Content/Fledgling/Inventory/DT_Ambers.uexp" 962
"C:/Users/user/Documents/GitHub/Fledgling/Content/Fledgling/Art/Sprites/Cards/Weapons/Axe_cards.uasset" 963
"C:/Users/user/Documents/GitHub/Fledgling/Content/Fledgling/Art/Sprites/Cards/Weapons/Axe_cards.uexp" 964
"C:/Users/user/Documents/GitHub/Fledgling/Content/Fledgling/Art/Sprites/Cards/Weapons/Axe_cards_Sprite.uasset" 965
"C:/Users/user/Documents/GitHub/Fledgling/Content/Fledgling/Art/Sprites/Cards/Weapons/Axe_cards_Sprite.uexp" 966
"C:/Users/user/Documents/GitHub/Fledgling/Content/Fledgling/Art/Sprites/Characters/Den/Bartender/bartender_headshot.uasset" 967
"C:/Users/user/Documents/GitHub/Fledgling/Content/Fledgling/Art/Sprites/Characters/Den/Bartender/bartender_headshot.uexp" 968
"C:/Users/user/Documents/GitHub/Fledgling/Content/Fledgling/Combat/Strucs/S_CombatDialogue.uasset" 969
"C:/Users/user/Documents/GitHub/Fledgling/Content/Fledgling/Combat/Strucs/S_CombatDialogue.uexp" 970
"C:/Users/user/Documents/GitHub/Fledgling/Content/Fledgling/DialogueOLD/DataTables/WolfDen/Bartender/DT_BartenderCombatTutorial.uasset" 971
"C:/Users/user/Documents/GitHub/Fledgling/Content/Fledgling/DialogueOLD/DataTables/WolfDen/Bartender/DT_BartenderCombatTutorial.uexp" 972
"C:/Users/user/Documents/GitHub/Fledgling/Content/Fledgling/Inventory/Data_Types/E_AmberBuffType.uasset" 973
"C:/Users/user/Documents/GitHub/Fledgling/Content/Fledgling/Inventory/Data_Types/E_AmberBuffType.uexp" 974
"C:/Users/user/Documents/GitHub/Fledgling/Content/Fledgling/Inventory/Data_Types/S_Companion.uasset" 975
"C:/Users/user/Documents/GitHub/Fledgling/Content/Fledgling/Inventory/Data_Types/S_Companion.uexp" 976
"C:/Users/user/Documents/GitHub/Fledgling/Content/Fledgling/Art/Sprites/Characters/Placeholder/BeaRegularSize-export.uasset" 977
"C:/Users/user/Documents/GitHub/Fledgling/Content/Fledgling/Art/Sprites/Characters/Placeholder/BeaRegularSize-export.uexp" 978
"C:/Users/user/Documents/GitHub/Fledgling/Content/Fledgling/Art/Sprites/Characters/Caverns/MrDent/MausPortraitFin.uasset" 979
"C:/Users/user/Documents/GitHub/Fledgling/Content/Fledgling/Art/Sprites/Characters/Caverns/MrDent/MausPortraitFin.uexp" 980
"C:/Users/user/Documents/GitHub/Fledgling/Content/Fledgling/Art/Sprites/Characters/Caverns/Dove/DoveDialogueIcon.uasset" 981
"C:/Users/user/Documents/GitHub/Fledgling/Content/Fledgling/Art/Sprites/Characters/Caverns/Dove/DoveDialogueIcon.uexp" 982
"C:/Users/user/Documents/GitHub/Fledgling/Content/Fledgling/Inventory/DT_Companions.uasset" 983
"C:/Users/user/Documents/GitHub/Fledgling/Content/Fledgling/Inventory/DT_Companions.uexp" 984
"C:/Users/user/Documents/GitHub/Fledgling/Content/Fledgling/Combat/ECardEffect.uasset" 985
"C:/Users/user/Documents/GitHub/Fledgling/Content/Fledgling/Combat/ECardEffect.uexp" 986
"C:/Users/user/Documents/GitHub/Fledgling/Content/Fledgling/Combat/Strucs/S_ComboCardInfo.uasset" 987
"C:/Users/user/Documents/GitHub/Fledgling/Content/Fledgling/Combat/Strucs/S_ComboCardInfo.uexp" 988
"C:/Users/user/Documents/GitHub/Fledgling/Content/Fledgling/Combat/E_MessWithHandType.uasset" 989
"C:/Users/user/Documents/GitHub/Fledgling/Content/Fledgling/Combat/E_MessWithHandType.uexp" 990
"C:/Users/user/Documents/GitHub/Fledgling/Content/Fledgling/Combat/Strucs/S_CardInfo.uasset" 991
"C:/Users/user/Documents/GitHub/Fledgling/Content/Fledgling/Combat/Strucs/S_CardInfo.uexp" 992
"C:/Users/user/Documents/GitHub/Fledgling/Content/Fledgling/Audio/Placeholder/Attack-Magic-003_R.ubulk" 993
"C:/Users/user/Documents/GitHub/Fledgling/Content/Fledgling/Audio/Placeholder/Attack-Magic-003_R.uasset" 994
"C:/Users/user/Documents/GitHub/Fledgling/Content/Fledgling/Audio/Placeholder/Attack-Magic-003_R.uexp" 995
"C:/Users/user/Documents/GitHub/Fledgling/Content/Fledgling/Art/UI/Inventory/Fledging_Inventory_BookBlank.uasset" 996
"C:/Users/user/Documents/GitHub/Fledgling/Content/Fledgling/Art/UI/Inventory/Fledging_Inventory_BookBlank.uexp" 997
"C:/Users/user/Documents/GitHub/Fledgling/Content/Fledgling/Audio/Cards/Card1.ubulk" 998
"C:/Users/user/Documents/GitHub/Fledgling/Content/Fledgling/Audio/Cards/Card1.uasset" 999
"C:/Users/user/Documents/GitHub/Fledgling/Content/Fledgling/Audio/Cards/Card1.uexp" 1000
"C:/Users/user/Documents/GitHub/Fledgling/Content/Fledgling/Art/Fonts/VeniceClassic.uexp" 1001
"C:/Users/user/Documents/GitHub/Fledgling/Content/Fledgling/Art/Fonts/VeniceClassic.uasset" 1002
"C:/Users/user/Documents/GitHub/Fledgling/Content/Fledgling/Art/Fonts/VeniceClassic.ufont" 1003
"C:/Users/user/Documents/GitHub/Fledgling/Content/Fledgling/Art/Fonts/VeniceClassic_Font.uasset" 1004
"C:/Users/user/Documents/GitHub/Fledgling/Content/Fledgling/Art/Fonts/VeniceClassic_Font.uexp" 1005
"C:/Users/user/Documents/GitHub/Fledgling/Content/Fledgling/Art/UI/BlackButton_FullSize.uasset" 1006
"C:/Users/user/Documents/GitHub/Fledgling/Content/Fledgling/Art/UI/BlackButton_FullSize.uexp" 1007
"C:/Users/user/Documents/GitHub/Fledgling/Content/Fledgling/Art/Fonts/windows_command_prompt.uexp" 1008
"C:/Users/user/Documents/GitHub/Fledgling/Content/Fledgling/Art/Fonts/windows_command_prompt.uasset" 1009
"C:/Users/user/Documents/GitHub/Fledgling/Content/Fledgling/Art/Fonts/windows_command_prompt.ufont" 1010
"C:/Users/user/Documents/GitHub/Fledgling/Content/Fledgling/Art/Fonts/windows_command_prompt_Font.uasset" 1011
"C:/Users/user/Documents/GitHub/Fledgling/Content/Fledgling/Art/Fonts/windows_command_prompt_Font.uexp" 1012
"C:/Users/user/Documents/GitHub/Fledgling/Content/Fledgling/UI/CommonUI/Text/BP_CommonMenuText.uasset" 1013
"C:/Users/user/Documents/GitHub/Fledgling/Content/Fledgling/UI/CommonUI/Text/BP_CommonMenuText.uexp" 1014
"C:/Users/user/Documents/GitHub/Fledgling/Content/Fledgling/UI/CommonUI/Buttons/MenuButton/CBS_MenuButtonStyle.uasset" 1015
"C:/Users/user/Documents/GitHub/Fledgling/Content/Fledgling/UI/CommonUI/Buttons/MenuButton/CBS_MenuButtonStyle.uexp" 1016
"C:/Users/user/Documents/GitHub/Fledgling/Content/Fledgling/UI/CommonUI/Buttons/MenuButton/WBP_ButtonBase.uasset" 1017
"C:/Users/user/Documents/GitHub/Fledgling/Content/Fledgling/UI/CommonUI/Buttons/MenuButton/WBP_ButtonBase.uexp" 1018
"C:/Users/user/Documents/GitHub/Fledgling/Content/Fledgling/Art/UI/Scrolresizerecolour.uasset" 1019
"C:/Users/user/Documents/GitHub/Fledgling/Content/Fledgling/Art/UI/Scrolresizerecolour.uexp" 1020
"C:/Users/user/Documents/GitHub/Fledgling/Content/Fledgling/UI/Cutscene/MS_Cutscene.uasset" 1021
"C:/Users/user/Documents/GitHub/Fledgling/Content/Fledgling/UI/Cutscene/MS_Cutscene.uexp" 1022
"C:/Users/user/Documents/GitHub/Fledgling/Content/Fledgling/UI/Cutscene/MP_MediaPlayer.uasset" 1023
"C:/Users/user/Documents/GitHub/Fledgling/Content/Fledgling/UI/Cutscene/MP_MediaPlayer.uexp" 1024
"C:/Users/user/Documents/GitHub/Fledgling/Content/Fledgling/UI/Cutscene/MP_MediaPlayer_Video.uasset" 1025
"C:/Users/user/Documents/GitHub/Fledgling/Content/Fledgling/UI/Cutscene/MP_MediaPlayer_Video.uexp" 1026
"C:/Users/user/Documents/GitHub/Fledgling/Content/Fledgling/UI/Cutscene/M_CutsceneMat.uasset" 1027
"C:/Users/user/Documents/GitHub/Fledgling/Content/Fledgling/UI/Cutscene/M_CutsceneMat.uexp" 1028
"C:/Users/user/Documents/GitHub/Fledgling/Content/Fledgling/UI/Cutscene/WBP_CutscenePlayer.uasset" 1029
"C:/Users/user/Documents/GitHub/Fledgling/Content/Fledgling/UI/Cutscene/WBP_CutscenePlayer.uexp" 1030
"C:/Users/user/Documents/GitHub/Fledgling/Content/Fledgling/Art/UI/Menu/FledgposterMenuTextResize.uasset" 1031
"C:/Users/user/Documents/GitHub/Fledgling/Content/Fledgling/Art/UI/Menu/FledgposterMenuTextResize.uexp" 1032
"C:/Users/user/Documents/GitHub/Fledgling/Content/Fledgling/Audio/Cards/Card2.ubulk" 1033
"C:/Users/user/Documents/GitHub/Fledgling/Content/Fledgling/Audio/Cards/Card2.uasset" 1034
"C:/Users/user/Documents/GitHub/Fledgling/Content/Fledgling/Audio/Cards/Card2.uexp" 1035
"../../../Engine/Plugins/FX/Niagara/Content/VectorFields/Assets/TilingCurl32.uasset" 1036
"../../../Engine/Plugins/FX/Niagara/Content/VectorFields/Assets/TilingCurl32.uexp" 1037
"C:/Users/user/Documents/GitHub/Fledgling/Content/Fledgling/Art/M_DustChill.uasset" 1038
"C:/Users/user/Documents/GitHub/Fledgling/Content/Fledgling/Art/M_DustChill.uexp" 1039
"C:/Users/user/Documents/GitHub/Fledgling/Content/Fledgling/Art/Niagara/NS_DustChill.uasset" 1040
"C:/Users/user/Documents/GitHub/Fledgling/Content/Fledgling/Art/Niagara/NS_DustChill.uexp" 1041
"C:/Users/user/Documents/GitHub/Fledgling/Content/Fledgling/Core/SaveGame/S_InteractableParentSaveData.uasset" 1042
"C:/Users/user/Documents/GitHub/Fledgling/Content/Fledgling/Core/SaveGame/S_InteractableParentSaveData.uexp" 1043
"C:/Users/user/Documents/GitHub/Fledgling/Content/Fledgling/Core/SaveGame/I_Saveable.uasset" 1044
"C:/Users/user/Documents/GitHub/Fledgling/Content/Fledgling/Core/SaveGame/I_Saveable.uexp" 1045
"C:/Users/user/Documents/GitHub/Fledgling/Content/Fledgling/Core/SaveGame/S_NPCSaveData.uasset" 1046
"C:/Users/user/Documents/GitHub/Fledgling/Content/Fledgling/Core/SaveGame/S_NPCSaveData.uexp" 1047
"C:/Users/user/Documents/GitHub/Fledgling/Content/Fledgling/Art/Sprites/Characters/Den/DenOccupants/barguy1_headshot.uasset" 1048
"C:/Users/user/Documents/GitHub/Fledgling/Content/Fledgling/Art/Sprites/Characters/Den/DenOccupants/barguy1_headshot.uexp" 1049
"C:/Users/user/Documents/GitHub/Fledgling/Content/Fledgling/Art/UI/Dialogue/textbox_x1000NOSPACE.uasset" 1050
"C:/Users/user/Documents/GitHub/Fledgling/Content/Fledgling/Art/UI/Dialogue/textbox_x1000NOSPACE.uexp" 1051
"C:/Users/user/Documents/GitHub/Fledgling/Content/Fledgling/Art/UI/Dialogue/nameplate_x1000NOSPACE.uasset" 1052
"C:/Users/user/Documents/GitHub/Fledgling/Content/Fledgling/Art/UI/Dialogue/nameplate_x1000NOSPACE.uexp" 1053
"C:/Users/user/Documents/GitHub/Fledgling/Content/Fledgling/DialogueOLD/DataTables/RichText/DT_TextStyle.uasset" 1054
"C:/Users/user/Documents/GitHub/Fledgling/Content/Fledgling/DialogueOLD/DataTables/RichText/DT_TextStyle.uexp" 1055
"C:/Users/user/Documents/GitHub/Fledgling/Content/Fledgling/Art/UI/Dialogue/T_PixelTriangle.ubulk" 1056
"C:/Users/user/Documents/GitHub/Fledgling/Content/Fledgling/Art/UI/Dialogue/T_PixelTriangle.uasset" 1057
"C:/Users/user/Documents/GitHub/Fledgling/Content/Fledgling/Art/UI/Dialogue/T_PixelTriangle.uexp" 1058
"C:/Users/user/Documents/GitHub/Fledgling/Content/Fledgling/UI/Widgets/WBP_DialogueOptionsOLD.uasset" 1059
"C:/Users/user/Documents/GitHub/Fledgling/Content/Fledgling/UI/Widgets/WBP_DialogueOptionsOLD.uexp" 1060
"C:/Users/user/Documents/GitHub/Fledgling/Content/Fledgling/DialogueOLD/Structs/Core/S_DialogueOptionsOLD.uasset" 1061
"C:/Users/user/Documents/GitHub/Fledgling/Content/Fledgling/DialogueOLD/Structs/Core/S_DialogueOptionsOLD.uexp" 1062
"C:/Users/user/Documents/GitHub/Fledgling/Content/Fledgling/DialogueOLD/Structs/Core/S_DialogueOLD.uasset" 1063
"C:/Users/user/Documents/GitHub/Fledgling/Content/Fledgling/DialogueOLD/Structs/Core/S_DialogueOLD.uexp" 1064
"C:/Users/user/Documents/GitHub/Fledgling/Content/Fledgling/DialogueOLD/Testing/Dialogue_Test1.uasset" 1065
"C:/Users/user/Documents/GitHub/Fledgling/Content/Fledgling/DialogueOLD/Testing/Dialogue_Test1.uexp" 1066
"C:/Users/user/Documents/GitHub/Fledgling/Content/Fledgling/Core/Interfaces/I_StartDialogue.uasset" 1067
"C:/Users/user/Documents/GitHub/Fledgling/Content/Fledgling/Core/Interfaces/I_StartDialogue.uexp" 1068
"C:/Users/user/Documents/GitHub/Fledgling/Content/Fledgling/Characters/Player/Inputs/IA_HorizontalMovement.uasset" 1069
"C:/Users/user/Documents/GitHub/Fledgling/Content/Fledgling/Characters/Player/Inputs/IA_HorizontalMovement.uexp" 1070
"C:/Users/user/Documents/GitHub/Fledgling/Content/Fledgling/Characters/Player/Inputs/IA_Inventory.uasset" 1071
"C:/Users/user/Documents/GitHub/Fledgling/Content/Fledgling/Characters/Player/Inputs/IA_Inventory.uexp" 1072
"C:/Users/user/Documents/GitHub/Fledgling/Content/Fledgling/Characters/Player/Inputs/IA_Escape.uasset" 1073
"C:/Users/user/Documents/GitHub/Fledgling/Content/Fledgling/Characters/Player/Inputs/IA_Escape.uexp" 1074
"C:/Users/user/Documents/GitHub/Fledgling/Content/Fledgling/Characters/Player/Inputs/IA_Interact.uasset" 1075
"C:/Users/user/Documents/GitHub/Fledgling/Content/Fledgling/Characters/Player/Inputs/IA_Interact.uexp" 1076
"C:/Users/user/Documents/GitHub/Fledgling/Content/Fledgling/Characters/Player/Inputs/IA_VerticalMovement.uasset" 1077
"C:/Users/user/Documents/GitHub/Fledgling/Content/Fledgling/Characters/Player/Inputs/IA_VerticalMovement.uexp" 1078
"C:/Users/user/Documents/GitHub/Fledgling/Content/Fledgling/Characters/Player/Inputs/IMC_PlayerExplore.uasset" 1079
"C:/Users/user/Documents/GitHub/Fledgling/Content/Fledgling/Characters/Player/Inputs/IMC_PlayerExplore.uexp" 1080
"C:/Users/user/Documents/GitHub/Fledgling/Content/Fledgling/UI/Widgets/WBP_InteractPrompt.uasset" 1081
"C:/Users/user/Documents/GitHub/Fledgling/Content/Fledgling/UI/Widgets/WBP_InteractPrompt.uexp" 1082
"../../../Engine/Plugins/2D/Paper2D/Content/PlaceholderTextures/FlatNormalMap.uasset" 1083
"../../../Engine/Plugins/2D/Paper2D/Content/PlaceholderTextures/FlatNormalMap.uexp" 1084
"../../../Engine/Plugins/2D/Paper2D/Content/DefaultLitSpriteMaterial.uasset" 1085
"../../../Engine/Plugins/2D/Paper2D/Content/DefaultLitSpriteMaterial.uexp" 1086
"C:/Users/user/Documents/GitHub/Fledgling/Content/Fledgling/Art/UI/PlayerHUD/Alerticon.uasset" 1087
"C:/Users/user/Documents/GitHub/Fledgling/Content/Fledgling/Art/UI/PlayerHUD/Alerticon.uexp" 1088
"C:/Users/user/Documents/GitHub/Fledgling/Content/Fledgling/Art/UI/PlayerHUD/Alerticon_Sprite.uasset" 1089
"C:/Users/user/Documents/GitHub/Fledgling/Content/Fledgling/Art/UI/PlayerHUD/Alerticon_Sprite.uexp" 1090
"C:/Users/user/Documents/GitHub/Fledgling/Content/Fledgling/Core/SaveGame/I_Persistence.uasset" 1091
"C:/Users/user/Documents/GitHub/Fledgling/Content/Fledgling/Core/SaveGame/I_Persistence.uexp" 1092
"C:/Users/user/Documents/GitHub/Fledgling/Content/Fledgling/Core/Interfaces/I_Interactable.uasset" 1093
"C:/Users/user/Documents/GitHub/Fledgling/Content/Fledgling/Core/Interfaces/I_Interactable.uexp" 1094
"C:/Users/user/Documents/GitHub/Fledgling/Content/Fledgling/DialogueAndNPCS/DataTypes/NPC_Types/BP_Interactable_Parent.uasset" 1095
"C:/Users/user/Documents/GitHub/Fledgling/Content/Fledgling/DialogueAndNPCS/DataTypes/NPC_Types/BP_Interactable_Parent.uexp" 1096
"C:/Users/user/Documents/GitHub/Fledgling/Content/Fledgling/Audio/S_SublevelMusic.uasset" 1097
"C:/Users/user/Documents/GitHub/Fledgling/Content/Fledgling/Audio/S_SublevelMusic.uexp" 1098
"C:/Users/user/Documents/GitHub/Fledgling/Content/Fledgling/Characters/Player/AS_Player.uasset" 1099
"C:/Users/user/Documents/GitHub/Fledgling/Content/Fledgling/Characters/Player/AS_Player.uexp" 1100
"C:/Users/user/Documents/GitHub/Fledgling/Content/Fledgling/Audio/SFX/eaglaxle-generic-footstep-2-530779.ubulk" 1101
"C:/Users/user/Documents/GitHub/Fledgling/Content/Fledgling/Audio/SFX/eaglaxle-generic-footstep-2-530779.uasset" 1102
"C:/Users/user/Documents/GitHub/Fledgling/Content/Fledgling/Audio/SFX/eaglaxle-generic-footstep-2-530779.uexp" 1103
"C:/Users/user/Documents/GitHub/Fledgling/Content/Fledgling/Audio/SFX/eaglaxle-generic-footstep-3-530777.ubulk" 1104
"C:/Users/user/Documents/GitHub/Fledgling/Content/Fledgling/Audio/SFX/eaglaxle-generic-footstep-3-530777.uasset" 1105
"C:/Users/user/Documents/GitHub/Fledgling/Content/Fledgling/Audio/SFX/eaglaxle-generic-footstep-3-530777.uexp" 1106
"C:/Users/user/Documents/GitHub/Fledgling/Content/Fledgling/Audio/SFX/Footsteps2.uasset" 1107
"C:/Users/user/Documents/GitHub/Fledgling/Content/Fledgling/Audio/SFX/Footsteps2.uexp" 1108
"C:/Users/user/Documents/GitHub/Fledgling/Content/Fledgling/Art/Sprites/Characters/Player/Walk/fledgling_walk_right.uasset" 1109
"C:/Users/user/Documents/GitHub/Fledgling/Content/Fledgling/Art/Sprites/Characters/Player/Walk/fledgling_walk_right.uexp" 1110
"C:/Users/user/Documents/GitHub/Fledgling/Content/Fledgling/Art/Sprites/Characters/Player/Walk/fledgling_walk-Sheet_n.uasset" 1111
"C:/Users/user/Documents/GitHub/Fledgling/Content/Fledgling/Art/Sprites/Characters/Player/Walk/fledgling_walk-Sheet_n.uexp" 1112
"C:/Users/user/Documents/GitHub/Fledgling/Content/Fledgling/Art/Sprites/Characters/Player/Walk/fledgling_walk_right_Sprite_0.uasset" 1113
"C:/Users/user/Documents/GitHub/Fledgling/Content/Fledgling/Art/Sprites/Characters/Player/Walk/fledgling_walk_right_Sprite_0.uexp" 1114
"C:/Users/user/Documents/GitHub/Fledgling/Content/Fledgling/Art/Sprites/Characters/Player/Walk/fledgling_walk_right_Sprite_1.uasset" 1115
"C:/Users/user/Documents/GitHub/Fledgling/Content/Fledgling/Art/Sprites/Characters/Player/Walk/fledgling_walk_right_Sprite_1.uexp" 1116
"C:/Users/user/Documents/GitHub/Fledgling/Content/Fledgling/Art/Sprites/Characters/Player/Walk/fledgling_walk_right_Sprite_2.uasset" 1117
"C:/Users/user/Documents/GitHub/Fledgling/Content/Fledgling/Art/Sprites/Characters/Player/Walk/fledgling_walk_right_Sprite_2.uexp" 1118
"C:/Users/user/Documents/GitHub/Fledgling/Content/Fledgling/Art/Sprites/Characters/Player/Walk/fledgling_walk_right_Sprite_3.uasset" 1119
"C:/Users/user/Documents/GitHub/Fledgling/Content/Fledgling/Art/Sprites/Characters/Player/Walk/fledgling_walk_right_Sprite_3.uexp" 1120
"C:/Users/user/Documents/GitHub/Fledgling/Content/Fledgling/Art/Sprites/Characters/Player/Walk/FB_fledgling_walk_right.uasset" 1121
"C:/Users/user/Documents/GitHub/Fledgling/Content/Fledgling/Art/Sprites/Characters/Player/Walk/FB_fledgling_walk_right.uexp" 1122
"C:/Users/user/Documents/GitHub/Fledgling/Content/Fledgling/Characters/Player/AnimSequences/Player_HorizontalMove.uasset" 1123
"C:/Users/user/Documents/GitHub/Fledgling/Content/Fledgling/Characters/Player/AnimSequences/Player_HorizontalMove.uexp" 1124
"C:/Users/user/Documents/GitHub/Fledgling/Content/Fledgling/Art/Sprites/Characters/Player/Idle/fledgling_idle_n.uasset" 1125
"C:/Users/user/Documents/GitHub/Fledgling/Content/Fledgling/Art/Sprites/Characters/Player/Idle/fledgling_idle_n.uexp" 1126
"C:/Users/user/Documents/GitHub/Fledgling/Content/Fledgling/Art/Sprites/Characters/Player/Idle/fledgling_Idle.uasset" 1127
"C:/Users/user/Documents/GitHub/Fledgling/Content/Fledgling/Art/Sprites/Characters/Player/Idle/fledgling_Idle.uexp" 1128
"C:/Users/user/Documents/GitHub/Fledgling/Content/Fledgling/Art/Sprites/Characters/Player/Idle/fledgling_Idle_Sprite_12.uasset" 1129
"C:/Users/user/Documents/GitHub/Fledgling/Content/Fledgling/Art/Sprites/Characters/Player/Idle/fledgling_Idle_Sprite_12.uexp" 1130
"C:/Users/user/Documents/GitHub/Fledgling/Content/Fledgling/Art/Sprites/Characters/Player/Idle/fledgling_Idle_Sprite_13.uasset" 1131
"C:/Users/user/Documents/GitHub/Fledgling/Content/Fledgling/Art/Sprites/Characters/Player/Idle/fledgling_Idle_Sprite_13.uexp" 1132
"C:/Users/user/Documents/GitHub/Fledgling/Content/Fledgling/Art/Sprites/Characters/Player/Idle/fledgling_Idle_Sprite_14.uasset" 1133
"C:/Users/user/Documents/GitHub/Fledgling/Content/Fledgling/Art/Sprites/Characters/Player/Idle/fledgling_Idle_Sprite_14.uexp" 1134
"C:/Users/user/Documents/GitHub/Fledgling/Content/Fledgling/Art/Sprites/Characters/Player/Idle/fledgling_Idle_Sprite_15.uasset" 1135
"C:/Users/user/Documents/GitHub/Fledgling/Content/Fledgling/Art/Sprites/Characters/Player/Idle/fledgling_Idle_Sprite_15.uexp" 1136
"C:/Users/user/Documents/GitHub/Fledgling/Content/Fledgling/Art/Sprites/Characters/Player/Idle/Fledg_Idle.uasset" 1137
"C:/Users/user/Documents/GitHub/Fledgling/Content/Fledgling/Art/Sprites/Characters/Player/Idle/Fledg_Idle.uexp" 1138
"C:/Users/user/Documents/GitHub/Fledgling/Content/Fledgling/Characters/Player/AnimSequences/Player_Idle.uasset" 1139
"C:/Users/user/Documents/GitHub/Fledgling/Content/Fledgling/Characters/Player/AnimSequences/Player_Idle.uexp" 1140
"C:/Users/user/Documents/GitHub/Fledgling/Content/Fledgling/Characters/Player/ABP_Player.uasset" 1141
"C:/Users/user/Documents/GitHub/Fledgling/Content/Fledgling/Characters/Player/ABP_Player.uexp" 1142
"C:/Users/user/Documents/GitHub/Fledgling/Content/Fledgling/Art/Sprites/Characters/Player/Old/FledglingWalk-Sheet_n.uasset" 1143
"C:/Users/user/Documents/GitHub/Fledgling/Content/Fledgling/Art/Sprites/Characters/Player/Old/FledglingWalk-Sheet_n.uexp" 1144
"C:/Users/user/Documents/GitHub/Fledgling/Content/Fledgling/Art/Materials/M_Customlitpapermaterial.uasset" 1145
"C:/Users/user/Documents/GitHub/Fledgling/Content/Fledgling/Art/Materials/M_Customlitpapermaterial.uexp" 1146
"C:/Users/user/Documents/GitHub/Fledgling/Content/Fledgling/Art/Materials/MI_Customlitpapermaterial_Inst.uasset" 1147
"C:/Users/user/Documents/GitHub/Fledgling/Content/Fledgling/Art/Materials/MI_Customlitpapermaterial_Inst.uexp" 1148
"C:/Users/user/Documents/GitHub/Fledgling/Content/Fledgling/Art/Sprites/Characters/Player/Old/Fledg_Walk.uasset" 1149
"C:/Users/user/Documents/GitHub/Fledgling/Content/Fledgling/Art/Sprites/Characters/Player/Old/Fledg_Walk.uexp" 1150
"C:/Users/user/Documents/GitHub/Fledgling/Content/Fledgling/Art/Sprites/Characters/Player/Old/Fledg_Walk_Sprite_0.uasset" 1151
"C:/Users/user/Documents/GitHub/Fledgling/Content/Fledgling/Art/Sprites/Characters/Player/Old/Fledg_Walk_Sprite_0.uexp" 1152
"C:/Users/user/Documents/GitHub/Fledgling/Content/Fledgling/Art/Sprites/Characters/Player/Old/Fledg_Walk_Sprite_1.uasset" 1153
"C:/Users/user/Documents/GitHub/Fledgling/Content/Fledgling/Art/Sprites/Characters/Player/Old/Fledg_Walk_Sprite_1.uexp" 1154
"C:/Users/user/Documents/GitHub/Fledgling/Content/Fledgling/Art/Sprites/Characters/Player/Old/Fledg_Walk_Sprite_2.uasset" 1155
"C:/Users/user/Documents/GitHub/Fledgling/Content/Fledgling/Art/Sprites/Characters/Player/Old/Fledg_Walk_Sprite_2.uexp" 1156
"C:/Users/user/Documents/GitHub/Fledgling/Content/Fledgling/Art/Sprites/Characters/Player/Old/Fledg_WalkwNormal.uasset" 1157
"C:/Users/user/Documents/GitHub/Fledgling/Content/Fledgling/Art/Sprites/Characters/Player/Old/Fledg_WalkwNormal.uexp" 1158
"C:/Users/user/Documents/GitHub/Fledgling/Content/Fledgling/Audio/DT_SublevelMusic.uasset" 1159
"C:/Users/user/Documents/GitHub/Fledgling/Content/Fledgling/Audio/DT_SublevelMusic.uexp" 1160
"C:/Users/user/Documents/GitHub/Fledgling/Content/Fledgling/Art/M_Snowstorm.uasset" 1161
"C:/Users/user/Documents/GitHub/Fledgling/Content/Fledgling/Art/M_Snowstorm.uexp" 1162
"C:/Users/user/Documents/GitHub/Fledgling/Content/Fledgling/Art/Niagara/Snowstorm/NS_Snowstorm_1.uasset" 1163
"C:/Users/user/Documents/GitHub/Fledgling/Content/Fledgling/Art/Niagara/Snowstorm/NS_Snowstorm_1.uexp" 1164
"C:/Users/user/Documents/GitHub/Fledgling/Content/Fledgling/Inventory/Data_Types/S_Weapon.uasset" 1165
"C:/Users/user/Documents/GitHub/Fledgling/Content/Fledgling/Inventory/Data_Types/S_Weapon.uexp" 1166
"C:/Users/user/Documents/GitHub/Fledgling/Content/Fledgling/Art/Sprites/Weapons/axe.uasset" 1167
"C:/Users/user/Documents/GitHub/Fledgling/Content/Fledgling/Art/Sprites/Weapons/axe.uexp" 1168
"C:/Users/user/Documents/GitHub/Fledgling/Content/Fledgling/Art/Sprites/Cards/Weapons/CopperDagger_Card.uasset" 1169
"C:/Users/user/Documents/GitHub/Fledgling/Content/Fledgling/Art/Sprites/Cards/Weapons/CopperDagger_Card.uexp" 1170
"C:/Users/user/Documents/GitHub/Fledgling/Content/Fledgling/Art/Sprites/Cards/Weapons/CopperDagger_Card_Sprite.uasset" 1171
"C:/Users/user/Documents/GitHub/Fledgling/Content/Fledgling/Art/Sprites/Cards/Weapons/CopperDagger_Card_Sprite.uexp" 1172
"C:/Users/user/Documents/GitHub/Fledgling/Content/Fledgling/Combat/DataTables/PlayerCards/FromWeapons/DT_W_CopperDagger.uasset" 1173
"C:/Users/user/Documents/GitHub/Fledgling/Content/Fledgling/Combat/DataTables/PlayerCards/FromWeapons/DT_W_CopperDagger.uexp" 1174
"C:/Users/user/Documents/GitHub/Fledgling/Content/Fledgling/Combat/DataTables/PlayerCards/FromWeapons/BeaGrattWeapons/DT_W_TailWhip.uasset" 1175
"C:/Users/user/Documents/GitHub/Fledgling/Content/Fledgling/Combat/DataTables/PlayerCards/FromWeapons/BeaGrattWeapons/DT_W_TailWhip.uexp" 1176
"C:/Users/user/Documents/GitHub/Fledgling/Content/Fledgling/Art/Sprites/Weapons/sword-export.uasset" 1177
"C:/Users/user/Documents/GitHub/Fledgling/Content/Fledgling/Art/Sprites/Weapons/sword-export.uexp" 1178
"C:/Users/user/Documents/GitHub/Fledgling/Content/Fledgling/Art/Sprites/Cards/Weapons/Sword_cards.uasset" 1179
"C:/Users/user/Documents/GitHub/Fledgling/Content/Fledgling/Art/Sprites/Cards/Weapons/Sword_cards.uexp" 1180
"C:/Users/user/Documents/GitHub/Fledgling/Content/Fledgling/Art/Sprites/Cards/Weapons/Sword_cards_Sprite.uasset" 1181
"C:/Users/user/Documents/GitHub/Fledgling/Content/Fledgling/Art/Sprites/Cards/Weapons/Sword_cards_Sprite.uexp" 1182
"C:/Users/user/Documents/GitHub/Fledgling/Content/Fledgling/Combat/DataTables/PlayerCards/FromWeapons/BeaGrattWeapons/DT_W_RatSword.uasset" 1183
"C:/Users/user/Documents/GitHub/Fledgling/Content/Fledgling/Combat/DataTables/PlayerCards/FromWeapons/BeaGrattWeapons/DT_W_RatSword.uexp" 1184
"C:/Users/user/Documents/GitHub/Fledgling/Content/Fledgling/Art/Sprites/Cards/Weapons/Hammer_cards.uasset" 1185
"C:/Users/user/Documents/GitHub/Fledgling/Content/Fledgling/Art/Sprites/Cards/Weapons/Hammer_cards.uexp" 1186
"C:/Users/user/Documents/GitHub/Fledgling/Content/Fledgling/Art/Sprites/Cards/Weapons/Hammer_cards_Sprite.uasset" 1187
"C:/Users/user/Documents/GitHub/Fledgling/Content/Fledgling/Art/Sprites/Cards/Weapons/Hammer_cards_Sprite.uexp" 1188
"C:/Users/user/Documents/GitHub/Fledgling/Content/Fledgling/Combat/DataTables/PlayerCards/FromWeapons/DT_W_RuneHammer.uasset" 1189
"C:/Users/user/Documents/GitHub/Fledgling/Content/Fledgling/Combat/DataTables/PlayerCards/FromWeapons/DT_W_RuneHammer.uexp" 1190
"C:/Users/user/Documents/GitHub/Fledgling/Content/Fledgling/Combat/DataTables/PlayerCards/FromWeapons/BeaGrattWeapons/DT_W_BoneAxe.uasset" 1191
"C:/Users/user/Documents/GitHub/Fledgling/Content/Fledgling/Combat/DataTables/PlayerCards/FromWeapons/BeaGrattWeapons/DT_W_BoneAxe.uexp" 1192
"C:/Users/user/Documents/GitHub/Fledgling/Content/Fledgling/Art/Sprites/Weapons/sword.uasset" 1193
"C:/Users/user/Documents/GitHub/Fledgling/Content/Fledgling/Art/Sprites/Weapons/sword.uexp" 1194
"C:/Users/user/Documents/GitHub/Fledgling/Content/Fledgling/Art/Sprites/Weapons/RuneHammer.uasset" 1195
"C:/Users/user/Documents/GitHub/Fledgling/Content/Fledgling/Art/Sprites/Weapons/RuneHammer.uexp" 1196
"C:/Users/user/Documents/GitHub/Fledgling/Content/Fledgling/Art/Sprites/Weapons/rat_tail_whip.uasset" 1197
"C:/Users/user/Documents/GitHub/Fledgling/Content/Fledgling/Art/Sprites/Weapons/rat_tail_whip.uexp" 1198
"../../../Engine/Content/VREditor/Sounds/UI/Radial_Menu_FadeOut.ubulk" 1199
"../../../Engine/Content/VREditor/Sounds/UI/Radial_Menu_FadeOut.uasset" 1200
"../../../Engine/Content/VREditor/Sounds/UI/Radial_Menu_FadeOut.uexp" 1201
"../../../Engine/Content/VREditor/Sounds/UI/Floating_UI_Close.ubulk" 1202
"../../../Engine/Content/VREditor/Sounds/UI/Floating_UI_Close.uasset" 1203
"../../../Engine/Content/VREditor/Sounds/UI/Floating_UI_Close.uexp" 1204
"../../../Engine/Content/EngineSounds/1kSineTonePing.ubulk" 1205
"../../../Engine/Content/EngineSounds/1kSineTonePing.uasset" 1206
"../../../Engine/Content/EngineSounds/1kSineTonePing.uexp" 1207
"C:/Users/user/Documents/GitHub/Fledgling/Content/Fledgling/Art/Sprites/Cards/Weapons/empty_cardst.uasset" 1208
"C:/Users/user/Documents/GitHub/Fledgling/Content/Fledgling/Art/Sprites/Cards/Weapons/empty_cardst.uexp" 1209
"C:/Users/user/Documents/GitHub/Fledgling/Content/Fledgling/Art/Sprites/Cards/Weapons/empty_cardst_Sprite.uasset" 1210
"C:/Users/user/Documents/GitHub/Fledgling/Content/Fledgling/Art/Sprites/Cards/Weapons/empty_cardst_Sprite.uexp" 1211
"../../../Engine/Content/VREditor/Sounds/UI/Object_PickUp.ubulk" 1212
"../../../Engine/Content/VREditor/Sounds/UI/Object_PickUp.uasset" 1213
"../../../Engine/Content/VREditor/Sounds/UI/Object_PickUp.uexp" 1214
"C:/Users/user/Documents/GitHub/Fledgling/Content/Fledgling/Combat/DataTables/PlayerCards/FromWeapons/DT_W_Empty.uasset" 1215
"C:/Users/user/Documents/GitHub/Fledgling/Content/Fledgling/Combat/DataTables/PlayerCards/FromWeapons/DT_W_Empty.uexp" 1216
"C:/Users/user/Documents/GitHub/Fledgling/Content/Fledgling/Art/Sprites/Weapons/copper_dagger.uasset" 1217
"C:/Users/user/Documents/GitHub/Fledgling/Content/Fledgling/Art/Sprites/Weapons/copper_dagger.uexp" 1218
"C:/Users/user/Documents/GitHub/Fledgling/Content/Fledgling/Inventory/DT_Weapons.uasset" 1219
"C:/Users/user/Documents/GitHub/Fledgling/Content/Fledgling/Inventory/DT_Weapons.uexp" 1220
"C:/Users/user/Documents/GitHub/Fledgling/Content/Fledgling/UI/Widgets/WBP_PlayerHUD.uasset" 1221
"C:/Users/user/Documents/GitHub/Fledgling/Content/Fledgling/UI/Widgets/WBP_PlayerHUD.uexp" 1222
"C:/Users/user/Documents/GitHub/Fledgling/Content/Fledgling/DialogueAndNPCS/Data/Conversations/DA_D_CC_Test2.uasset" 1223
"C:/Users/user/Documents/GitHub/Fledgling/Content/Fledgling/DialogueAndNPCS/Data/Conversations/DA_D_CC_Test2.uexp" 1224
"C:/Users/user/Documents/GitHub/Fledgling/Content/Fledgling/Art/Sprites/Characters/Player/Idle/fledgling_idle_Sprite_0.uasset" 1225
"C:/Users/user/Documents/GitHub/Fledgling/Content/Fledgling/Art/Sprites/Characters/Player/Idle/fledgling_idle_Sprite_0.uexp" 1226
"C:/Users/user/Documents/GitHub/Fledgling/Content/Fledgling/Art/Sprites/Characters/Player/Idle/fledgling_idle_Sprite_1.uasset" 1227
"C:/Users/user/Documents/GitHub/Fledgling/Content/Fledgling/Art/Sprites/Characters/Player/Idle/fledgling_idle_Sprite_1.uexp" 1228
"C:/Users/user/Documents/GitHub/Fledgling/Content/Fledgling/Art/Sprites/Characters/Player/Idle/fledgling_idle_Sprite_2.uasset" 1229
"C:/Users/user/Documents/GitHub/Fledgling/Content/Fledgling/Art/Sprites/Characters/Player/Idle/fledgling_idle_Sprite_2.uexp" 1230
"C:/Users/user/Documents/GitHub/Fledgling/Content/Fledgling/Art/Sprites/Characters/Player/Idle/fledgling_idle_Sprite_3.uasset" 1231
"C:/Users/user/Documents/GitHub/Fledgling/Content/Fledgling/Art/Sprites/Characters/Player/Idle/fledgling_idle_Sprite_3.uexp" 1232
"C:/Users/user/Documents/GitHub/Fledgling/Content/Fledgling/Art/Sprites/Characters/Player/Idle/FB_fledgling_idle.uasset" 1233
"C:/Users/user/Documents/GitHub/Fledgling/Content/Fledgling/Art/Sprites/Characters/Player/Idle/FB_fledgling_idle.uexp" 1234
"C:/Users/user/Documents/GitHub/Fledgling/Content/Fledgling/Audio/SFX/FledgFootstep01.ubulk" 1235
"C:/Users/user/Documents/GitHub/Fledgling/Content/Fledgling/Audio/SFX/FledgFootstep01.uasset" 1236
"C:/Users/user/Documents/GitHub/Fledgling/Content/Fledgling/Audio/SFX/FledgFootstep01.uexp" 1237
"C:/Users/user/Documents/GitHub/Fledgling/Content/Fledgling/Audio/SFX/FledgFootstep05.ubulk" 1238
"C:/Users/user/Documents/GitHub/Fledgling/Content/Fledgling/Audio/SFX/FledgFootstep05.uasset" 1239
"C:/Users/user/Documents/GitHub/Fledgling/Content/Fledgling/Audio/SFX/FledgFootstep05.uexp" 1240
"C:/Users/user/Documents/GitHub/Fledgling/Content/Fledgling/Audio/SFX/FledgFootstep04.ubulk" 1241
"C:/Users/user/Documents/GitHub/Fledgling/Content/Fledgling/Audio/SFX/FledgFootstep04.uasset" 1242
"C:/Users/user/Documents/GitHub/Fledgling/Content/Fledgling/Audio/SFX/FledgFootstep04.uexp" 1243
"C:/Users/user/Documents/GitHub/Fledgling/Content/Fledgling/Audio/SFX/FledgFootstep03.ubulk" 1244
"C:/Users/user/Documents/GitHub/Fledgling/Content/Fledgling/Audio/SFX/FledgFootstep03.uasset" 1245
"C:/Users/user/Documents/GitHub/Fledgling/Content/Fledgling/Audio/SFX/FledgFootstep03.uexp" 1246
"C:/Users/user/Documents/GitHub/Fledgling/Content/Fledgling/Audio/SFX/FledgFootstep02.ubulk" 1247
"C:/Users/user/Documents/GitHub/Fledgling/Content/Fledgling/Audio/SFX/FledgFootstep02.uasset" 1248
"C:/Users/user/Documents/GitHub/Fledgling/Content/Fledgling/Audio/SFX/FledgFootstep02.uexp" 1249
"C:/Users/user/Documents/GitHub/Fledgling/Content/Fledgling/Audio/SFX/FledgFootstep01_Cue.uasset" 1250
"C:/Users/user/Documents/GitHub/Fledgling/Content/Fledgling/Audio/SFX/FledgFootstep01_Cue.uexp" 1251
"C:/Users/user/Documents/GitHub/Fledgling/Content/Fledgling/Characters/NPCs/WolfDenNPCS/NPC_DenDoor.uasset" 1252
"C:/Users/user/Documents/GitHub/Fledgling/Content/Fledgling/Characters/NPCs/WolfDenNPCS/NPC_DenDoor.uexp" 1253
"C:/Users/user/Documents/GitHub/Fledgling/Content/Fledgling/DialogueOLD/DataTables/WolfDen/Bartender/DT_RegularBartender.uasset" 1254
"C:/Users/user/Documents/GitHub/Fledgling/Content/Fledgling/DialogueOLD/DataTables/WolfDen/Bartender/DT_RegularBartender.uexp" 1255
"C:/Users/user/Documents/GitHub/Fledgling/Content/Fledgling/Art/Sprites/Characters/Den/Bartender/Bartender_Idle.uasset" 1256
"C:/Users/user/Documents/GitHub/Fledgling/Content/Fledgling/Art/Sprites/Characters/Den/Bartender/Bartender_Idle.uexp" 1257
"C:/Users/user/Documents/GitHub/Fledgling/Content/Fledgling/Art/Sprites/Characters/Den/Bartender/Bartender_Idle_Sprite_0.uasset" 1258
"C:/Users/user/Documents/GitHub/Fledgling/Content/Fledgling/Art/Sprites/Characters/Den/Bartender/Bartender_Idle_Sprite_0.uexp" 1259
"C:/Users/user/Documents/GitHub/Fledgling/Content/Fledgling/Art/Sprites/Characters/Den/Bartender/Bartender_Idle_Sprite_1.uasset" 1260
"C:/Users/user/Documents/GitHub/Fledgling/Content/Fledgling/Art/Sprites/Characters/Den/Bartender/Bartender_Idle_Sprite_1.uexp" 1261
"C:/Users/user/Documents/GitHub/Fledgling/Content/Fledgling/Art/Sprites/Characters/Den/Bartender/Bartender_Idle_Sprite_2.uasset" 1262
"C:/Users/user/Documents/GitHub/Fledgling/Content/Fledgling/Art/Sprites/Characters/Den/Bartender/Bartender_Idle_Sprite_2.uexp" 1263
"C:/Users/user/Documents/GitHub/Fledgling/Content/Fledgling/Art/Sprites/Characters/Den/Bartender/Bartender_Idle_Sprite_3.uasset" 1264
"C:/Users/user/Documents/GitHub/Fledgling/Content/Fledgling/Art/Sprites/Characters/Den/Bartender/Bartender_Idle_Sprite_3.uexp" 1265
"C:/Users/user/Documents/GitHub/Fledgling/Content/Fledgling/Art/Sprites/Characters/Den/Bartender/Bartender_Idle_Sprite_4.uasset" 1266
"C:/Users/user/Documents/GitHub/Fledgling/Content/Fledgling/Art/Sprites/Characters/Den/Bartender/Bartender_Idle_Sprite_4.uexp" 1267
"C:/Users/user/Documents/GitHub/Fledgling/Content/Fledgling/Art/Sprites/Characters/Den/Bartender/Bartender_Idle_Sprite_5.uasset" 1268
"C:/Users/user/Documents/GitHub/Fledgling/Content/Fledgling/Art/Sprites/Characters/Den/Bartender/Bartender_Idle_Sprite_5.uexp" 1269
"C:/Users/user/Documents/GitHub/Fledgling/Content/Fledgling/Art/Sprites/Characters/Den/Bartender/Bartender_Idle_Sprite_6.uasset" 1270
"C:/Users/user/Documents/GitHub/Fledgling/Content/Fledgling/Art/Sprites/Characters/Den/Bartender/Bartender_Idle_Sprite_6.uexp" 1271
"C:/Users/user/Documents/GitHub/Fledgling/Content/Fledgling/Art/Sprites/Characters/Den/Bartender/Bartender_Idle_Sprite_7.uasset" 1272
"C:/Users/user/Documents/GitHub/Fledgling/Content/Fledgling/Art/Sprites/Characters/Den/Bartender/Bartender_Idle_Sprite_7.uexp" 1273
"C:/Users/user/Documents/GitHub/Fledgling/Content/Fledgling/Art/Sprites/Characters/Den/Bartender/Bartender_Idle_Sprite_8.uasset" 1274
"C:/Users/user/Documents/GitHub/Fledgling/Content/Fledgling/Art/Sprites/Characters/Den/Bartender/Bartender_Idle_Sprite_8.uexp" 1275
"C:/Users/user/Documents/GitHub/Fledgling/Content/Fledgling/Art/Sprites/Characters/Den/Bartender/Bartender_Idle_Sprite_9.uasset" 1276
"C:/Users/user/Documents/GitHub/Fledgling/Content/Fledgling/Art/Sprites/Characters/Den/Bartender/Bartender_Idle_Sprite_9.uexp" 1277
"C:/Users/user/Documents/GitHub/Fledgling/Content/Fledgling/Art/Sprites/Characters/Den/Bartender/Bartender_Idle_Sprite_10.uasset" 1278
"C:/Users/user/Documents/GitHub/Fledgling/Content/Fledgling/Art/Sprites/Characters/Den/Bartender/Bartender_Idle_Sprite_10.uexp" 1279
"C:/Users/user/Documents/GitHub/Fledgling/Content/Fledgling/Art/Sprites/Characters/Den/Bartender/Bartender_Idle_Sprite_11.uasset" 1280
"C:/Users/user/Documents/GitHub/Fledgling/Content/Fledgling/Art/Sprites/Characters/Den/Bartender/Bartender_Idle_Sprite_11.uexp" 1281
"C:/Users/user/Documents/GitHub/Fledgling/Content/Fledgling/Art/Sprites/Characters/Den/Bartender/Bartender_Idle_Sprite_12.uasset" 1282
"C:/Users/user/Documents/GitHub/Fledgling/Content/Fledgling/Art/Sprites/Characters/Den/Bartender/Bartender_Idle_Sprite_12.uexp" 1283
"C:/Users/user/Documents/GitHub/Fledgling/Content/Fledgling/Art/Sprites/Characters/Den/Bartender/Bartender_Idle_Sprite_13.uasset" 1284
"C:/Users/user/Documents/GitHub/Fledgling/Content/Fledgling/Art/Sprites/Characters/Den/Bartender/Bartender_Idle_Sprite_13.uexp" 1285
"C:/Users/user/Documents/GitHub/Fledgling/Content/Fledgling/Art/Sprites/Characters/Den/Bartender/Bartender_Idle_Sprite_14.uasset" 1286
"C:/Users/user/Documents/GitHub/Fledgling/Content/Fledgling/Art/Sprites/Characters/Den/Bartender/Bartender_Idle_Sprite_14.uexp" 1287
"C:/Users/user/Documents/GitHub/Fledgling/Content/Fledgling/Art/Sprites/Characters/Den/Bartender/Bartender_Idle_Sprite_15.uasset" 1288
"C:/Users/user/Documents/GitHub/Fledgling/Content/Fledgling/Art/Sprites/Characters/Den/Bartender/Bartender_Idle_Sprite_15.uexp" 1289
"C:/Users/user/Documents/GitHub/Fledgling/Content/Fledgling/Art/Sprites/Characters/Den/Bartender/FB_Bartender_Idle.uasset" 1290
"C:/Users/user/Documents/GitHub/Fledgling/Content/Fledgling/Art/Sprites/Characters/Den/Bartender/FB_Bartender_Idle.uexp" 1291
"C:/Users/user/Documents/GitHub/Fledgling/Content/Fledgling/DialogueOLD/DataTables/WolfDen/Bartender/DT_Bartender_FirstSale.uasset" 1292
"C:/Users/user/Documents/GitHub/Fledgling/Content/Fledgling/DialogueOLD/DataTables/WolfDen/Bartender/DT_Bartender_FirstSale.uexp" 1293
"C:/Users/user/Documents/GitHub/Fledgling/Content/Fledgling/Art/UI/Shop/ShopDescBox.uasset" 1294
"C:/Users/user/Documents/GitHub/Fledgling/Content/Fledgling/Art/UI/Shop/ShopDescBox.uexp" 1295
"C:/Users/user/Documents/GitHub/Fledgling/Content/Fledgling/Art/UI/Shop/shop_background-export.uasset" 1296
"C:/Users/user/Documents/GitHub/Fledgling/Content/Fledgling/Art/UI/Shop/shop_background-export.uexp" 1297
"C:/Users/user/Documents/GitHub/Fledgling/Content/Fledgling/Art/UI/Shop/ShopMainBox.uasset" 1298
"C:/Users/user/Documents/GitHub/Fledgling/Content/Fledgling/Art/UI/Shop/ShopMainBox.uexp" 1299
"C:/Users/user/Documents/GitHub/Fledgling/Content/Fledgling/Shop/S_Vec2DInt.uasset" 1300
"C:/Users/user/Documents/GitHub/Fledgling/Content/Fledgling/Shop/S_Vec2DInt.uexp" 1301
"C:/Users/user/Documents/GitHub/Fledgling/Content/Fledgling/Art/UI/Shop/ShopSlot_Wide.uasset" 1302
"C:/Users/user/Documents/GitHub/Fledgling/Content/Fledgling/Art/UI/Shop/ShopSlot_Wide.uexp" 1303
"C:/Users/user/Documents/GitHub/Fledgling/Content/Fledgling/Art/UI/Shop/SoldSymbol.uasset" 1304
"C:/Users/user/Documents/GitHub/Fledgling/Content/Fledgling/Art/UI/Shop/SoldSymbol.uexp" 1305
"C:/Users/user/Documents/GitHub/Fledgling/Content/Fledgling/Art/UI/Shop/ShopSlot.uasset" 1306
"C:/Users/user/Documents/GitHub/Fledgling/Content/Fledgling/Art/UI/Shop/ShopSlot.uexp" 1307
"C:/Users/user/Documents/GitHub/Fledgling/Content/Fledgling/UI/Widgets/WBP_ShopSlot.uasset" 1308
"C:/Users/user/Documents/GitHub/Fledgling/Content/Fledgling/UI/Widgets/WBP_ShopSlot.uexp" 1309
"C:/Users/user/Documents/GitHub/Fledgling/Content/Fledgling/UI/Widgets/WBP_ShopOutOfStock.uasset" 1310
"C:/Users/user/Documents/GitHub/Fledgling/Content/Fledgling/UI/Widgets/WBP_ShopOutOfStock.uexp" 1311
"C:/Users/user/Documents/GitHub/Fledgling/Content/Fledgling/Art/UI/Shop/Coin.uasset" 1312
"C:/Users/user/Documents/GitHub/Fledgling/Content/Fledgling/Art/UI/Shop/Coin.uexp" 1313
"C:/Users/user/Documents/GitHub/Fledgling/Content/Fledgling/UI/Widgets/WBP_Shop.uasset" 1314
"C:/Users/user/Documents/GitHub/Fledgling/Content/Fledgling/UI/Widgets/WBP_Shop.uexp" 1315
"C:/Users/user/Documents/GitHub/Fledgling/Content/Fledgling/Shop/BP_ShopComponent.uasset" 1316
"C:/Users/user/Documents/GitHub/Fledgling/Content/Fledgling/Shop/BP_ShopComponent.uexp" 1317
"C:/Users/user/Documents/GitHub/Fledgling/Content/Fledgling/Characters/NPCs/WolfDenNPCS/Bartender/NPC_Bartender.uasset" 1318
"C:/Users/user/Documents/GitHub/Fledgling/Content/Fledgling/Characters/NPCs/WolfDenNPCS/Bartender/NPC_Bartender.uexp" 1319
"C:/Users/user/Documents/GitHub/Fledgling/Content/Fledgling/Characters/Player/BP_Player.uasset" 1320
"C:/Users/user/Documents/GitHub/Fledgling/Content/Fledgling/Characters/Player/BP_Player.uexp" 1321
"C:/Users/user/Documents/GitHub/Fledgling/Content/Fledgling/DialogueOLD/Blueprints/BP_DialogueComponent.uasset" 1322
"C:/Users/user/Documents/GitHub/Fledgling/Content/Fledgling/DialogueOLD/Blueprints/BP_DialogueComponent.uexp" 1323
"C:/Users/user/Documents/GitHub/Fledgling/Content/Fledgling/UI/Widgets/WBP_DialogueOLD.uasset" 1324
"C:/Users/user/Documents/GitHub/Fledgling/Content/Fledgling/UI/Widgets/WBP_DialogueOLD.uexp" 1325
"C:/Users/user/Documents/GitHub/Fledgling/Content/Fledgling/Art/Sprites/Characters/Placeholder/BasicPlaceholder/Player_Idle_48x48.uasset" 1326
"C:/Users/user/Documents/GitHub/Fledgling/Content/Fledgling/Art/Sprites/Characters/Placeholder/BasicPlaceholder/Player_Idle_48x48.uexp" 1327
"C:/Users/user/Documents/GitHub/Fledgling/Content/Fledgling/Art/Sprites/Characters/Placeholder/BasicPlaceholder/Player_Idle_48x48_Sprite_0.uasset" 1328
"C:/Users/user/Documents/GitHub/Fledgling/Content/Fledgling/Art/Sprites/Characters/Placeholder/BasicPlaceholder/Player_Idle_48x48_Sprite_0.uexp" 1329
"C:/Users/user/Documents/GitHub/Fledgling/Content/Fledgling/Art/Sprites/Characters/Placeholder/BasicPlaceholder/Player_Idle_48x48_Sprite_1.uasset" 1330
"C:/Users/user/Documents/GitHub/Fledgling/Content/Fledgling/Art/Sprites/Characters/Placeholder/BasicPlaceholder/Player_Idle_48x48_Sprite_1.uexp" 1331
"C:/Users/user/Documents/GitHub/Fledgling/Content/Fledgling/Art/Sprites/Characters/Placeholder/BasicPlaceholder/Player_Idle_48x48_Sprite_2.uasset" 1332
"C:/Users/user/Documents/GitHub/Fledgling/Content/Fledgling/Art/Sprites/Characters/Placeholder/BasicPlaceholder/Player_Idle_48x48_Sprite_2.uexp" 1333
"C:/Users/user/Documents/GitHub/Fledgling/Content/Fledgling/Art/Sprites/Characters/Placeholder/BasicPlaceholder/Player_Idle_48x48_Sprite_3.uasset" 1334
"C:/Users/user/Documents/GitHub/Fledgling/Content/Fledgling/Art/Sprites/Characters/Placeholder/BasicPlaceholder/Player_Idle_48x48_Sprite_3.uexp" 1335
"C:/Users/user/Documents/GitHub/Fledgling/Content/Fledgling/Art/Sprites/Characters/Placeholder/BasicPlaceholder/Player_Idle_48x48_Sprite_4.uasset" 1336
"C:/Users/user/Documents/GitHub/Fledgling/Content/Fledgling/Art/Sprites/Characters/Placeholder/BasicPlaceholder/Player_Idle_48x48_Sprite_4.uexp" 1337
"C:/Users/user/Documents/GitHub/Fledgling/Content/Fledgling/Art/Sprites/Characters/Placeholder/BasicPlaceholder/Player_Idle_48x48_Sprite_5.uasset" 1338
"C:/Users/user/Documents/GitHub/Fledgling/Content/Fledgling/Art/Sprites/Characters/Placeholder/BasicPlaceholder/Player_Idle_48x48_Sprite_5.uexp" 1339
"C:/Users/user/Documents/GitHub/Fledgling/Content/Fledgling/Art/Sprites/Characters/Placeholder/BasicPlaceholder/Player_Idle_48x48_Sprite_6.uasset" 1340
"C:/Users/user/Documents/GitHub/Fledgling/Content/Fledgling/Art/Sprites/Characters/Placeholder/BasicPlaceholder/Player_Idle_48x48_Sprite_6.uexp" 1341
"C:/Users/user/Documents/GitHub/Fledgling/Content/Fledgling/Art/Sprites/Characters/Placeholder/BasicPlaceholder/Player_Idle_48x48_Sprite_7.uasset" 1342
"C:/Users/user/Documents/GitHub/Fledgling/Content/Fledgling/Art/Sprites/Characters/Placeholder/BasicPlaceholder/Player_Idle_48x48_Sprite_7.uexp" 1343
"C:/Users/user/Documents/GitHub/Fledgling/Content/Fledgling/Art/Sprites/Characters/Placeholder/BasicPlaceholder/Player_Idle_48x48_Sprite_8.uasset" 1344
"C:/Users/user/Documents/GitHub/Fledgling/Content/Fledgling/Art/Sprites/Characters/Placeholder/BasicPlaceholder/Player_Idle_48x48_Sprite_8.uexp" 1345
"C:/Users/user/Documents/GitHub/Fledgling/Content/Fledgling/Art/Sprites/Characters/Placeholder/BasicPlaceholder/Player_Idle_48x48_Sprite_9.uasset" 1346
"C:/Users/user/Documents/GitHub/Fledgling/Content/Fledgling/Art/Sprites/Characters/Placeholder/BasicPlaceholder/Player_Idle_48x48_Sprite_9.uexp" 1347
"C:/Users/user/Documents/GitHub/Fledgling/Content/Fledgling/Art/Sprites/Characters/Placeholder/BasicPlaceholder/FP_Idle.uasset" 1348
"C:/Users/user/Documents/GitHub/Fledgling/Content/Fledgling/Art/Sprites/Characters/Placeholder/BasicPlaceholder/FP_Idle.uexp" 1349
"C:/Users/user/Documents/GitHub/Fledgling/Content/Fledgling/Art/Sprites/Characters/Player/fledg_head.uasset" 1350
"C:/Users/user/Documents/GitHub/Fledgling/Content/Fledgling/Art/Sprites/Characters/Player/fledg_head.uexp" 1351
"C:/Users/user/Documents/GitHub/Fledgling/Content/Fledgling/DialogueOLD/DataTables/CrystalCaverns_New/DT_Ambers_Caverns.uasset" 1352
"C:/Users/user/Documents/GitHub/Fledgling/Content/Fledgling/DialogueOLD/DataTables/CrystalCaverns_New/DT_Ambers_Caverns.uexp" 1353
"C:/Users/user/Documents/GitHub/Fledgling/Content/Fledgling/Audio/Placeholder/MetalGearAlert.ubulk" 1354
"C:/Users/user/Documents/GitHub/Fledgling/Content/Fledgling/Audio/Placeholder/MetalGearAlert.uasset" 1355
"C:/Users/user/Documents/GitHub/Fledgling/Content/Fledgling/Audio/Placeholder/MetalGearAlert.uexp" 1356
"C:/Users/user/Documents/GitHub/Fledgling/Content/Fledgling/Audio/Placeholder/MetalGearAlert_Cue.uasset" 1357
"C:/Users/user/Documents/GitHub/Fledgling/Content/Fledgling/Audio/Placeholder/MetalGearAlert_Cue.uexp" 1358
"C:/Users/user/Documents/GitHub/Fledgling/Content/Fledgling/Art/Sprites/Characters/Caverns/LoneWolf/DSP_LoneWolf.uasset" 1359
"C:/Users/user/Documents/GitHub/Fledgling/Content/Fledgling/Art/Sprites/Characters/Caverns/LoneWolf/DSP_LoneWolf.uexp" 1360
"C:/Users/user/Documents/GitHub/Fledgling/Content/Fledgling/DialogueOLD/Testing/Attack-Magic-003_R.ubulk" 1361
"C:/Users/user/Documents/GitHub/Fledgling/Content/Fledgling/DialogueOLD/Testing/Attack-Magic-003_R.uasset" 1362
"C:/Users/user/Documents/GitHub/Fledgling/Content/Fledgling/DialogueOLD/Testing/Attack-Magic-003_R.uexp" 1363
"C:/Users/user/Documents/GitHub/Fledgling/Content/Fledgling/DialogueOLD/Testing/Attack-Magic-003_R_Cue.uasset" 1364
"C:/Users/user/Documents/GitHub/Fledgling/Content/Fledgling/DialogueOLD/Testing/Attack-Magic-003_R_Cue.uexp" 1365
"C:/Users/user/Documents/GitHub/Fledgling/Content/Fledgling/DialogueOLD/DataTables/DT_LoneWolfDialogue.uasset" 1366
"C:/Users/user/Documents/GitHub/Fledgling/Content/Fledgling/DialogueOLD/DataTables/DT_LoneWolfDialogue.uexp" 1367
"C:/Users/user/Documents/GitHub/Fledgling/Content/Fledgling/Art/Sprites/Characters/Caverns/Dove/Portrait_Dove.uasset" 1368
"C:/Users/user/Documents/GitHub/Fledgling/Content/Fledgling/Art/Sprites/Characters/Caverns/Dove/Portrait_Dove.uexp" 1369
"C:/Users/user/Documents/GitHub/Fledgling/Content/Fledgling/DialogueOLD/DataTables/SnowyMountain/Tutorials/Combat/DT_Madness_tutorial_Combat.uasset" 1370
"C:/Users/user/Documents/GitHub/Fledgling/Content/Fledgling/DialogueOLD/DataTables/SnowyMountain/Tutorials/Combat/DT_Madness_tutorial_Combat.uexp" 1371
"C:/Users/user/Documents/GitHub/Fledgling/Content/Fledgling/Characters/NPCs/BP_NPC_ParentClass.uasset" 1372
"C:/Users/user/Documents/GitHub/Fledgling/Content/Fledgling/Characters/NPCs/BP_NPC_ParentClass.uexp" 1373
"C:/Users/user/Documents/GitHub/Fledgling/Content/Fledgling/Levels/Blueprints/Puzzles/SimonSays/S_Puzzle_SaveData.uasset" 1374
"C:/Users/user/Documents/GitHub/Fledgling/Content/Fledgling/Levels/Blueprints/Puzzles/SimonSays/S_Puzzle_SaveData.uexp" 1375
"C:/Users/user/Documents/GitHub/Fledgling/Content/Fledgling/Core/SaveGame/BP_Save.uasset" 1376
"C:/Users/user/Documents/GitHub/Fledgling/Content/Fledgling/Core/SaveGame/BP_Save.uexp" 1377
"C:/Users/user/Documents/GitHub/Fledgling/Content/Fledgling/Art/Placeholder/QRCode2.uasset" 1378
"C:/Users/user/Documents/GitHub/Fledgling/Content/Fledgling/Art/Placeholder/QRCode2.uexp" 1379
"C:/Users/user/Documents/GitHub/Fledgling/Content/Fledgling/Art/LevelDesign/Backgrounds/WD_CombatBG_02.uasset" 1380
"C:/Users/user/Documents/GitHub/Fledgling/Content/Fledgling/Art/LevelDesign/Backgrounds/WD_CombatBG_02.uexp" 1381
"C:/Users/user/Documents/GitHub/Fledgling/Content/Fledgling/Art/Placeholder/Wolfies.uasset" 1382
"C:/Users/user/Documents/GitHub/Fledgling/Content/Fledgling/Art/Placeholder/Wolfies.uexp" 1383
"C:/Users/user/Documents/GitHub/Fledgling/Content/Fledgling/Art/Placeholder/FledgSketch.uasset" 1384
"C:/Users/user/Documents/GitHub/Fledgling/Content/Fledgling/Art/Placeholder/FledgSketch.uexp" 1385
"C:/Users/user/Documents/GitHub/Fledgling/Content/Fledgling/UI/CommonUI/Text/BP_CommonTitleText.uasset" 1386
"C:/Users/user/Documents/GitHub/Fledgling/Content/Fledgling/UI/CommonUI/Text/BP_CommonTitleText.uexp" 1387
"C:/Users/user/Documents/GitHub/Fledgling/Content/Fledgling/Art/UI/Shop/shop_background.uasset" 1388
"C:/Users/user/Documents/GitHub/Fledgling/Content/Fledgling/Art/UI/Shop/shop_background.uexp" 1389
"C:/Users/user/Documents/GitHub/Fledgling/Content/Fledgling/Art/Placeholder/BeaGrattCutie.uasset" 1390
"C:/Users/user/Documents/GitHub/Fledgling/Content/Fledgling/Art/Placeholder/BeaGrattCutie.uexp" 1391
"C:/Users/user/Documents/GitHub/Fledgling/Content/Fledgling/UI/MainMenu/WhatsNext/WBP_WhatsNextNZGDC.uasset" 1392
"C:/Users/user/Documents/GitHub/Fledgling/Content/Fledgling/UI/MainMenu/WhatsNext/WBP_WhatsNextNZGDC.uexp" 1393
"C:/Users/user/Documents/GitHub/Fledgling/Content/Fledgling/UI/Cutscene/CutsceneAudio.ubulk" 1394
"C:/Users/user/Documents/GitHub/Fledgling/Content/Fledgling/UI/Cutscene/CutsceneAudio.uasset" 1395
"C:/Users/user/Documents/GitHub/Fledgling/Content/Fledgling/UI/Cutscene/CutsceneAudio.uexp" 1396
"C:/Users/user/Documents/GitHub/Fledgling/Content/Fledgling/Audio/Foley/Cards_being_placed_-_multiple.ubulk" 1397
"C:/Users/user/Documents/GitHub/Fledgling/Content/Fledgling/Audio/Foley/Cards_being_placed_-_multiple.uasset" 1398
"C:/Users/user/Documents/GitHub/Fledgling/Content/Fledgling/Audio/Foley/Cards_being_placed_-_multiple.uexp" 1399
"../../../Engine/Content/Functions/Engine_MaterialFunctions02/ExampleContent/DebugNumberStrip.uasset" 1400
"../../../Engine/Content/Functions/Engine_MaterialFunctions02/ExampleContent/DebugNumberStrip.uexp" 1401
"../../../Engine/Content/Functions/Engine_MaterialFunctions01/Texturing/ComputeMipLevel.uasset" 1402
"../../../Engine/Content/Functions/Engine_MaterialFunctions01/Texturing/ComputeMipLevel.uexp" 1403
"../../../Engine/Content/Functions/Engine_MaterialFunctions01/Texturing/TextureCropping.uasset" 1404
"../../../Engine/Content/Functions/Engine_MaterialFunctions01/Texturing/TextureCropping.uexp" 1405
"../../../Engine/Content/Functions/Engine_MaterialFunctions02/ExampleContent/Textures/DebugNumberPeriod.uasset" 1406
"../../../Engine/Content/Functions/Engine_MaterialFunctions02/ExampleContent/Textures/DebugNumberPeriod.uexp" 1407
"../../../Engine/Content/Functions/Engine_MaterialFunctions02/Utility/DebugScalarValues.uasset" 1408
"../../../Engine/Content/Functions/Engine_MaterialFunctions02/Utility/DebugScalarValues.uexp" 1409
"../../../Engine/Content/Functions/Engine_MaterialFunctions02/Utility/DebugFloat2Values.uasset" 1410
"../../../Engine/Content/Functions/Engine_MaterialFunctions02/Utility/DebugFloat2Values.uexp" 1411
"C:/Users/user/Documents/GitHub/Fledgling/Content/Fledgling/Art/UI/Menu/03.uasset" 1412
"C:/Users/user/Documents/GitHub/Fledgling/Content/Fledgling/Art/UI/Menu/03.uexp" 1413
"../../../Engine/Content/Functions/Engine_MaterialFunctions02/ExampleContent/Textures/flipbook.ubulk" 1414
"../../../Engine/Content/Functions/Engine_MaterialFunctions02/ExampleContent/Textures/flipbook.uasset" 1415
"../../../Engine/Content/Functions/Engine_MaterialFunctions02/ExampleContent/Textures/flipbook.uexp" 1416
"../../../Engine/Content/Functions/Engine_MaterialFunctions02/Texturing/FlipBook.uasset" 1417
"../../../Engine/Content/Functions/Engine_MaterialFunctions02/Texturing/FlipBook.uexp" 1418
"C:/Users/user/Documents/GitHub/Fledgling/Content/Fledgling/Art/UI/Menu/MI_Load.uasset" 1419
"C:/Users/user/Documents/GitHub/Fledgling/Content/Fledgling/Art/UI/Menu/MI_Load.uexp" 1420
"C:/Users/user/Documents/GitHub/Fledgling/Content/Fledgling/UI/MainMenu/WBP_LoadScreen.uasset" 1421
"C:/Users/user/Documents/GitHub/Fledgling/Content/Fledgling/UI/MainMenu/WBP_LoadScreen.uexp" 1422
"C:/Users/user/Documents/GitHub/Fledgling/Content/Fledgling/Art/NASA_White.uasset" 1423
"C:/Users/user/Documents/GitHub/Fledgling/Content/Fledgling/Art/NASA_White.uexp" 1424
"C:/Users/user/Documents/GitHub/Fledgling/Content/Fledgling/UI/MainMenu/WBP_Credits.uasset" 1425
"C:/Users/user/Documents/GitHub/Fledgling/Content/Fledgling/UI/MainMenu/WBP_Credits.uexp" 1426
"C:/Users/user/Documents/GitHub/Fledgling/Content/Fledgling/Audio/Music/Mastered/Nest/SW_NestTheme_Mastered.ubulk" 1427
"C:/Users/user/Documents/GitHub/Fledgling/Content/Fledgling/Audio/Music/Mastered/Nest/SW_NestTheme_Mastered.uasset" 1428
"C:/Users/user/Documents/GitHub/Fledgling/Content/Fledgling/Audio/Music/Mastered/Nest/SW_NestTheme_Mastered.uexp" 1429
"C:/Users/user/Documents/GitHub/Fledgling/Content/Fledgling/Art/UI/Menu/TitletextPNG.uasset" 1430
"C:/Users/user/Documents/GitHub/Fledgling/Content/Fledgling/Art/UI/Menu/TitletextPNG.uexp" 1431
"C:/Users/user/Documents/GitHub/Fledgling/Content/Fledgling/Characters/Player/Inputs/IMC_PlayerCombat.uasset" 1432
"C:/Users/user/Documents/GitHub/Fledgling/Content/Fledgling/Characters/Player/Inputs/IMC_PlayerCombat.uexp" 1433
"C:/Users/user/Documents/GitHub/Fledgling/Content/Fledgling/Combat/CardUI/WBP_ResultCombat.uasset" 1434
"C:/Users/user/Documents/GitHub/Fledgling/Content/Fledgling/Combat/CardUI/WBP_ResultCombat.uexp" 1435
"C:/Users/user/Documents/GitHub/Fledgling/Content/Fledgling/Combat/Strucs/E_ReactionType.uasset" 1436
"C:/Users/user/Documents/GitHub/Fledgling/Content/Fledgling/Combat/Strucs/E_ReactionType.uexp" 1437
"C:/Users/user/Documents/GitHub/Fledgling/Content/Fledgling/Combat/Strucs/I_Combat.uasset" 1438
"C:/Users/user/Documents/GitHub/Fledgling/Content/Fledgling/Combat/Strucs/I_Combat.uexp" 1439
"C:/Users/user/Documents/GitHub/Fledgling/Content/Fledgling/Combat/Strucs/E_DotEffects.uasset" 1440
"C:/Users/user/Documents/GitHub/Fledgling/Content/Fledgling/Combat/Strucs/E_DotEffects.uexp" 1441
"C:/Users/user/Documents/GitHub/Fledgling/Content/Fledgling/NewCombat/Widgets/WBP_Scrollbox_Line.uasset" 1442
"C:/Users/user/Documents/GitHub/Fledgling/Content/Fledgling/NewCombat/Widgets/WBP_Scrollbox_Line.uexp" 1443
"C:/Users/user/Documents/GitHub/Fledgling/Content/Fledgling/Art/UI/Combat/HUD/Scroll_Box.uasset" 1444
"C:/Users/user/Documents/GitHub/Fledgling/Content/Fledgling/Art/UI/Combat/HUD/Scroll_Box.uexp" 1445
"C:/Users/user/Documents/GitHub/Fledgling/Content/Fledgling/Art/UI/Combat/HUD/Scroll_Box_Icon.uasset" 1446
"C:/Users/user/Documents/GitHub/Fledgling/Content/Fledgling/Art/UI/Combat/HUD/Scroll_Box_Icon.uexp" 1447
"C:/Users/user/Documents/GitHub/Fledgling/Content/Fledgling/NewCombat/Widgets/WBP_Scrollbox.uasset" 1448
"C:/Users/user/Documents/GitHub/Fledgling/Content/Fledgling/NewCombat/Widgets/WBP_Scrollbox.uexp" 1449
"C:/Users/user/Documents/GitHub/Fledgling/Content/Fledgling/Core/Interfaces/I_StatusUpdate.uasset" 1450
"C:/Users/user/Documents/GitHub/Fledgling/Content/Fledgling/Core/Interfaces/I_StatusUpdate.uexp" 1451
"C:/Users/user/Documents/GitHub/Fledgling/Content/Fledgling/Art/Sprites/Cards/Ambers/SharpAmber_cards.uasset" 1452
"C:/Users/user/Documents/GitHub/Fledgling/Content/Fledgling/Art/Sprites/Cards/Ambers/SharpAmber_cards.uexp" 1453
"C:/Users/user/Documents/GitHub/Fledgling/Content/Fledgling/Art/Sprites/Cards/Ambers/SharpAmber_cards_Sprite.uasset" 1454
"C:/Users/user/Documents/GitHub/Fledgling/Content/Fledgling/Art/Sprites/Cards/Ambers/SharpAmber_cards_Sprite.uexp" 1455
"C:/Users/user/Documents/GitHub/Fledgling/Content/Fledgling/Art/Sprites/Cards/Companions/Maus_Card.uasset" 1456
"C:/Users/user/Documents/GitHub/Fledgling/Content/Fledgling/Art/Sprites/Cards/Companions/Maus_Card.uexp" 1457
"C:/Users/user/Documents/GitHub/Fledgling/Content/Fledgling/Art/Sprites/Cards/Companions/Maus_Card_Sprite.uasset" 1458
"C:/Users/user/Documents/GitHub/Fledgling/Content/Fledgling/Art/Sprites/Cards/Companions/Maus_Card_Sprite.uexp" 1459
"C:/Users/user/Documents/GitHub/Fledgling/Content/Fledgling/Art/Sprites/Cards/Ambers/InfectAmber_cards.uasset" 1460
"C:/Users/user/Documents/GitHub/Fledgling/Content/Fledgling/Art/Sprites/Cards/Ambers/InfectAmber_cards.uexp" 1461
"C:/Users/user/Documents/GitHub/Fledgling/Content/Fledgling/Art/Sprites/Cards/Ambers/InfectAmber_cards_Sprite.uasset" 1462
"C:/Users/user/Documents/GitHub/Fledgling/Content/Fledgling/Art/Sprites/Cards/Ambers/InfectAmber_cards_Sprite.uexp" 1463
"C:/Users/user/Documents/GitHub/Fledgling/Content/Fledgling/Art/Sprites/Cards/Companions/DoveCards.uasset" 1464
"C:/Users/user/Documents/GitHub/Fledgling/Content/Fledgling/Art/Sprites/Cards/Companions/DoveCards.uexp" 1465
"C:/Users/user/Documents/GitHub/Fledgling/Content/Fledgling/Art/Sprites/Cards/Companions/DoveCards_Sprite.uasset" 1466
"C:/Users/user/Documents/GitHub/Fledgling/Content/Fledgling/Art/Sprites/Cards/Companions/DoveCards_Sprite.uexp" 1467
"C:/Users/user/Documents/GitHub/Fledgling/Content/Fledgling/Art/Sprites/Cards/Ambers/BraceAmber_cards.uasset" 1468
"C:/Users/user/Documents/GitHub/Fledgling/Content/Fledgling/Art/Sprites/Cards/Ambers/BraceAmber_cards.uexp" 1469
"C:/Users/user/Documents/GitHub/Fledgling/Content/Fledgling/Art/Sprites/Cards/Ambers/BraceAmber_cards_Sprite.uasset" 1470
"C:/Users/user/Documents/GitHub/Fledgling/Content/Fledgling/Art/Sprites/Cards/Ambers/BraceAmber_cards_Sprite.uexp" 1471
"C:/Users/user/Documents/GitHub/Fledgling/Content/Fledgling/Art/Sprites/Cards/Ambers/BonkAmber_cards.uasset" 1472
"C:/Users/user/Documents/GitHub/Fledgling/Content/Fledgling/Art/Sprites/Cards/Ambers/BonkAmber_cards.uexp" 1473
"C:/Users/user/Documents/GitHub/Fledgling/Content/Fledgling/Art/Sprites/Cards/Ambers/BonkAmber_cards_Sprite.uasset" 1474
"C:/Users/user/Documents/GitHub/Fledgling/Content/Fledgling/Art/Sprites/Cards/Ambers/BonkAmber_cards_Sprite.uexp" 1475
"C:/Users/user/Documents/GitHub/Fledgling/Content/Fledgling/Art/Sprites/Cards/Ambers/HardenAmber_cards.uasset" 1476
"C:/Users/user/Documents/GitHub/Fledgling/Content/Fledgling/Art/Sprites/Cards/Ambers/HardenAmber_cards.uexp" 1477
"C:/Users/user/Documents/GitHub/Fledgling/Content/Fledgling/Art/Sprites/Cards/Ambers/HardenAmber_cards_Sprite.uasset" 1478
"C:/Users/user/Documents/GitHub/Fledgling/Content/Fledgling/Art/Sprites/Cards/Ambers/HardenAmber_cards_Sprite.uexp" 1479
"C:/Users/user/Documents/GitHub/Fledgling/Content/Fledgling/Combat/DataTables/PlayerCards/DT_Cards.uasset" 1480
"C:/Users/user/Documents/GitHub/Fledgling/Content/Fledgling/Combat/DataTables/PlayerCards/DT_Cards.uexp" 1481
"C:/Users/user/Documents/GitHub/Fledgling/Content/Fledgling/Combat/Strucs/S_DoTEffect.uasset" 1482
"C:/Users/user/Documents/GitHub/Fledgling/Content/Fledgling/Combat/Strucs/S_DoTEffect.uexp" 1483
"C:/Users/user/Documents/GitHub/Fledgling/Content/Fledgling/Art/UI/Combat/HUD/End_Turn_Button.uasset" 1484
"C:/Users/user/Documents/GitHub/Fledgling/Content/Fledgling/Art/UI/Combat/HUD/End_Turn_Button.uexp" 1485
"C:/Users/user/Documents/GitHub/Fledgling/Content/Fledgling/Art/UI/Combat/HUD/Vel/Vel_Tracker.uasset" 1486
"C:/Users/user/Documents/GitHub/Fledgling/Content/Fledgling/Art/UI/Combat/HUD/Vel/Vel_Tracker.uexp" 1487
"C:/Users/user/Documents/GitHub/Fledgling/Content/Fledgling/NewCombat/PC_CombatController.uasset" 1488
"C:/Users/user/Documents/GitHub/Fledgling/Content/Fledgling/NewCombat/PC_CombatController.uexp" 1489
"C:/Users/user/Documents/GitHub/Fledgling/Content/Fledgling/NewCombat/GM_NewCombat.uasset" 1490
"C:/Users/user/Documents/GitHub/Fledgling/Content/Fledgling/NewCombat/GM_NewCombat.uexp" 1491
"C:/Users/user/Documents/GitHub/Fledgling/Content/Fledgling/Art/UI/Combat/HUD/Health/Health_depleted_overlay__2_.uasset" 1492
"C:/Users/user/Documents/GitHub/Fledgling/Content/Fledgling/Art/UI/Combat/HUD/Health/Health_depleted_overlay__2_.uexp" 1493
"C:/Users/user/Documents/GitHub/Fledgling/Content/Fledgling/UI/Widgets/WBP_TooltipPopUp.uasset" 1494
"C:/Users/user/Documents/GitHub/Fledgling/Content/Fledgling/UI/Widgets/WBP_TooltipPopUp.uexp" 1495
"C:/Users/user/Documents/GitHub/Fledgling/Content/Fledgling/Audio/UI/shake.ubulk" 1496
"C:/Users/user/Documents/GitHub/Fledgling/Content/Fledgling/Audio/UI/shake.uasset" 1497
"C:/Users/user/Documents/GitHub/Fledgling/Content/Fledgling/Audio/UI/shake.uexp" 1498
"C:/Users/user/Documents/GitHub/Fledgling/Content/Fledgling/Audio/UI/damage.ubulk" 1499
"C:/Users/user/Documents/GitHub/Fledgling/Content/Fledgling/Audio/UI/damage.uasset" 1500
"C:/Users/user/Documents/GitHub/Fledgling/Content/Fledgling/Audio/UI/damage.uexp" 1501
"C:/Users/user/Documents/GitHub/Fledgling/Content/Fledgling/Art/Sprites/Characters/Caverns/Rats/beagratt_portrait.uasset" 1502
"C:/Users/user/Documents/GitHub/Fledgling/Content/Fledgling/Art/Sprites/Characters/Caverns/Rats/beagratt_portrait.uexp" 1503
"C:/Users/user/Documents/GitHub/Fledgling/Content/Fledgling/Combat/CombatDialogue/DT_CombatDialogueTest.uasset" 1504
"C:/Users/user/Documents/GitHub/Fledgling/Content/Fledgling/Combat/CombatDialogue/DT_CombatDialogueTest.uexp" 1505
"C:/Users/user/Documents/GitHub/Fledgling/Content/Fledgling/Core/Interfaces/I_StartCombatDialogue.uasset" 1506
"C:/Users/user/Documents/GitHub/Fledgling/Content/Fledgling/Core/Interfaces/I_StartCombatDialogue.uexp" 1507
"C:/Users/user/Documents/GitHub/Fledgling/Content/Fledgling/Art/Placeholder/DEBUG.uasset" 1508
"C:/Users/user/Documents/GitHub/Fledgling/Content/Fledgling/Art/Placeholder/DEBUG.uexp" 1509
"C:/Users/user/Documents/GitHub/Fledgling/Content/Fledgling/Art/OldButInUse/New_health_bar_inenemyhealthbarwithbeserk.uasset" 1510
"C:/Users/user/Documents/GitHub/Fledgling/Content/Fledgling/Art/OldButInUse/New_health_bar_inenemyhealthbarwithbeserk.uexp" 1511
"C:/Users/user/Documents/GitHub/Fledgling/Content/Fledgling/Art/UI/Combat/HUD/Health/Health_bar_critical.uasset" 1512
"C:/Users/user/Documents/GitHub/Fledgling/Content/Fledgling/Art/UI/Combat/HUD/Health/Health_bar_critical.uexp" 1513
"C:/Users/user/Documents/GitHub/Fledgling/Content/Fledgling/Combat/CardUI/WBP_Enemy_BerserkBar.uasset" 1514
"C:/Users/user/Documents/GitHub/Fledgling/Content/Fledgling/Combat/CardUI/WBP_Enemy_BerserkBar.uexp" 1515
"C:/Users/user/Documents/GitHub/Fledgling/Content/Fledgling/Art/UI/Combat/HUD/BraceForShieldIcon.uasset" 1516
"C:/Users/user/Documents/GitHub/Fledgling/Content/Fledgling/Art/UI/Combat/HUD/BraceForShieldIcon.uexp" 1517
"C:/Users/user/Documents/GitHub/Fledgling/Content/Fledgling/Art/UI/Combat/HUD/ShieldIcon.uasset" 1518
"C:/Users/user/Documents/GitHub/Fledgling/Content/Fledgling/Art/UI/Combat/HUD/ShieldIcon.uexp" 1519
"C:/Users/user/Documents/GitHub/Fledgling/Content/Fledgling/Art/UI/Combat/HUD/ParryIcon.uasset" 1520
"C:/Users/user/Documents/GitHub/Fledgling/Content/Fledgling/Art/UI/Combat/HUD/ParryIcon.uexp" 1521
"C:/Users/user/Documents/GitHub/Fledgling/Content/Fledgling/Combat/CardUI/WBP_EnemyShieldCount.uasset" 1522
"C:/Users/user/Documents/GitHub/Fledgling/Content/Fledgling/Combat/CardUI/WBP_EnemyShieldCount.uexp" 1523
"C:/Users/user/Documents/GitHub/Fledgling/Content/Fledgling/Combat/CardUI/WBP_CombatGlossary.uasset" 1524
"C:/Users/user/Documents/GitHub/Fledgling/Content/Fledgling/Combat/CardUI/WBP_CombatGlossary.uexp" 1525
"C:/Users/user/Documents/GitHub/Fledgling/Content/Fledgling/Art/OldButInUse/New_health_bar_ingame_frame__1_.uasset" 1526
"C:/Users/user/Documents/GitHub/Fledgling/Content/Fledgling/Art/OldButInUse/New_health_bar_ingame_frame__1_.uexp" 1527
"C:/Users/user/Documents/GitHub/Fledgling/Content/Fledgling/Combat/BP_CardDragDrop.uasset" 1528
"C:/Users/user/Documents/GitHub/Fledgling/Content/Fledgling/Combat/BP_CardDragDrop.uexp" 1529
"C:/Users/user/Documents/GitHub/Fledgling/Content/Fledgling/Combat/CardUI/WBP_Description.uasset" 1530
"C:/Users/user/Documents/GitHub/Fledgling/Content/Fledgling/Combat/CardUI/WBP_Description.uexp" 1531
"C:/Users/user/Documents/GitHub/Fledgling/Content/Fledgling/Combat/BPFL_Cards.uasset" 1532
"C:/Users/user/Documents/GitHub/Fledgling/Content/Fledgling/Combat/BPFL_Cards.uexp" 1533
"C:/Users/user/Documents/GitHub/Fledgling/Content/Fledgling/Art/OldButInUse/CardBorderadjusted.uasset" 1534
"C:/Users/user/Documents/GitHub/Fledgling/Content/Fledgling/Art/OldButInUse/CardBorderadjusted.uexp" 1535
"C:/Users/user/Documents/GitHub/Fledgling/Content/Fledgling/Art/OldButInUse/CardIcons/CardBackgroundpng.uasset" 1536
"C:/Users/user/Documents/GitHub/Fledgling/Content/Fledgling/Art/OldButInUse/CardIcons/CardBackgroundpng.uexp" 1537
"C:/Users/user/Documents/GitHub/Fledgling/Content/Fledgling/Combat/CardUI/WBP_Card.uasset" 1538
"C:/Users/user/Documents/GitHub/Fledgling/Content/Fledgling/Combat/CardUI/WBP_Card.uexp" 1539
"C:/Users/user/Documents/GitHub/Fledgling/Content/Fledgling/Art/LevelDesign/Placeholder/CCPlaceholder/1.uasset" 1540
"C:/Users/user/Documents/GitHub/Fledgling/Content/Fledgling/Art/LevelDesign/Placeholder/CCPlaceholder/1.uexp" 1541
"C:/Users/user/Documents/GitHub/Fledgling/Content/Fledgling/Art/Sprites/Characters/Caverns/Rats/MediumRat/MediumRatIdle.uasset" 1542
"C:/Users/user/Documents/GitHub/Fledgling/Content/Fledgling/Art/Sprites/Characters/Caverns/Rats/MediumRat/MediumRatIdle.uexp" 1543
"C:/Users/user/Documents/GitHub/Fledgling/Content/Fledgling/Art/Sprites/Characters/Caverns/Rats/MediumRat/M_MR_Idle.uasset" 1544
"C:/Users/user/Documents/GitHub/Fledgling/Content/Fledgling/Art/Sprites/Characters/Caverns/Rats/MediumRat/M_MR_Idle.uexp" 1545
"C:/Users/user/Documents/GitHub/Fledgling/Content/Fledgling/Combat/EnemyAI/WBP_Enemy.uasset" 1546
"C:/Users/user/Documents/GitHub/Fledgling/Content/Fledgling/Combat/EnemyAI/WBP_Enemy.uexp" 1547
"C:/Users/user/Documents/GitHub/Fledgling/Content/Fledgling/Audio/Cards/Card4.ubulk" 1548
"C:/Users/user/Documents/GitHub/Fledgling/Content/Fledgling/Audio/Cards/Card4.uasset" 1549
"C:/Users/user/Documents/GitHub/Fledgling/Content/Fledgling/Audio/Cards/Card4.uexp" 1550
"C:/Users/user/Documents/GitHub/Fledgling/Content/Fledgling/Audio/Cards/Card3.ubulk" 1551
"C:/Users/user/Documents/GitHub/Fledgling/Content/Fledgling/Audio/Cards/Card3.uasset" 1552
"C:/Users/user/Documents/GitHub/Fledgling/Content/Fledgling/Audio/Cards/Card3.uexp" 1553
"C:/Users/user/Documents/GitHub/Fledgling/Content/Fledgling/Combat/BPI_AddCard.uasset" 1554
"C:/Users/user/Documents/GitHub/Fledgling/Content/Fledgling/Combat/BPI_AddCard.uexp" 1555
"C:/Users/user/Documents/GitHub/Fledgling/Content/Fledgling/Combat/CardUI/WBP_CardHand.uasset" 1556
"C:/Users/user/Documents/GitHub/Fledgling/Content/Fledgling/Combat/CardUI/WBP_CardHand.uexp" 1557
"C:/Users/user/Documents/GitHub/Fledgling/Content/Fledgling/Combat/CardUI/WBP_DropWidget.uasset" 1558
"C:/Users/user/Documents/GitHub/Fledgling/Content/Fledgling/Combat/CardUI/WBP_DropWidget.uexp" 1559
"C:/Users/user/Documents/GitHub/Fledgling/Content/Fledgling/Art/UI/Combat/EnemyHealthOutline.uasset" 1560
"C:/Users/user/Documents/GitHub/Fledgling/Content/Fledgling/Art/UI/Combat/EnemyHealthOutline.uexp" 1561
"C:/Users/user/Documents/GitHub/Fledgling/Content/Fledgling/Combat/CardUI/WBP_CardUsed.uasset" 1562
"C:/Users/user/Documents/GitHub/Fledgling/Content/Fledgling/Combat/CardUI/WBP_CardUsed.uexp" 1563
"C:/Users/user/Documents/GitHub/Fledgling/Content/Fledgling/UI/Widgets/WBP_EnemyStatusEffects.uasset" 1564
"C:/Users/user/Documents/GitHub/Fledgling/Content/Fledgling/UI/Widgets/WBP_EnemyStatusEffects.uexp" 1565
"C:/Users/user/Documents/GitHub/Fledgling/Content/Fledgling/Art/UI/Combat/PlayerHealthHighlight.uasset" 1566
"C:/Users/user/Documents/GitHub/Fledgling/Content/Fledgling/Art/UI/Combat/PlayerHealthHighlight.uexp" 1567
"C:/Users/user/Documents/GitHub/Fledgling/Content/Fledgling/Combat/CardUI/WBP_Healing+BlockAnim.uasset" 1568
"C:/Users/user/Documents/GitHub/Fledgling/Content/Fledgling/Combat/CardUI/WBP_Healing+BlockAnim.uexp" 1569
"C:/Users/user/Documents/GitHub/Fledgling/Content/Fledgling/Art/M_UnlitPixelPerfectMaterial.uasset" 1570
"C:/Users/user/Documents/GitHub/Fledgling/Content/Fledgling/Art/M_UnlitPixelPerfectMaterial.uexp" 1571
"C:/Users/user/Documents/GitHub/Fledgling/Content/Fledgling/Art/MI_UnlitPixelPerfectMaterial.uasset" 1572
"C:/Users/user/Documents/GitHub/Fledgling/Content/Fledgling/Art/MI_UnlitPixelPerfectMaterial.uexp" 1573
"C:/Users/user/Documents/GitHub/Fledgling/Content/Fledgling/Art/Sprites/Characters/Mountain/Goat/mad_goat_idle.uasset" 1574
"C:/Users/user/Documents/GitHub/Fledgling/Content/Fledgling/Art/Sprites/Characters/Mountain/Goat/mad_goat_idle.uexp" 1575
"C:/Users/user/Documents/GitHub/Fledgling/Content/Fledgling/Art/Sprites/Characters/Mountain/Goat/mad_goat_idle_Sprite_0.uasset" 1576
"C:/Users/user/Documents/GitHub/Fledgling/Content/Fledgling/Art/Sprites/Characters/Mountain/Goat/mad_goat_idle_Sprite_0.uexp" 1577
"C:/Users/user/Documents/GitHub/Fledgling/Content/Fledgling/Art/Sprites/Characters/Mountain/Goat/mad_goat_idle_Sprite_1.uasset" 1578
"C:/Users/user/Documents/GitHub/Fledgling/Content/Fledgling/Art/Sprites/Characters/Mountain/Goat/mad_goat_idle_Sprite_1.uexp" 1579
"C:/Users/user/Documents/GitHub/Fledgling/Content/Fledgling/Art/Sprites/Characters/Mountain/Goat/mad_goat_idle_Sprite_2.uasset" 1580
"C:/Users/user/Documents/GitHub/Fledgling/Content/Fledgling/Art/Sprites/Characters/Mountain/Goat/mad_goat_idle_Sprite_2.uexp" 1581
"C:/Users/user/Documents/GitHub/Fledgling/Content/Fledgling/Art/Sprites/Characters/Mountain/Goat/FB_MadGoat_Idle.uasset" 1582
"C:/Users/user/Documents/GitHub/Fledgling/Content/Fledgling/Art/Sprites/Characters/Mountain/Goat/FB_MadGoat_Idle.uexp" 1583
"C:/Users/user/Documents/GitHub/Fledgling/Content/Fledgling/Combat/DataTables/EnemyCards/DT_SableCards.uasset" 1584
"C:/Users/user/Documents/GitHub/Fledgling/Content/Fledgling/Combat/DataTables/EnemyCards/DT_SableCards.uexp" 1585
"C:/Users/user/Documents/GitHub/Fledgling/Content/Fledgling/Art/Sprites/Characters/Den/FightClubWolves/Green/Golf_Idle.uasset" 1586
"C:/Users/user/Documents/GitHub/Fledgling/Content/Fledgling/Art/Sprites/Characters/Den/FightClubWolves/Green/Golf_Idle.uexp" 1587
"C:/Users/user/Documents/GitHub/Fledgling/Content/Fledgling/Art/Sprites/Characters/Den/FightClubWolves/Green/Golf_Idle_Sprite_0.uasset" 1588
"C:/Users/user/Documents/GitHub/Fledgling/Content/Fledgling/Art/Sprites/Characters/Den/FightClubWolves/Green/Golf_Idle_Sprite_0.uexp" 1589
"C:/Users/user/Documents/GitHub/Fledgling/Content/Fledgling/Art/Sprites/Characters/Den/FightClubWolves/Green/Golf_Idle_Sprite_1.uasset" 1590
"C:/Users/user/Documents/GitHub/Fledgling/Content/Fledgling/Art/Sprites/Characters/Den/FightClubWolves/Green/Golf_Idle_Sprite_1.uexp" 1591
"C:/Users/user/Documents/GitHub/Fledgling/Content/Fledgling/Art/Sprites/Characters/Den/FightClubWolves/Green/Golf_Idle_Sprite_2.uasset" 1592
"C:/Users/user/Documents/GitHub/Fledgling/Content/Fledgling/Art/Sprites/Characters/Den/FightClubWolves/Green/Golf_Idle_Sprite_2.uexp" 1593
"C:/Users/user/Documents/GitHub/Fledgling/Content/Fledgling/Art/Sprites/Characters/Den/FightClubWolves/Green/Golf_Idle_Sprite_3.uasset" 1594
"C:/Users/user/Documents/GitHub/Fledgling/Content/Fledgling/Art/Sprites/Characters/Den/FightClubWolves/Green/Golf_Idle_Sprite_3.uexp" 1595
"C:/Users/user/Documents/GitHub/Fledgling/Content/Fledgling/Art/Sprites/Characters/Den/FightClubWolves/Green/Golf_Idle_Sprite_4.uasset" 1596
"C:/Users/user/Documents/GitHub/Fledgling/Content/Fledgling/Art/Sprites/Characters/Den/FightClubWolves/Green/Golf_Idle_Sprite_4.uexp" 1597
"C:/Users/user/Documents/GitHub/Fledgling/Content/Fledgling/Art/Sprites/Characters/Den/FightClubWolves/Green/Golf_Idle_Sprite_5.uasset" 1598
"C:/Users/user/Documents/GitHub/Fledgling/Content/Fledgling/Art/Sprites/Characters/Den/FightClubWolves/Green/Golf_Idle_Sprite_5.uexp" 1599
"C:/Users/user/Documents/GitHub/Fledgling/Content/Fledgling/Art/Sprites/Characters/Den/FightClubWolves/Green/Golf_Idle_Sprite_6.uasset" 1600
"C:/Users/user/Documents/GitHub/Fledgling/Content/Fledgling/Art/Sprites/Characters/Den/FightClubWolves/Green/Golf_Idle_Sprite_6.uexp" 1601
"C:/Users/user/Documents/GitHub/Fledgling/Content/Fledgling/Art/Sprites/Characters/Den/FightClubWolves/Green/Golf_Idle_Sprite_7.uasset" 1602
"C:/Users/user/Documents/GitHub/Fledgling/Content/Fledgling/Art/Sprites/Characters/Den/FightClubWolves/Green/Golf_Idle_Sprite_7.uexp" 1603
"C:/Users/user/Documents/GitHub/Fledgling/Content/Fledgling/Art/Sprites/Characters/Den/FightClubWolves/Green/Golf_Idle_Sprite_8.uasset" 1604
"C:/Users/user/Documents/GitHub/Fledgling/Content/Fledgling/Art/Sprites/Characters/Den/FightClubWolves/Green/Golf_Idle_Sprite_8.uexp" 1605
"C:/Users/user/Documents/GitHub/Fledgling/Content/Fledgling/Art/Sprites/Characters/Den/FightClubWolves/Green/Golf_Idle_Sprite_9.uasset" 1606
"C:/Users/user/Documents/GitHub/Fledgling/Content/Fledgling/Art/Sprites/Characters/Den/FightClubWolves/Green/Golf_Idle_Sprite_9.uexp" 1607
"C:/Users/user/Documents/GitHub/Fledgling/Content/Fledgling/Art/Sprites/Characters/Den/FightClubWolves/Green/FB_Golf_Idle.uasset" 1608
"C:/Users/user/Documents/GitHub/Fledgling/Content/Fledgling/Art/Sprites/Characters/Den/FightClubWolves/Green/FB_Golf_Idle.uexp" 1609
"C:/Users/user/Documents/GitHub/Fledgling/Content/Fledgling/Combat/DataTables/EnemyCards/DT_TreeCards.uasset" 1610
"C:/Users/user/Documents/GitHub/Fledgling/Content/Fledgling/Combat/DataTables/EnemyCards/DT_TreeCards.uexp" 1611
"C:/Users/user/Documents/GitHub/Fledgling/Content/Fledgling/Art/Sprites/Characters/Mountain/Yeti/yeti_idle.uasset" 1612
"C:/Users/user/Documents/GitHub/Fledgling/Content/Fledgling/Art/Sprites/Characters/Mountain/Yeti/yeti_idle.uexp" 1613
"C:/Users/user/Documents/GitHub/Fledgling/Content/Fledgling/Art/Sprites/Characters/Mountain/Yeti/yeti_idle_Sprite_0.uasset" 1614
"C:/Users/user/Documents/GitHub/Fledgling/Content/Fledgling/Art/Sprites/Characters/Mountain/Yeti/yeti_idle_Sprite_0.uexp" 1615
"C:/Users/user/Documents/GitHub/Fledgling/Content/Fledgling/Art/Sprites/Characters/Mountain/Yeti/yeti_idle_Sprite_1.uasset" 1616
"C:/Users/user/Documents/GitHub/Fledgling/Content/Fledgling/Art/Sprites/Characters/Mountain/Yeti/yeti_idle_Sprite_1.uexp" 1617
"C:/Users/user/Documents/GitHub/Fledgling/Content/Fledgling/Art/Sprites/Characters/Mountain/Yeti/yeti_idle_Sprite_2.uasset" 1618
"C:/Users/user/Documents/GitHub/Fledgling/Content/Fledgling/Art/Sprites/Characters/Mountain/Yeti/yeti_idle_Sprite_2.uexp" 1619
"C:/Users/user/Documents/GitHub/Fledgling/Content/Fledgling/Art/Sprites/Characters/Mountain/Yeti/yeti_idle_Sprite_3.uasset" 1620
"C:/Users/user/Documents/GitHub/Fledgling/Content/Fledgling/Art/Sprites/Characters/Mountain/Yeti/yeti_idle_Sprite_3.uexp" 1621
"C:/Users/user/Documents/GitHub/Fledgling/Content/Fledgling/Art/Sprites/Characters/Mountain/Yeti/yeti_idle_Sprite_4.uasset" 1622
"C:/Users/user/Documents/GitHub/Fledgling/Content/Fledgling/Art/Sprites/Characters/Mountain/Yeti/yeti_idle_Sprite_4.uexp" 1623
"C:/Users/user/Documents/GitHub/Fledgling/Content/Fledgling/Art/Sprites/Characters/Mountain/Yeti/yeti_idle_Sprite_5.uasset" 1624
"C:/Users/user/Documents/GitHub/Fledgling/Content/Fledgling/Art/Sprites/Characters/Mountain/Yeti/yeti_idle_Sprite_5.uexp" 1625
"C:/Users/user/Documents/GitHub/Fledgling/Content/Fledgling/Art/Sprites/Characters/Mountain/Yeti/FP_yeti_idle.uasset" 1626
"C:/Users/user/Documents/GitHub/Fledgling/Content/Fledgling/Art/Sprites/Characters/Mountain/Yeti/FP_yeti_idle.uexp" 1627
"C:/Users/user/Documents/GitHub/Fledgling/Content/Fledgling/Art/Sprites/Characters/Mountain/MadHare/Hare_Idle.uasset" 1628
"C:/Users/user/Documents/GitHub/Fledgling/Content/Fledgling/Art/Sprites/Characters/Mountain/MadHare/Hare_Idle.uexp" 1629
"C:/Users/user/Documents/GitHub/Fledgling/Content/Fledgling/Art/Sprites/Characters/Mountain/MadHare/Hare_Idle_Sprite_0.uasset" 1630
"C:/Users/user/Documents/GitHub/Fledgling/Content/Fledgling/Art/Sprites/Characters/Mountain/MadHare/Hare_Idle_Sprite_0.uexp" 1631
"C:/Users/user/Documents/GitHub/Fledgling/Content/Fledgling/Art/Sprites/Characters/Mountain/MadHare/Hare_Idle_Sprite_1.uasset" 1632
"C:/Users/user/Documents/GitHub/Fledgling/Content/Fledgling/Art/Sprites/Characters/Mountain/MadHare/Hare_Idle_Sprite_1.uexp" 1633
"C:/Users/user/Documents/GitHub/Fledgling/Content/Fledgling/Art/Sprites/Characters/Mountain/MadHare/Hare_Idle_Sprite_2.uasset" 1634
"C:/Users/user/Documents/GitHub/Fledgling/Content/Fledgling/Art/Sprites/Characters/Mountain/MadHare/Hare_Idle_Sprite_2.uexp" 1635
"C:/Users/user/Documents/GitHub/Fledgling/Content/Fledgling/Art/Sprites/Characters/Mountain/MadHare/Hare_Idle_Sprite_3.uasset" 1636
"C:/Users/user/Documents/GitHub/Fledgling/Content/Fledgling/Art/Sprites/Characters/Mountain/MadHare/Hare_Idle_Sprite_3.uexp" 1637
"C:/Users/user/Documents/GitHub/Fledgling/Content/Fledgling/Art/Sprites/Characters/Mountain/MadHare/Hare_Idle_Sprite_4.uasset" 1638
"C:/Users/user/Documents/GitHub/Fledgling/Content/Fledgling/Art/Sprites/Characters/Mountain/MadHare/Hare_Idle_Sprite_4.uexp" 1639
"C:/Users/user/Documents/GitHub/Fledgling/Content/Fledgling/Art/Sprites/Characters/Mountain/MadHare/FB_Hare_Idle.uasset" 1640
"C:/Users/user/Documents/GitHub/Fledgling/Content/Fledgling/Art/Sprites/Characters/Mountain/MadHare/FB_Hare_Idle.uexp" 1641
"C:/Users/user/Documents/GitHub/Fledgling/Content/Fledgling/Audio/Music/Non-Mastered/SM/SW_CC_Combat.ubulk" 1642
"C:/Users/user/Documents/GitHub/Fledgling/Content/Fledgling/Audio/Music/Non-Mastered/SM/SW_CC_Combat.uasset" 1643
"C:/Users/user/Documents/GitHub/Fledgling/Content/Fledgling/Audio/Music/Non-Mastered/SM/SW_CC_Combat.uexp" 1644
"C:/Users/user/Documents/GitHub/Fledgling/Content/Fledgling/Audio/Metasounds/MS_CCCombat.uasset" 1645
"C:/Users/user/Documents/GitHub/Fledgling/Content/Fledgling/Audio/Metasounds/MS_CCCombat.uexp" 1646
"C:/Users/user/Documents/GitHub/Fledgling/Content/Fledgling/Audio/Music/Mastered/SM/SW_SMCombat.ubulk" 1647
"C:/Users/user/Documents/GitHub/Fledgling/Content/Fledgling/Audio/Music/Mastered/SM/SW_SMCombat.uasset" 1648
"C:/Users/user/Documents/GitHub/Fledgling/Content/Fledgling/Audio/Music/Mastered/SM/SW_SMCombat.uexp" 1649
"C:/Users/user/Documents/GitHub/Fledgling/Content/Fledgling/Audio/Metasounds/MS_SMCombat.uasset" 1650
"C:/Users/user/Documents/GitHub/Fledgling/Content/Fledgling/Audio/Metasounds/MS_SMCombat.uexp" 1651
"C:/Users/user/Documents/GitHub/Fledgling/Content/Fledgling/Combat/DataTables/EnemyCards/DT_HareCards.uasset" 1652
"C:/Users/user/Documents/GitHub/Fledgling/Content/Fledgling/Combat/DataTables/EnemyCards/DT_HareCards.uexp" 1653
"C:/Users/user/Documents/GitHub/Fledgling/Content/Fledgling/Art/Sprites/Characters/Mountain/Sable/sable_idle.uasset" 1654
"C:/Users/user/Documents/GitHub/Fledgling/Content/Fledgling/Art/Sprites/Characters/Mountain/Sable/sable_idle.uexp" 1655
"C:/Users/user/Documents/GitHub/Fledgling/Content/Fledgling/Art/Sprites/Characters/Mountain/Sable/sable_idle_Sprite_0.uasset" 1656
"C:/Users/user/Documents/GitHub/Fledgling/Content/Fledgling/Art/Sprites/Characters/Mountain/Sable/sable_idle_Sprite_0.uexp" 1657
"C:/Users/user/Documents/GitHub/Fledgling/Content/Fledgling/Art/Sprites/Characters/Mountain/Sable/sable_idle_Sprite_1.uasset" 1658
"C:/Users/user/Documents/GitHub/Fledgling/Content/Fledgling/Art/Sprites/Characters/Mountain/Sable/sable_idle_Sprite_1.uexp" 1659
"C:/Users/user/Documents/GitHub/Fledgling/Content/Fledgling/Art/Sprites/Characters/Mountain/Sable/sable_idle_Sprite_2.uasset" 1660
"C:/Users/user/Documents/GitHub/Fledgling/Content/Fledgling/Art/Sprites/Characters/Mountain/Sable/sable_idle_Sprite_2.uexp" 1661
"C:/Users/user/Documents/GitHub/Fledgling/Content/Fledgling/Art/Sprites/Characters/Mountain/Sable/sable_idle_Sprite_3.uasset" 1662
"C:/Users/user/Documents/GitHub/Fledgling/Content/Fledgling/Art/Sprites/Characters/Mountain/Sable/sable_idle_Sprite_3.uexp" 1663
"C:/Users/user/Documents/GitHub/Fledgling/Content/Fledgling/Art/Sprites/Characters/Mountain/Sable/FB_Sable_Idle.uasset" 1664
"C:/Users/user/Documents/GitHub/Fledgling/Content/Fledgling/Art/Sprites/Characters/Mountain/Sable/FB_Sable_Idle.uexp" 1665
"C:/Users/user/Documents/GitHub/Fledgling/Content/Fledgling/Art/Sprites/Characters/Den/FightClubWolves/Red/Rolf_Idle.uasset" 1666
"C:/Users/user/Documents/GitHub/Fledgling/Content/Fledgling/Art/Sprites/Characters/Den/FightClubWolves/Red/Rolf_Idle.uexp" 1667
"C:/Users/user/Documents/GitHub/Fledgling/Content/Fledgling/Art/Sprites/Characters/Den/FightClubWolves/Red/Rolf_Idle_Sprite_0.uasset" 1668
"C:/Users/user/Documents/GitHub/Fledgling/Content/Fledgling/Art/Sprites/Characters/Den/FightClubWolves/Red/Rolf_Idle_Sprite_0.uexp" 1669
"C:/Users/user/Documents/GitHub/Fledgling/Content/Fledgling/Art/Sprites/Characters/Den/FightClubWolves/Red/Rolf_Idle_Sprite_1.uasset" 1670
"C:/Users/user/Documents/GitHub/Fledgling/Content/Fledgling/Art/Sprites/Characters/Den/FightClubWolves/Red/Rolf_Idle_Sprite_1.uexp" 1671
"C:/Users/user/Documents/GitHub/Fledgling/Content/Fledgling/Art/Sprites/Characters/Den/FightClubWolves/Red/Rolf_Idle_Sprite_2.uasset" 1672
"C:/Users/user/Documents/GitHub/Fledgling/Content/Fledgling/Art/Sprites/Characters/Den/FightClubWolves/Red/Rolf_Idle_Sprite_2.uexp" 1673
"C:/Users/user/Documents/GitHub/Fledgling/Content/Fledgling/Art/Sprites/Characters/Den/FightClubWolves/Red/Rolf_Idle_Sprite_3.uasset" 1674
"C:/Users/user/Documents/GitHub/Fledgling/Content/Fledgling/Art/Sprites/Characters/Den/FightClubWolves/Red/Rolf_Idle_Sprite_3.uexp" 1675
"C:/Users/user/Documents/GitHub/Fledgling/Content/Fledgling/Art/Sprites/Characters/Den/FightClubWolves/Red/Rolf_Idle_Sprite_4.uasset" 1676
"C:/Users/user/Documents/GitHub/Fledgling/Content/Fledgling/Art/Sprites/Characters/Den/FightClubWolves/Red/Rolf_Idle_Sprite_4.uexp" 1677
"C:/Users/user/Documents/GitHub/Fledgling/Content/Fledgling/Art/Sprites/Characters/Den/FightClubWolves/Red/Rolf_Idle_Sprite_5.uasset" 1678
"C:/Users/user/Documents/GitHub/Fledgling/Content/Fledgling/Art/Sprites/Characters/Den/FightClubWolves/Red/Rolf_Idle_Sprite_5.uexp" 1679
"C:/Users/user/Documents/GitHub/Fledgling/Content/Fledgling/Art/Sprites/Characters/Den/FightClubWolves/Red/Rolf_Idle_Sprite_6.uasset" 1680
"C:/Users/user/Documents/GitHub/Fledgling/Content/Fledgling/Art/Sprites/Characters/Den/FightClubWolves/Red/Rolf_Idle_Sprite_6.uexp" 1681
"C:/Users/user/Documents/GitHub/Fledgling/Content/Fledgling/Art/Sprites/Characters/Den/FightClubWolves/Red/Rolf_Idle_Sprite_7.uasset" 1682
"C:/Users/user/Documents/GitHub/Fledgling/Content/Fledgling/Art/Sprites/Characters/Den/FightClubWolves/Red/Rolf_Idle_Sprite_7.uexp" 1683
"C:/Users/user/Documents/GitHub/Fledgling/Content/Fledgling/Art/Sprites/Characters/Den/FightClubWolves/Red/Rolf_Idle_Sprite_8.uasset" 1684
"C:/Users/user/Documents/GitHub/Fledgling/Content/Fledgling/Art/Sprites/Characters/Den/FightClubWolves/Red/Rolf_Idle_Sprite_8.uexp" 1685
"C:/Users/user/Documents/GitHub/Fledgling/Content/Fledgling/Art/Sprites/Characters/Den/FightClubWolves/Red/Rolf_Idle_Sprite_9.uasset" 1686
"C:/Users/user/Documents/GitHub/Fledgling/Content/Fledgling/Art/Sprites/Characters/Den/FightClubWolves/Red/Rolf_Idle_Sprite_9.uexp" 1687
"C:/Users/user/Documents/GitHub/Fledgling/Content/Fledgling/Art/Sprites/Characters/Den/FightClubWolves/Red/FB_Rolf_Idle.uasset" 1688
"C:/Users/user/Documents/GitHub/Fledgling/Content/Fledgling/Art/Sprites/Characters/Den/FightClubWolves/Red/FB_Rolf_Idle.uexp" 1689
"C:/Users/user/Documents/GitHub/Fledgling/Content/Fledgling/Combat/DataTables/EnemyCards/DT_YetiCards.uasset" 1690
"C:/Users/user/Documents/GitHub/Fledgling/Content/Fledgling/Combat/DataTables/EnemyCards/DT_YetiCards.uexp" 1691
"C:/Users/user/Documents/GitHub/Fledgling/Content/Fledgling/Art/Sprites/MausIdle-Sheet__1__n.uasset" 1692
"C:/Users/user/Documents/GitHub/Fledgling/Content/Fledgling/Art/Sprites/MausIdle-Sheet__1__n.uexp" 1693
"C:/Users/user/Documents/GitHub/Fledgling/Content/Fledgling/Art/Sprites/Characters/Caverns/MrDent/MrDent_idle.uasset" 1694
"C:/Users/user/Documents/GitHub/Fledgling/Content/Fledgling/Art/Sprites/Characters/Caverns/MrDent/MrDent_idle.uexp" 1695
"C:/Users/user/Documents/GitHub/Fledgling/Content/Fledgling/Art/Sprites/Characters/Caverns/MrDent/MrDent_idle_Sprite_0.uasset" 1696
"C:/Users/user/Documents/GitHub/Fledgling/Content/Fledgling/Art/Sprites/Characters/Caverns/MrDent/MrDent_idle_Sprite_0.uexp" 1697
"C:/Users/user/Documents/GitHub/Fledgling/Content/Fledgling/Art/Sprites/Characters/Caverns/MrDent/MrDent_idle_Sprite_1.uasset" 1698
"C:/Users/user/Documents/GitHub/Fledgling/Content/Fledgling/Art/Sprites/Characters/Caverns/MrDent/MrDent_idle_Sprite_1.uexp" 1699
"C:/Users/user/Documents/GitHub/Fledgling/Content/Fledgling/Art/Sprites/Characters/Caverns/MrDent/MrDent_idle_Sprite_2.uasset" 1700
"C:/Users/user/Documents/GitHub/Fledgling/Content/Fledgling/Art/Sprites/Characters/Caverns/MrDent/MrDent_idle_Sprite_2.uexp" 1701
"C:/Users/user/Documents/GitHub/Fledgling/Content/Fledgling/Art/Sprites/Characters/Caverns/MrDent/MrDent_idle_Sprite_3.uasset" 1702
"C:/Users/user/Documents/GitHub/Fledgling/Content/Fledgling/Art/Sprites/Characters/Caverns/MrDent/MrDent_idle_Sprite_3.uexp" 1703
"C:/Users/user/Documents/GitHub/Fledgling/Content/Fledgling/Art/Sprites/Characters/Caverns/MrDent/MrDent_idle_Sprite_4.uasset" 1704
"C:/Users/user/Documents/GitHub/Fledgling/Content/Fledgling/Art/Sprites/Characters/Caverns/MrDent/MrDent_idle_Sprite_4.uexp" 1705
"C:/Users/user/Documents/GitHub/Fledgling/Content/Fledgling/Art/Sprites/Characters/Caverns/MrDent/MrDent_idle_Sprite_5.uasset" 1706
"C:/Users/user/Documents/GitHub/Fledgling/Content/Fledgling/Art/Sprites/Characters/Caverns/MrDent/MrDent_idle_Sprite_5.uexp" 1707
"C:/Users/user/Documents/GitHub/Fledgling/Content/Fledgling/Art/Sprites/Characters/Caverns/MrDent/MrDent_idle_Sprite_6.uasset" 1708
"C:/Users/user/Documents/GitHub/Fledgling/Content/Fledgling/Art/Sprites/Characters/Caverns/MrDent/MrDent_idle_Sprite_6.uexp" 1709
"C:/Users/user/Documents/GitHub/Fledgling/Content/Fledgling/Art/Sprites/Characters/Caverns/MrDent/MrDent_idle_Sprite_7.uasset" 1710
"C:/Users/user/Documents/GitHub/Fledgling/Content/Fledgling/Art/Sprites/Characters/Caverns/MrDent/MrDent_idle_Sprite_7.uexp" 1711
"C:/Users/user/Documents/GitHub/Fledgling/Content/Fledgling/Art/Sprites/Characters/Caverns/MrDent/MrDent_idle_Sprite_8.uasset" 1712
"C:/Users/user/Documents/GitHub/Fledgling/Content/Fledgling/Art/Sprites/Characters/Caverns/MrDent/MrDent_idle_Sprite_8.uexp" 1713
"C:/Users/user/Documents/GitHub/Fledgling/Content/Fledgling/Art/Sprites/Characters/Caverns/MrDent/FB_MrDent_idle.uasset" 1714
"C:/Users/user/Documents/GitHub/Fledgling/Content/Fledgling/Art/Sprites/Characters/Caverns/MrDent/FB_MrDent_idle.uexp" 1715
"../../../Engine/Plugins/2D/Paper2D/Content/TranslucentUnlitSpriteMaterial.uasset" 1716
"../../../Engine/Plugins/2D/Paper2D/Content/TranslucentUnlitSpriteMaterial.uexp" 1717
"C:/Users/user/Documents/GitHub/Fledgling/Content/Fledgling/Art/Sprites/Characters/Mountain/Tree/OldTree.uasset" 1718
"C:/Users/user/Documents/GitHub/Fledgling/Content/Fledgling/Art/Sprites/Characters/Mountain/Tree/OldTree.uexp" 1719
"C:/Users/user/Documents/GitHub/Fledgling/Content/Fledgling/Art/Sprites/Characters/Mountain/Tree/OldTree_Placeholder.uasset" 1720
"C:/Users/user/Documents/GitHub/Fledgling/Content/Fledgling/Art/Sprites/Characters/Mountain/Tree/OldTree_Placeholder.uexp" 1721
"C:/Users/user/Documents/GitHub/Fledgling/Content/Fledgling/Art/Sprites/Characters/Mountain/Tree/FP_OldTree_Placeholder.uasset" 1722
"C:/Users/user/Documents/GitHub/Fledgling/Content/Fledgling/Art/Sprites/Characters/Mountain/Tree/FP_OldTree_Placeholder.uexp" 1723
"C:/Users/user/Documents/GitHub/Fledgling/Content/Fledgling/Combat/DataTables/EnemyCards/DT_LoneWolfCards.uasset" 1724
"C:/Users/user/Documents/GitHub/Fledgling/Content/Fledgling/Combat/DataTables/EnemyCards/DT_LoneWolfCards.uexp" 1725
"C:/Users/user/Documents/GitHub/Fledgling/Content/Fledgling/Art/Sprites/LargeRatIdle__1__n.uasset" 1726
"C:/Users/user/Documents/GitHub/Fledgling/Content/Fledgling/Art/Sprites/LargeRatIdle__1__n.uexp" 1727
"C:/Users/user/Documents/GitHub/Fledgling/Content/Fledgling/Art/Sprites/Characters/Caverns/Rats/LargeRat/LargeRatIdle.uasset" 1728
"C:/Users/user/Documents/GitHub/Fledgling/Content/Fledgling/Art/Sprites/Characters/Caverns/Rats/LargeRat/LargeRatIdle.uexp" 1729
"C:/Users/user/Documents/GitHub/Fledgling/Content/Fledgling/Art/Sprites/Characters/Caverns/Rats/LargeRat/LargeRatIdle_Sprite_0.uasset" 1730
"C:/Users/user/Documents/GitHub/Fledgling/Content/Fledgling/Art/Sprites/Characters/Caverns/Rats/LargeRat/LargeRatIdle_Sprite_0.uexp" 1731
"C:/Users/user/Documents/GitHub/Fledgling/Content/Fledgling/Art/Sprites/Characters/Caverns/Rats/LargeRat/LargeRatIdle_Sprite_1.uasset" 1732
"C:/Users/user/Documents/GitHub/Fledgling/Content/Fledgling/Art/Sprites/Characters/Caverns/Rats/LargeRat/LargeRatIdle_Sprite_1.uexp" 1733
"C:/Users/user/Documents/GitHub/Fledgling/Content/Fledgling/Art/Sprites/Characters/Caverns/Rats/LargeRat/LargeRatIdle_Sprite_2.uasset" 1734
"C:/Users/user/Documents/GitHub/Fledgling/Content/Fledgling/Art/Sprites/Characters/Caverns/Rats/LargeRat/LargeRatIdle_Sprite_2.uexp" 1735
"C:/Users/user/Documents/GitHub/Fledgling/Content/Fledgling/Art/Sprites/Characters/Caverns/Rats/LargeRat/LargeRatIdle_Sprite_3.uasset" 1736
"C:/Users/user/Documents/GitHub/Fledgling/Content/Fledgling/Art/Sprites/Characters/Caverns/Rats/LargeRat/LargeRatIdle_Sprite_3.uexp" 1737
"C:/Users/user/Documents/GitHub/Fledgling/Content/Fledgling/Art/Sprites/Characters/Caverns/Rats/LargeRat/FP_LargeRatIdle.uasset" 1738
"C:/Users/user/Documents/GitHub/Fledgling/Content/Fledgling/Art/Sprites/Characters/Caverns/Rats/LargeRat/FP_LargeRatIdle.uexp" 1739
"C:/Users/user/Documents/GitHub/Fledgling/Content/Fledgling/Combat/DataTables/EnemyCards/DT_RatCards.uasset" 1740
"C:/Users/user/Documents/GitHub/Fledgling/Content/Fledgling/Combat/DataTables/EnemyCards/DT_RatCards.uexp" 1741
"C:/Users/user/Documents/GitHub/Fledgling/Content/Fledgling/Art/UI/Combat/CombatBG/Combatbackground.uasset" 1742
"C:/Users/user/Documents/GitHub/Fledgling/Content/Fledgling/Art/UI/Combat/CombatBG/Combatbackground.uexp" 1743
"C:/Users/user/Documents/GitHub/Fledgling/Content/Fledgling/Art/Sprites/Characters/Den/FightClubWolves/Blue/Bolf_Idle.uasset" 1744
"C:/Users/user/Documents/GitHub/Fledgling/Content/Fledgling/Art/Sprites/Characters/Den/FightClubWolves/Blue/Bolf_Idle.uexp" 1745
"C:/Users/user/Documents/GitHub/Fledgling/Content/Fledgling/Art/Sprites/Characters/Den/FightClubWolves/Blue/Bolf_Idle_Sprite_0.uasset" 1746
"C:/Users/user/Documents/GitHub/Fledgling/Content/Fledgling/Art/Sprites/Characters/Den/FightClubWolves/Blue/Bolf_Idle_Sprite_0.uexp" 1747
"C:/Users/user/Documents/GitHub/Fledgling/Content/Fledgling/Art/Sprites/Characters/Den/FightClubWolves/Blue/Bolf_Idle_Sprite_1.uasset" 1748
"C:/Users/user/Documents/GitHub/Fledgling/Content/Fledgling/Art/Sprites/Characters/Den/FightClubWolves/Blue/Bolf_Idle_Sprite_1.uexp" 1749
"C:/Users/user/Documents/GitHub/Fledgling/Content/Fledgling/Art/Sprites/Characters/Den/FightClubWolves/Blue/Bolf_Idle_Sprite_2.uasset" 1750
"C:/Users/user/Documents/GitHub/Fledgling/Content/Fledgling/Art/Sprites/Characters/Den/FightClubWolves/Blue/Bolf_Idle_Sprite_2.uexp" 1751
"C:/Users/user/Documents/GitHub/Fledgling/Content/Fledgling/Art/Sprites/Characters/Den/FightClubWolves/Blue/Bolf_Idle_Sprite_3.uasset" 1752
"C:/Users/user/Documents/GitHub/Fledgling/Content/Fledgling/Art/Sprites/Characters/Den/FightClubWolves/Blue/Bolf_Idle_Sprite_3.uexp" 1753
"C:/Users/user/Documents/GitHub/Fledgling/Content/Fledgling/Art/Sprites/Characters/Den/FightClubWolves/Blue/Bolf_Idle_Sprite_4.uasset" 1754
"C:/Users/user/Documents/GitHub/Fledgling/Content/Fledgling/Art/Sprites/Characters/Den/FightClubWolves/Blue/Bolf_Idle_Sprite_4.uexp" 1755
"C:/Users/user/Documents/GitHub/Fledgling/Content/Fledgling/Art/Sprites/Characters/Den/FightClubWolves/Blue/Bolf_Idle_Sprite_5.uasset" 1756
"C:/Users/user/Documents/GitHub/Fledgling/Content/Fledgling/Art/Sprites/Characters/Den/FightClubWolves/Blue/Bolf_Idle_Sprite_5.uexp" 1757
"C:/Users/user/Documents/GitHub/Fledgling/Content/Fledgling/Art/Sprites/Characters/Den/FightClubWolves/Blue/Bolf_Idle_Sprite_6.uasset" 1758
"C:/Users/user/Documents/GitHub/Fledgling/Content/Fledgling/Art/Sprites/Characters/Den/FightClubWolves/Blue/Bolf_Idle_Sprite_6.uexp" 1759
"C:/Users/user/Documents/GitHub/Fledgling/Content/Fledgling/Art/Sprites/Characters/Den/FightClubWolves/Blue/Bolf_Idle_Sprite_7.uasset" 1760
"C:/Users/user/Documents/GitHub/Fledgling/Content/Fledgling/Art/Sprites/Characters/Den/FightClubWolves/Blue/Bolf_Idle_Sprite_7.uexp" 1761
"C:/Users/user/Documents/GitHub/Fledgling/Content/Fledgling/Art/Sprites/Characters/Den/FightClubWolves/Blue/Bolf_Idle_Sprite_8.uasset" 1762
"C:/Users/user/Documents/GitHub/Fledgling/Content/Fledgling/Art/Sprites/Characters/Den/FightClubWolves/Blue/Bolf_Idle_Sprite_8.uexp" 1763
"C:/Users/user/Documents/GitHub/Fledgling/Content/Fledgling/Art/Sprites/Characters/Den/FightClubWolves/Blue/Bolf_Idle_Sprite_9.uasset" 1764
"C:/Users/user/Documents/GitHub/Fledgling/Content/Fledgling/Art/Sprites/Characters/Den/FightClubWolves/Blue/Bolf_Idle_Sprite_9.uexp" 1765
"C:/Users/user/Documents/GitHub/Fledgling/Content/Fledgling/Art/Sprites/Characters/Den/FightClubWolves/Blue/FB_Bolf_Idle.uasset" 1766
"C:/Users/user/Documents/GitHub/Fledgling/Content/Fledgling/Art/Sprites/Characters/Den/FightClubWolves/Blue/FB_Bolf_Idle.uexp" 1767
"C:/Users/user/Documents/GitHub/Fledgling/Content/Fledgling/Art/Placeholder/WD_CombatBGSketch.uasset" 1768
"C:/Users/user/Documents/GitHub/Fledgling/Content/Fledgling/Art/Placeholder/WD_CombatBGSketch.uexp" 1769
"C:/Users/user/Documents/GitHub/Fledgling/Content/Fledgling/Art/Sprites/lonewolf_idle__1__n.uasset" 1770
"C:/Users/user/Documents/GitHub/Fledgling/Content/Fledgling/Art/Sprites/lonewolf_idle__1__n.uexp" 1771
"C:/Users/user/Documents/GitHub/Fledgling/Content/Fledgling/Art/Sprites/Characters/Caverns/LoneWolf/lonewolf_idle.uasset" 1772
"C:/Users/user/Documents/GitHub/Fledgling/Content/Fledgling/Art/Sprites/Characters/Caverns/LoneWolf/lonewolf_idle.uexp" 1773
"C:/Users/user/Documents/GitHub/Fledgling/Content/Fledgling/Art/Sprites/Characters/Caverns/LoneWolf/lonewolf_idle_Sprite_0.uasset" 1774
"C:/Users/user/Documents/GitHub/Fledgling/Content/Fledgling/Art/Sprites/Characters/Caverns/LoneWolf/lonewolf_idle_Sprite_0.uexp" 1775
"C:/Users/user/Documents/GitHub/Fledgling/Content/Fledgling/Art/Sprites/Characters/Caverns/LoneWolf/lonewolf_idle_Sprite_1.uasset" 1776
"C:/Users/user/Documents/GitHub/Fledgling/Content/Fledgling/Art/Sprites/Characters/Caverns/LoneWolf/lonewolf_idle_Sprite_1.uexp" 1777
"C:/Users/user/Documents/GitHub/Fledgling/Content/Fledgling/Art/Sprites/Characters/Caverns/LoneWolf/lonewolf_idle_Sprite_2.uasset" 1778
"C:/Users/user/Documents/GitHub/Fledgling/Content/Fledgling/Art/Sprites/Characters/Caverns/LoneWolf/lonewolf_idle_Sprite_2.uexp" 1779
"C:/Users/user/Documents/GitHub/Fledgling/Content/Fledgling/Art/Sprites/Characters/Caverns/LoneWolf/lonewolf_idle_Sprite_3.uasset" 1780
"C:/Users/user/Documents/GitHub/Fledgling/Content/Fledgling/Art/Sprites/Characters/Caverns/LoneWolf/lonewolf_idle_Sprite_3.uexp" 1781
"C:/Users/user/Documents/GitHub/Fledgling/Content/Fledgling/Art/Sprites/Characters/Caverns/LoneWolf/FP_LoneWolf_Idle.uasset" 1782
"C:/Users/user/Documents/GitHub/Fledgling/Content/Fledgling/Art/Sprites/Characters/Caverns/LoneWolf/FP_LoneWolf_Idle.uexp" 1783
"C:/Users/user/Documents/GitHub/Fledgling/Content/Fledgling/Art/UI/Combat/CombatBG/SMCombatBackground.uasset" 1784
"C:/Users/user/Documents/GitHub/Fledgling/Content/Fledgling/Art/UI/Combat/CombatBG/SMCombatBackground.uexp" 1785
"C:/Users/user/Documents/GitHub/Fledgling/Content/Fledgling/Art/Sprites/Characters/Caverns/CrowFather_Dialogue_Sprite.uasset" 1786
"C:/Users/user/Documents/GitHub/Fledgling/Content/Fledgling/Art/Sprites/Characters/Caverns/CrowFather_Dialogue_Sprite.uexp" 1787
"C:/Users/user/Documents/GitHub/Fledgling/Content/Fledgling/DialogueOLD/DataTables/CrystalCaverns_New/TutorialSection/DT_CombatTutorial.uasset" 1788
"C:/Users/user/Documents/GitHub/Fledgling/Content/Fledgling/DialogueOLD/DataTables/CrystalCaverns_New/TutorialSection/DT_CombatTutorial.uexp" 1789
"C:/Users/user/Documents/GitHub/Fledgling/Content/Fledgling/Combat/DataTables/EnemyCards/DT_GoatCards.uasset" 1790
"C:/Users/user/Documents/GitHub/Fledgling/Content/Fledgling/Combat/DataTables/EnemyCards/DT_GoatCards.uexp" 1791
"C:/Users/user/Documents/GitHub/Fledgling/Content/Fledgling/Art/Sprites/Characters/Caverns/Rats/SmallRat/SmallRatIdle.uasset" 1792
"C:/Users/user/Documents/GitHub/Fledgling/Content/Fledgling/Art/Sprites/Characters/Caverns/Rats/SmallRat/SmallRatIdle.uexp" 1793
"C:/Users/user/Documents/GitHub/Fledgling/Content/Fledgling/Art/Sprites/Characters/Caverns/Rats/SmallRat/SmallRatIdle_Sprite_0.uasset" 1794
"C:/Users/user/Documents/GitHub/Fledgling/Content/Fledgling/Art/Sprites/Characters/Caverns/Rats/SmallRat/SmallRatIdle_Sprite_0.uexp" 1795
"C:/Users/user/Documents/GitHub/Fledgling/Content/Fledgling/Art/Sprites/Characters/Caverns/Rats/SmallRat/SmallRatIdle_Sprite_1.uasset" 1796
"C:/Users/user/Documents/GitHub/Fledgling/Content/Fledgling/Art/Sprites/Characters/Caverns/Rats/SmallRat/SmallRatIdle_Sprite_1.uexp" 1797
"C:/Users/user/Documents/GitHub/Fledgling/Content/Fledgling/Art/Sprites/Characters/Caverns/Rats/SmallRat/SmallRatIdle_Sprite_2.uasset" 1798
"C:/Users/user/Documents/GitHub/Fledgling/Content/Fledgling/Art/Sprites/Characters/Caverns/Rats/SmallRat/SmallRatIdle_Sprite_2.uexp" 1799
"C:/Users/user/Documents/GitHub/Fledgling/Content/Fledgling/Art/Sprites/Characters/Caverns/Rats/SmallRat/SmallRatIdle_Sprite_3.uasset" 1800
"C:/Users/user/Documents/GitHub/Fledgling/Content/Fledgling/Art/Sprites/Characters/Caverns/Rats/SmallRat/SmallRatIdle_Sprite_3.uexp" 1801
"C:/Users/user/Documents/GitHub/Fledgling/Content/Fledgling/Art/Sprites/Characters/Caverns/Rats/SmallRat/FB_SmallRat_Idle.uasset" 1802
"C:/Users/user/Documents/GitHub/Fledgling/Content/Fledgling/Art/Sprites/Characters/Caverns/Rats/SmallRat/FB_SmallRat_Idle.uexp" 1803
"C:/Users/user/Documents/GitHub/Fledgling/Content/Fledgling/Combat/Strucs/S_EnemyInfo.uasset" 1804
"C:/Users/user/Documents/GitHub/Fledgling/Content/Fledgling/Combat/Strucs/S_EnemyInfo.uexp" 1805
"C:/Users/user/Documents/GitHub/Fledgling/Content/Fledgling/Art/Sprites/MediumRatIdle__1__n.uasset" 1806
"C:/Users/user/Documents/GitHub/Fledgling/Content/Fledgling/Art/Sprites/MediumRatIdle__1__n.uexp" 1807
"C:/Users/user/Documents/GitHub/Fledgling/Content/Fledgling/Art/Sprites/Characters/Caverns/Rats/MediumRat/MediumRatIdle_Sprite_0.uasset" 1808
"C:/Users/user/Documents/GitHub/Fledgling/Content/Fledgling/Art/Sprites/Characters/Caverns/Rats/MediumRat/MediumRatIdle_Sprite_0.uexp" 1809
"C:/Users/user/Documents/GitHub/Fledgling/Content/Fledgling/Art/Sprites/Characters/Caverns/Rats/MediumRat/MediumRatIdle_Sprite_1.uasset" 1810
"C:/Users/user/Documents/GitHub/Fledgling/Content/Fledgling/Art/Sprites/Characters/Caverns/Rats/MediumRat/MediumRatIdle_Sprite_1.uexp" 1811
"C:/Users/user/Documents/GitHub/Fledgling/Content/Fledgling/Art/Sprites/Characters/Caverns/Rats/MediumRat/MediumRatIdle_Sprite_2.uasset" 1812
"C:/Users/user/Documents/GitHub/Fledgling/Content/Fledgling/Art/Sprites/Characters/Caverns/Rats/MediumRat/MediumRatIdle_Sprite_2.uexp" 1813
"C:/Users/user/Documents/GitHub/Fledgling/Content/Fledgling/Art/Sprites/Characters/Caverns/Rats/MediumRat/MediumRatIdle_Sprite_3.uasset" 1814
"C:/Users/user/Documents/GitHub/Fledgling/Content/Fledgling/Art/Sprites/Characters/Caverns/Rats/MediumRat/MediumRatIdle_Sprite_3.uexp" 1815
"C:/Users/user/Documents/GitHub/Fledgling/Content/Fledgling/Art/Sprites/Characters/Caverns/Rats/MediumRat/MediumRatIdle_Sprite_4.uasset" 1816
"C:/Users/user/Documents/GitHub/Fledgling/Content/Fledgling/Art/Sprites/Characters/Caverns/Rats/MediumRat/MediumRatIdle_Sprite_4.uexp" 1817
"C:/Users/user/Documents/GitHub/Fledgling/Content/Fledgling/Art/Sprites/Characters/Caverns/Rats/MediumRat/FP_MediumRatIdle.uasset" 1818
"C:/Users/user/Documents/GitHub/Fledgling/Content/Fledgling/Art/Sprites/Characters/Caverns/Rats/MediumRat/FP_MediumRatIdle.uexp" 1819
"C:/Users/user/Documents/GitHub/Fledgling/Content/Fledgling/Art/Sprites/Characters/Caverns/Rats/PartyRat/Source/Small_Party_Rat_Idle.uasset" 1820
"C:/Users/user/Documents/GitHub/Fledgling/Content/Fledgling/Art/Sprites/Characters/Caverns/Rats/PartyRat/Source/Small_Party_Rat_Idle.uexp" 1821
"C:/Users/user/Documents/GitHub/Fledgling/Content/Fledgling/Art/Sprites/Characters/Caverns/Rats/PartyRat/Source/Small_Party_Rat_Idle_Sprite_0.uasset" 1822
"C:/Users/user/Documents/GitHub/Fledgling/Content/Fledgling/Art/Sprites/Characters/Caverns/Rats/PartyRat/Source/Small_Party_Rat_Idle_Sprite_0.uexp" 1823
"C:/Users/user/Documents/GitHub/Fledgling/Content/Fledgling/Art/Sprites/Characters/Caverns/Rats/PartyRat/Source/Small_Party_Rat_Idle_Sprite_1.uasset" 1824
"C:/Users/user/Documents/GitHub/Fledgling/Content/Fledgling/Art/Sprites/Characters/Caverns/Rats/PartyRat/Source/Small_Party_Rat_Idle_Sprite_1.uexp" 1825
"C:/Users/user/Documents/GitHub/Fledgling/Content/Fledgling/Art/Sprites/Characters/Caverns/Rats/PartyRat/Source/Small_Party_Rat_Idle_Sprite_2.uasset" 1826
"C:/Users/user/Documents/GitHub/Fledgling/Content/Fledgling/Art/Sprites/Characters/Caverns/Rats/PartyRat/Source/Small_Party_Rat_Idle_Sprite_2.uexp" 1827
"C:/Users/user/Documents/GitHub/Fledgling/Content/Fledgling/Art/Sprites/Characters/Caverns/Rats/PartyRat/Source/Small_Party_Rat_Idle_Sprite_3.uasset" 1828
"C:/Users/user/Documents/GitHub/Fledgling/Content/Fledgling/Art/Sprites/Characters/Caverns/Rats/PartyRat/Source/Small_Party_Rat_Idle_Sprite_3.uexp" 1829
"C:/Users/user/Documents/GitHub/Fledgling/Content/Fledgling/Art/Sprites/Characters/Caverns/Rats/PartyRat/FB_Small_PartyRat_Idle.uasset" 1830
"C:/Users/user/Documents/GitHub/Fledgling/Content/Fledgling/Art/Sprites/Characters/Caverns/Rats/PartyRat/FB_Small_PartyRat_Idle.uexp" 1831
"C:/Users/user/Documents/GitHub/Fledgling/Content/Fledgling/Combat/DataTables/EnemyCards/DT_MrDentCards.uasset" 1832
"C:/Users/user/Documents/GitHub/Fledgling/Content/Fledgling/Combat/DataTables/EnemyCards/DT_MrDentCards.uexp" 1833
"C:/Users/user/Documents/GitHub/Fledgling/Content/Fledgling/Art/Sprites/beagratt_idle__1__n.uasset" 1834
"C:/Users/user/Documents/GitHub/Fledgling/Content/Fledgling/Art/Sprites/beagratt_idle__1__n.uexp" 1835
"C:/Users/user/Documents/GitHub/Fledgling/Content/Fledgling/Art/Sprites/Characters/Caverns/BeaGratt/beagratt_idle.uasset" 1836
"C:/Users/user/Documents/GitHub/Fledgling/Content/Fledgling/Art/Sprites/Characters/Caverns/BeaGratt/beagratt_idle.uexp" 1837
"C:/Users/user/Documents/GitHub/Fledgling/Content/Fledgling/Art/Sprites/Characters/Caverns/BeaGratt/beagratt_idle_Sprite_0.uasset" 1838
"C:/Users/user/Documents/GitHub/Fledgling/Content/Fledgling/Art/Sprites/Characters/Caverns/BeaGratt/beagratt_idle_Sprite_0.uexp" 1839
"C:/Users/user/Documents/GitHub/Fledgling/Content/Fledgling/Art/Sprites/Characters/Caverns/BeaGratt/beagratt_idle_Sprite_1.uasset" 1840
"C:/Users/user/Documents/GitHub/Fledgling/Content/Fledgling/Art/Sprites/Characters/Caverns/BeaGratt/beagratt_idle_Sprite_1.uexp" 1841
"C:/Users/user/Documents/GitHub/Fledgling/Content/Fledgling/Art/Sprites/Characters/Caverns/BeaGratt/beagratt_idle_Sprite_2.uasset" 1842
"C:/Users/user/Documents/GitHub/Fledgling/Content/Fledgling/Art/Sprites/Characters/Caverns/BeaGratt/beagratt_idle_Sprite_2.uexp" 1843
"C:/Users/user/Documents/GitHub/Fledgling/Content/Fledgling/Art/Sprites/Characters/Caverns/BeaGratt/beagratt_idle_Sprite_3.uasset" 1844
"C:/Users/user/Documents/GitHub/Fledgling/Content/Fledgling/Art/Sprites/Characters/Caverns/BeaGratt/beagratt_idle_Sprite_3.uexp" 1845
"C:/Users/user/Documents/GitHub/Fledgling/Content/Fledgling/Art/Sprites/Characters/Caverns/BeaGratt/FP_BeaGrattIdle.uasset" 1846
"C:/Users/user/Documents/GitHub/Fledgling/Content/Fledgling/Art/Sprites/Characters/Caverns/BeaGratt/FP_BeaGrattIdle.uexp" 1847
"C:/Users/user/Documents/GitHub/Fledgling/Content/Fledgling/Audio/Music/Mastered/CC/SW_CC_CombatMedIntensity_Mastered.ubulk" 1848
"C:/Users/user/Documents/GitHub/Fledgling/Content/Fledgling/Audio/Music/Mastered/CC/SW_CC_CombatMedIntensity_Mastered.uasset" 1849
"C:/Users/user/Documents/GitHub/Fledgling/Content/Fledgling/Audio/Music/Mastered/CC/SW_CC_CombatMedIntensity_Mastered.uexp" 1850
"C:/Users/user/Documents/GitHub/Fledgling/Content/Fledgling/Audio/Metasounds/MS_CCCombat_MediumIntensity.uasset" 1851
"C:/Users/user/Documents/GitHub/Fledgling/Content/Fledgling/Audio/Metasounds/MS_CCCombat_MediumIntensity.uexp" 1852
"C:/Users/user/Documents/GitHub/Fledgling/Content/Fledgling/Combat/DataTables/EnemyCards/DT_WolfCards.uasset" 1853
"C:/Users/user/Documents/GitHub/Fledgling/Content/Fledgling/Combat/DataTables/EnemyCards/DT_WolfCards.uexp" 1854
"C:/Users/user/Documents/GitHub/Fledgling/Content/Fledgling/Audio/Music/Mastered/CC/SW_BeaGrattCombat_Mastered.ubulk" 1855
"C:/Users/user/Documents/GitHub/Fledgling/Content/Fledgling/Audio/Music/Mastered/CC/SW_BeaGrattCombat_Mastered.uasset" 1856
"C:/Users/user/Documents/GitHub/Fledgling/Content/Fledgling/Audio/Music/Mastered/CC/SW_BeaGrattCombat_Mastered.uexp" 1857
"C:/Users/user/Documents/GitHub/Fledgling/Content/Fledgling/Audio/Music/Non-Mastered/CC/cave_exploration_draft__1_.ubulk" 1858
"C:/Users/user/Documents/GitHub/Fledgling/Content/Fledgling/Audio/Music/Non-Mastered/CC/cave_exploration_draft__1_.uasset" 1859
"C:/Users/user/Documents/GitHub/Fledgling/Content/Fledgling/Audio/Music/Non-Mastered/CC/cave_exploration_draft__1_.uexp" 1860
"C:/Users/user/Documents/GitHub/Fledgling/Content/Fledgling/Audio/Metasounds/MS_BeaGrattCombat.uasset" 1861
"C:/Users/user/Documents/GitHub/Fledgling/Content/Fledgling/Audio/Metasounds/MS_BeaGrattCombat.uexp" 1862
"C:/Users/user/Documents/GitHub/Fledgling/Content/Fledgling/Combat/DataTables/DT_Enemies.uasset" 1863
"C:/Users/user/Documents/GitHub/Fledgling/Content/Fledgling/Combat/DataTables/DT_Enemies.uexp" 1864
"C:/Users/user/Documents/GitHub/Fledgling/Content/Fledgling/UI/Widgets/WBP_PlayerStatusEffects.uasset" 1865
"C:/Users/user/Documents/GitHub/Fledgling/Content/Fledgling/UI/Widgets/WBP_PlayerStatusEffects.uexp" 1866
"C:/Users/user/Documents/GitHub/Fledgling/Content/Fledgling/Art/UI/Combat/CardHighlight.uasset" 1867
"C:/Users/user/Documents/GitHub/Fledgling/Content/Fledgling/Art/UI/Combat/CardHighlight.uexp" 1868
"C:/Users/user/Documents/GitHub/Fledgling/Content/Fledgling/Combat/CardUI/WBP_PlayerShieldCount.uasset" 1869
"C:/Users/user/Documents/GitHub/Fledgling/Content/Fledgling/Combat/CardUI/WBP_PlayerShieldCount.uexp" 1870
"C:/Users/user/Documents/GitHub/Fledgling/Content/Fledgling/Art/UI/Combat/HUD/Health/Health_bar_trimmed.uasset" 1871
"C:/Users/user/Documents/GitHub/Fledgling/Content/Fledgling/Art/UI/Combat/HUD/Health/Health_bar_trimmed.uexp" 1872
"C:/Users/user/Documents/GitHub/Fledgling/Content/Fledgling/Art/UI/Combat/HUD/Health/HealthBar_1_0.uasset" 1873
"C:/Users/user/Documents/GitHub/Fledgling/Content/Fledgling/Art/UI/Combat/HUD/Health/HealthBar_1_0.uexp" 1874
"C:/Users/user/Documents/GitHub/Fledgling/Content/Fledgling/Combat/CardUI/WBP_EnemyHealthBar.uasset" 1875
"C:/Users/user/Documents/GitHub/Fledgling/Content/Fledgling/Combat/CardUI/WBP_EnemyHealthBar.uexp" 1876
"C:/Users/user/Documents/GitHub/Fledgling/Content/Fledgling/Combat/CardUI/WBP_TurnCounter.uasset" 1877
"C:/Users/user/Documents/GitHub/Fledgling/Content/Fledgling/Combat/CardUI/WBP_TurnCounter.uexp" 1878
"C:/Users/user/Documents/GitHub/Fledgling/Content/Fledgling/Combat/CardUI/WBP_CardHUD.uasset" 1879
"C:/Users/user/Documents/GitHub/Fledgling/Content/Fledgling/Combat/CardUI/WBP_CardHUD.uexp" 1880
"C:/Users/user/Documents/GitHub/Fledgling/Content/Fledgling/UI/Widgets/WBP_CombatDialogue.uasset" 1881
"C:/Users/user/Documents/GitHub/Fledgling/Content/Fledgling/UI/Widgets/WBP_CombatDialogue.uexp" 1882
"C:/Users/user/Documents/GitHub/Fledgling/Content/Fledgling/Combat/CombatDialogue/BP_CombatDialogueComponent.uasset" 1883
"C:/Users/user/Documents/GitHub/Fledgling/Content/Fledgling/Combat/CombatDialogue/BP_CombatDialogueComponent.uexp" 1884
"C:/Users/user/Documents/GitHub/Fledgling/Content/Fledgling/Combat/CombatDialogue/BPFL_CombatDialogue_Play.uasset" 1885
"C:/Users/user/Documents/GitHub/Fledgling/Content/Fledgling/Combat/CombatDialogue/BPFL_CombatDialogue_Play.uexp" 1886
"C:/Users/user/Documents/GitHub/Fledgling/Content/Fledgling/Characters/Player/BP_PlayerCombat.uasset" 1887
"C:/Users/user/Documents/GitHub/Fledgling/Content/Fledgling/Characters/Player/BP_PlayerCombat.uexp" 1888
"C:/Users/user/Documents/GitHub/Fledgling/Content/Fledgling/Art/Sprites/Characters/Placeholder/DaggerSlash.uasset" 1889
"C:/Users/user/Documents/GitHub/Fledgling/Content/Fledgling/Art/Sprites/Characters/Placeholder/DaggerSlash.uexp" 1890
"C:/Users/user/Documents/GitHub/Fledgling/Content/Fledgling/Art/Sprites/Characters/Placeholder/DaggerSlash_Sprite_0.uasset" 1891
"C:/Users/user/Documents/GitHub/Fledgling/Content/Fledgling/Art/Sprites/Characters/Placeholder/DaggerSlash_Sprite_0.uexp" 1892
"C:/Users/user/Documents/GitHub/Fledgling/Content/Fledgling/Art/Sprites/Characters/Placeholder/DaggerSlash1.uasset" 1893
"C:/Users/user/Documents/GitHub/Fledgling/Content/Fledgling/Art/Sprites/Characters/Placeholder/DaggerSlash1.uexp" 1894
"C:/Users/user/Documents/GitHub/Fledgling/Content/Fledgling/Audio/UI/damage2.ubulk" 1895
"C:/Users/user/Documents/GitHub/Fledgling/Content/Fledgling/Audio/UI/damage2.uasset" 1896
"C:/Users/user/Documents/GitHub/Fledgling/Content/Fledgling/Audio/UI/damage2.uexp" 1897
"C:/Users/user/Documents/GitHub/Fledgling/Content/Fledgling/Combat/Controllers/EnemyCombatController.uasset" 1898
"C:/Users/user/Documents/GitHub/Fledgling/Content/Fledgling/Combat/Controllers/EnemyCombatController.uexp" 1899
"C:/Users/user/Documents/GitHub/Fledgling/Content/Fledgling/Combat/CardUI/WBP_Player_BerserkBar.uasset" 1900
"C:/Users/user/Documents/GitHub/Fledgling/Content/Fledgling/Combat/CardUI/WBP_Player_BerserkBar.uexp" 1901
"C:/Users/user/Documents/GitHub/Fledgling/Content/Fledgling/Combat/CardUI/WBP_PlayerHealthBar.uasset" 1902
"C:/Users/user/Documents/GitHub/Fledgling/Content/Fledgling/Combat/CardUI/WBP_PlayerHealthBar.uexp" 1903
"C:/Users/user/Documents/GitHub/Fledgling/Content/Fledgling/Art/Sprites/Characters/Player/Combat/fledgling_combat_block.uasset" 1904
"C:/Users/user/Documents/GitHub/Fledgling/Content/Fledgling/Art/Sprites/Characters/Player/Combat/fledgling_combat_block.uexp" 1905
"C:/Users/user/Documents/GitHub/Fledgling/Content/Fledgling/Art/Sprites/Characters/Player/Combat/fledgling_combat_block_Sprite_0.uasset" 1906
"C:/Users/user/Documents/GitHub/Fledgling/Content/Fledgling/Art/Sprites/Characters/Player/Combat/fledgling_combat_block_Sprite_0.uexp" 1907
"C:/Users/user/Documents/GitHub/Fledgling/Content/Fledgling/Art/Sprites/Characters/Player/Combat/fledgling_combat_block_Sprite_1.uasset" 1908
"C:/Users/user/Documents/GitHub/Fledgling/Content/Fledgling/Art/Sprites/Characters/Player/Combat/fledgling_combat_block_Sprite_1.uexp" 1909
"C:/Users/user/Documents/GitHub/Fledgling/Content/Fledgling/Art/Sprites/Characters/Player/Combat/fledgling_combat_block_Sprite_2.uasset" 1910
"C:/Users/user/Documents/GitHub/Fledgling/Content/Fledgling/Art/Sprites/Characters/Player/Combat/fledgling_combat_block_Sprite_2.uexp" 1911
"C:/Users/user/Documents/GitHub/Fledgling/Content/Fledgling/Art/Sprites/Characters/Player/Combat/fledgling_combat_block_Sprite_3.uasset" 1912
"C:/Users/user/Documents/GitHub/Fledgling/Content/Fledgling/Art/Sprites/Characters/Player/Combat/fledgling_combat_block_Sprite_3.uexp" 1913
"C:/Users/user/Documents/GitHub/Fledgling/Content/Fledgling/Art/Sprites/Characters/Player/Combat/FB_fledgling_combat_block.uasset" 1914
"C:/Users/user/Documents/GitHub/Fledgling/Content/Fledgling/Art/Sprites/Characters/Player/Combat/FB_fledgling_combat_block.uexp" 1915
"C:/Users/user/Documents/GitHub/Fledgling/Content/Fledgling/Audio/UI/heal.ubulk" 1916
"C:/Users/user/Documents/GitHub/Fledgling/Content/Fledgling/Audio/UI/heal.uasset" 1917
"C:/Users/user/Documents/GitHub/Fledgling/Content/Fledgling/Audio/UI/heal.uexp" 1918
"C:/Users/user/Documents/GitHub/Fledgling/Content/Fledgling/Audio/UI/fledgdamage__2_.ubulk" 1919
"C:/Users/user/Documents/GitHub/Fledgling/Content/Fledgling/Audio/UI/fledgdamage__2_.uasset" 1920
"C:/Users/user/Documents/GitHub/Fledgling/Content/Fledgling/Audio/UI/fledgdamage__2_.uexp" 1921
"C:/Users/user/Documents/GitHub/Fledgling/Content/Fledgling/Art/Sprites/Characters/Player/Combat/fledgling_combat_idle.uasset" 1922
"C:/Users/user/Documents/GitHub/Fledgling/Content/Fledgling/Art/Sprites/Characters/Player/Combat/fledgling_combat_idle.uexp" 1923
"C:/Users/user/Documents/GitHub/Fledgling/Content/Fledgling/Art/Sprites/Characters/Player/Combat/fledgling_combat_idle_Sprite_0.uasset" 1924
"C:/Users/user/Documents/GitHub/Fledgling/Content/Fledgling/Art/Sprites/Characters/Player/Combat/fledgling_combat_idle_Sprite_0.uexp" 1925
"C:/Users/user/Documents/GitHub/Fledgling/Content/Fledgling/Art/Sprites/Characters/Player/Combat/fledgling_combat_idle_Sprite_1.uasset" 1926
"C:/Users/user/Documents/GitHub/Fledgling/Content/Fledgling/Art/Sprites/Characters/Player/Combat/fledgling_combat_idle_Sprite_1.uexp" 1927
"C:/Users/user/Documents/GitHub/Fledgling/Content/Fledgling/Art/Sprites/Characters/Player/Combat/fledgling_combat_idle_Sprite_2.uasset" 1928
"C:/Users/user/Documents/GitHub/Fledgling/Content/Fledgling/Art/Sprites/Characters/Player/Combat/fledgling_combat_idle_Sprite_2.uexp" 1929
"C:/Users/user/Documents/GitHub/Fledgling/Content/Fledgling/Art/Sprites/Characters/Player/Combat/fledgling_combat_idle_Sprite_3.uasset" 1930
"C:/Users/user/Documents/GitHub/Fledgling/Content/Fledgling/Art/Sprites/Characters/Player/Combat/fledgling_combat_idle_Sprite_3.uexp" 1931
"C:/Users/user/Documents/GitHub/Fledgling/Content/Fledgling/Art/Sprites/Characters/Player/Combat/FB_fledgling_combat_idle.uasset" 1932
"C:/Users/user/Documents/GitHub/Fledgling/Content/Fledgling/Art/Sprites/Characters/Player/Combat/FB_fledgling_combat_idle.uexp" 1933
"C:/Users/user/Documents/GitHub/Fledgling/Content/Fledgling/Art/Sprites/Characters/Player/Combat/fledgling_combat_takedmg.uasset" 1934
"C:/Users/user/Documents/GitHub/Fledgling/Content/Fledgling/Art/Sprites/Characters/Player/Combat/fledgling_combat_takedmg.uexp" 1935
"C:/Users/user/Documents/GitHub/Fledgling/Content/Fledgling/Art/Sprites/Characters/Player/Combat/fledgling_combat_takedmg_Sprite_0.uasset" 1936
"C:/Users/user/Documents/GitHub/Fledgling/Content/Fledgling/Art/Sprites/Characters/Player/Combat/fledgling_combat_takedmg_Sprite_0.uexp" 1937
"C:/Users/user/Documents/GitHub/Fledgling/Content/Fledgling/Art/Sprites/Characters/Player/Combat/fledgling_combat_takedmg_Sprite_1.uasset" 1938
"C:/Users/user/Documents/GitHub/Fledgling/Content/Fledgling/Art/Sprites/Characters/Player/Combat/fledgling_combat_takedmg_Sprite_1.uexp" 1939
"C:/Users/user/Documents/GitHub/Fledgling/Content/Fledgling/Art/Sprites/Characters/Player/Combat/fledgling_combat_takedmg_Sprite_2.uasset" 1940
"C:/Users/user/Documents/GitHub/Fledgling/Content/Fledgling/Art/Sprites/Characters/Player/Combat/fledgling_combat_takedmg_Sprite_2.uexp" 1941
"C:/Users/user/Documents/GitHub/Fledgling/Content/Fledgling/Art/Sprites/Characters/Player/Combat/fledgling_combat_takedmg_Sprite_3.uasset" 1942
"C:/Users/user/Documents/GitHub/Fledgling/Content/Fledgling/Art/Sprites/Characters/Player/Combat/fledgling_combat_takedmg_Sprite_3.uexp" 1943
"C:/Users/user/Documents/GitHub/Fledgling/Content/Fledgling/Art/Sprites/Characters/Player/Combat/fledgling_combat_takedmg_Sprite_4.uasset" 1944
"C:/Users/user/Documents/GitHub/Fledgling/Content/Fledgling/Art/Sprites/Characters/Player/Combat/fledgling_combat_takedmg_Sprite_4.uexp" 1945
"C:/Users/user/Documents/GitHub/Fledgling/Content/Fledgling/Art/Sprites/Characters/Player/Combat/FB_fledgling_combat_takedmg.uasset" 1946
"C:/Users/user/Documents/GitHub/Fledgling/Content/Fledgling/Art/Sprites/Characters/Player/Combat/FB_fledgling_combat_takedmg.uexp" 1947
"C:/Users/user/Documents/GitHub/Fledgling/Content/Fledgling/Audio/UI/shield.ubulk" 1948
"C:/Users/user/Documents/GitHub/Fledgling/Content/Fledgling/Audio/UI/shield.uasset" 1949
"C:/Users/user/Documents/GitHub/Fledgling/Content/Fledgling/Audio/UI/shield.uexp" 1950
"C:/Users/user/Documents/GitHub/Fledgling/Content/Fledgling/Art/Sprites/Characters/Player/Combat/fledgling_combat_attack.uasset" 1951
"C:/Users/user/Documents/GitHub/Fledgling/Content/Fledgling/Art/Sprites/Characters/Player/Combat/fledgling_combat_attack.uexp" 1952
"C:/Users/user/Documents/GitHub/Fledgling/Content/Fledgling/Art/Sprites/Characters/Player/Combat/fledgling_combat_attack_Sprite_0.uasset" 1953
"C:/Users/user/Documents/GitHub/Fledgling/Content/Fledgling/Art/Sprites/Characters/Player/Combat/fledgling_combat_attack_Sprite_0.uexp" 1954
"C:/Users/user/Documents/GitHub/Fledgling/Content/Fledgling/Art/Sprites/Characters/Player/Combat/fledgling_combat_attack_Sprite_1.uasset" 1955
"C:/Users/user/Documents/GitHub/Fledgling/Content/Fledgling/Art/Sprites/Characters/Player/Combat/fledgling_combat_attack_Sprite_1.uexp" 1956
"C:/Users/user/Documents/GitHub/Fledgling/Content/Fledgling/Art/Sprites/Characters/Player/Combat/fledgling_combat_attack_Sprite_2.uasset" 1957
"C:/Users/user/Documents/GitHub/Fledgling/Content/Fledgling/Art/Sprites/Characters/Player/Combat/fledgling_combat_attack_Sprite_2.uexp" 1958
"C:/Users/user/Documents/GitHub/Fledgling/Content/Fledgling/Art/Sprites/Characters/Player/Combat/fledgling_combat_attack_Sprite_3.uasset" 1959
"C:/Users/user/Documents/GitHub/Fledgling/Content/Fledgling/Art/Sprites/Characters/Player/Combat/fledgling_combat_attack_Sprite_3.uexp" 1960
"C:/Users/user/Documents/GitHub/Fledgling/Content/Fledgling/Art/Sprites/Characters/Player/Combat/fledgling_combat_attack_Sprite_4.uasset" 1961
"C:/Users/user/Documents/GitHub/Fledgling/Content/Fledgling/Art/Sprites/Characters/Player/Combat/fledgling_combat_attack_Sprite_4.uexp" 1962
"C:/Users/user/Documents/GitHub/Fledgling/Content/Fledgling/Art/Sprites/Characters/Player/Combat/fledgling_combat_attack_Sprite_5.uasset" 1963
"C:/Users/user/Documents/GitHub/Fledgling/Content/Fledgling/Art/Sprites/Characters/Player/Combat/fledgling_combat_attack_Sprite_5.uexp" 1964
"C:/Users/user/Documents/GitHub/Fledgling/Content/Fledgling/Art/Sprites/Characters/Player/Combat/fledgling_combat_attack_Sprite_6.uasset" 1965
"C:/Users/user/Documents/GitHub/Fledgling/Content/Fledgling/Art/Sprites/Characters/Player/Combat/fledgling_combat_attack_Sprite_6.uexp" 1966
"C:/Users/user/Documents/GitHub/Fledgling/Content/Fledgling/Art/Sprites/Characters/Player/Combat/fledgling_combat_attack_Sprite_7.uasset" 1967
"C:/Users/user/Documents/GitHub/Fledgling/Content/Fledgling/Art/Sprites/Characters/Player/Combat/fledgling_combat_attack_Sprite_7.uexp" 1968
"C:/Users/user/Documents/GitHub/Fledgling/Content/Fledgling/Art/Sprites/Characters/Player/Combat/fledgling_combat_attack_Sprite_8.uasset" 1969
"C:/Users/user/Documents/GitHub/Fledgling/Content/Fledgling/Art/Sprites/Characters/Player/Combat/fledgling_combat_attack_Sprite_8.uexp" 1970
"C:/Users/user/Documents/GitHub/Fledgling/Content/Fledgling/Art/Sprites/Characters/Player/Combat/FB_fledgling_combat_attack.uasset" 1971
"C:/Users/user/Documents/GitHub/Fledgling/Content/Fledgling/Art/Sprites/Characters/Player/Combat/FB_fledgling_combat_attack.uexp" 1972
"C:/Users/user/Documents/GitHub/Fledgling/Content/Fledgling/Combat/Controllers/PlayerCombatController.uasset" 1973
"C:/Users/user/Documents/GitHub/Fledgling/Content/Fledgling/Combat/Controllers/PlayerCombatController.uexp" 1974
"C:/Users/user/Documents/GitHub/Fledgling/Content/Fledgling/Art/UI/Combat/HUD/Vel/VelCounter.uasset" 1975
"C:/Users/user/Documents/GitHub/Fledgling/Content/Fledgling/Art/UI/Combat/HUD/Vel/VelCounter.uexp" 1976
"C:/Users/user/Documents/GitHub/Fledgling/Content/Fledgling/Art/UI/Combat/HUD/Vel/VelCounter_Sprite.uasset" 1977
"C:/Users/user/Documents/GitHub/Fledgling/Content/Fledgling/Art/UI/Combat/HUD/Vel/VelCounter_Sprite.uexp" 1978
"../../../Engine/Content/EngineFonts/Faces/RobotoLight.uexp" 1979
"../../../Engine/Content/EngineFonts/Faces/RobotoLight.uasset" 1980
"../../../Engine/Content/EngineFonts/Faces/RobotoLight.ufont" 1981
"../../../Engine/Content/EngineFonts/Faces/RobotoBold.uexp" 1982
"../../../Engine/Content/EngineFonts/Faces/RobotoBold.uasset" 1983
"../../../Engine/Content/EngineFonts/Faces/RobotoBold.ufont" 1984
"../../../Engine/Content/EngineFonts/Faces/RobotoRegular.uexp" 1985
"../../../Engine/Content/EngineFonts/Faces/RobotoRegular.uasset" 1986
"../../../Engine/Content/EngineFonts/Faces/RobotoRegular.ufont" 1987
"../../../Engine/Content/EngineFonts/Faces/DroidSansFallback.uexp" 1988
"../../../Engine/Content/EngineFonts/Faces/DroidSansFallback.uasset" 1989
"../../../Engine/Content/EngineFonts/Faces/DroidSansFallback.ufont" 1990
"../../../Engine/Content/EngineFonts/Faces/RobotoItalic.uexp" 1991
"../../../Engine/Content/EngineFonts/Faces/RobotoItalic.uasset" 1992
"../../../Engine/Content/EngineFonts/Faces/RobotoItalic.ufont" 1993
"../../../Engine/Content/EngineFonts/Faces/RobotoBoldItalic.uexp" 1994
"../../../Engine/Content/EngineFonts/Faces/RobotoBoldItalic.uasset" 1995
"../../../Engine/Content/EngineFonts/Faces/RobotoBoldItalic.ufont" 1996
"../../../Engine/Content/EngineFonts/Roboto.uasset" 1997
"../../../Engine/Content/EngineFonts/Roboto.uexp" 1998
"C:/Users/user/Documents/GitHub/Fledgling/Content/Fledgling/DialogueOLD/DataTables/RichText/DT_CombatTextStyle.uasset" 1999
"C:/Users/user/Documents/GitHub/Fledgling/Content/Fledgling/DialogueOLD/DataTables/RichText/DT_CombatTextStyle.uexp" 2000
"C:/Users/user/Documents/GitHub/Fledgling/Content/Fledgling/Art/UI/Combat/Decorators/DamageDecorator.uasset" 2001
"C:/Users/user/Documents/GitHub/Fledgling/Content/Fledgling/Art/UI/Combat/Decorators/DamageDecorator.uexp" 2002
"C:/Users/user/Documents/GitHub/Fledgling/Content/Fledgling/Art/UI/Combat/Icons/DOT.uasset" 2003
"C:/Users/user/Documents/GitHub/Fledgling/Content/Fledgling/Art/UI/Combat/Icons/DOT.uexp" 2004
"C:/Users/user/Documents/GitHub/Fledgling/Content/Fledgling/Art/UI/Combat/Icons/HOT.uasset" 2005
"C:/Users/user/Documents/GitHub/Fledgling/Content/Fledgling/Art/UI/Combat/Icons/HOT.uexp" 2006
"C:/Users/user/Documents/GitHub/Fledgling/Content/Fledgling/Art/UI/Combat/Decorators/turnDecorator.uasset" 2007
"C:/Users/user/Documents/GitHub/Fledgling/Content/Fledgling/Art/UI/Combat/Decorators/turnDecorator.uexp" 2008
"C:/Users/user/Documents/GitHub/Fledgling/Content/Fledgling/Art/UI/Combat/HUD/ShieldWithBraceIcon.uasset" 2009
"C:/Users/user/Documents/GitHub/Fledgling/Content/Fledgling/Art/UI/Combat/HUD/ShieldWithBraceIcon.uexp" 2010
"C:/Users/user/Documents/GitHub/Fledgling/Content/Fledgling/Art/UI/Combat/Decorators/TestDecorator.uasset" 2011
"C:/Users/user/Documents/GitHub/Fledgling/Content/Fledgling/Art/UI/Combat/Decorators/TestDecorator.uexp" 2012
"C:/Users/user/Documents/GitHub/Fledgling/Content/Fledgling/Art/UI/Combat/Decorators/velDecorator.uasset" 2013
"C:/Users/user/Documents/GitHub/Fledgling/Content/Fledgling/Art/UI/Combat/Decorators/velDecorator.uexp" 2014
"C:/Users/user/Documents/GitHub/Fledgling/Content/Fledgling/DialogueOLD/DataTables/RichText/DT_Combat_RichImageRow.uasset" 2015
"C:/Users/user/Documents/GitHub/Fledgling/Content/Fledgling/DialogueOLD/DataTables/RichText/DT_Combat_RichImageRow.uexp" 2016
"C:/Users/user/Documents/GitHub/Fledgling/Content/Fledgling/DialogueOLD/DataTables/RichText/BP_TextDecorator.uasset" 2017
"C:/Users/user/Documents/GitHub/Fledgling/Content/Fledgling/DialogueOLD/DataTables/RichText/BP_TextDecorator.uexp" 2018
"C:/Users/user/Documents/GitHub/Fledgling/Content/Fledgling/NewCombat/3DCards/WBP_CardDescText.uasset" 2019
"C:/Users/user/Documents/GitHub/Fledgling/Content/Fledgling/NewCombat/3DCards/WBP_CardDescText.uexp" 2020
"C:/Users/user/Documents/GitHub/Fledgling/Content/Fledgling/NewCombat/CardDynamics/I_CardInteraction.uasset" 2021
"C:/Users/user/Documents/GitHub/Fledgling/Content/Fledgling/NewCombat/CardDynamics/I_CardInteraction.uexp" 2022
"C:/Users/user/Documents/GitHub/Fledgling/Content/Fledgling/Art/Sprites/Cards/BlankCard.uasset" 2023
"C:/Users/user/Documents/GitHub/Fledgling/Content/Fledgling/Art/Sprites/Cards/BlankCard.uexp" 2024
"C:/Users/user/Documents/GitHub/Fledgling/Content/Fledgling/Art/Sprites/Cards/BlankCard_Sprite.uasset" 2025
"C:/Users/user/Documents/GitHub/Fledgling/Content/Fledgling/Art/Sprites/Cards/BlankCard_Sprite.uexp" 2026
"../../../Engine/Plugins/2D/Paper2D/Content/MaskedLitSpriteMaterial.uasset" 2027
"../../../Engine/Plugins/2D/Paper2D/Content/MaskedLitSpriteMaterial.uexp" 2028
"C:/Users/user/Documents/GitHub/Fledgling/Content/Fledgling/NewCombat/3DCards/BP_CardParent.uasset" 2029
"C:/Users/user/Documents/GitHub/Fledgling/Content/Fledgling/NewCombat/3DCards/BP_CardParent.uexp" 2030
"C:/Users/user/Documents/GitHub/Fledgling/Content/Fledgling/NewCombat/CardDynamics/BP_CardHand3D.uasset" 2031
"C:/Users/user/Documents/GitHub/Fledgling/Content/Fledgling/NewCombat/CardDynamics/BP_CardHand3D.uexp" 2032
"C:/Users/user/Documents/GitHub/Fledgling/Content/Fledgling/Combat/Controllers/CombatManager.uasset" 2033
"C:/Users/user/Documents/GitHub/Fledgling/Content/Fledgling/Combat/Controllers/CombatManager.uexp" 2034
"C:/Users/user/Documents/GitHub/Fledgling/Content/Fledgling/NewCombat/Widgets/WBP_ManaCounter.uasset" 2035
"C:/Users/user/Documents/GitHub/Fledgling/Content/Fledgling/NewCombat/Widgets/WBP_ManaCounter.uexp" 2036
"C:/Users/user/Documents/GitHub/Fledgling/Content/Fledgling/NewCombat/Widgets/WBP_CombatHUD.uasset" 2037
"C:/Users/user/Documents/GitHub/Fledgling/Content/Fledgling/NewCombat/Widgets/WBP_CombatHUD.uexp" 2038
"C:/Users/user/Documents/GitHub/Fledgling/Content/Fledgling/Combat/CardUI/StatusIcons/WBP_Icon_HOT.uasset" 2039
"C:/Users/user/Documents/GitHub/Fledgling/Content/Fledgling/Combat/CardUI/StatusIcons/WBP_Icon_HOT.uexp" 2040
"C:/Users/user/Documents/GitHub/Fledgling/Content/Fledgling/Combat/CardUI/StatusIcons/WBP_Icon_DOT.uasset" 2041
"C:/Users/user/Documents/GitHub/Fledgling/Content/Fledgling/Combat/CardUI/StatusIcons/WBP_Icon_DOT.uexp" 2042
"C:/Users/user/Documents/GitHub/Fledgling/Content/Fledgling/Art/UI/Combat/Icons/VOT.uasset" 2043
"C:/Users/user/Documents/GitHub/Fledgling/Content/Fledgling/Art/UI/Combat/Icons/VOT.uexp" 2044
"C:/Users/user/Documents/GitHub/Fledgling/Content/Fledgling/Combat/CardUI/StatusIcons/WBP_Icon_VOT.uasset" 2045
"C:/Users/user/Documents/GitHub/Fledgling/Content/Fledgling/Combat/CardUI/StatusIcons/WBP_Icon_VOT.uexp" 2046
"C:/Users/user/Documents/GitHub/Fledgling/Content/Fledgling/Combat/Controllers/CardEffectHandler.uasset" 2047
"C:/Users/user/Documents/GitHub/Fledgling/Content/Fledgling/Combat/Controllers/CardEffectHandler.uexp" 2048
"C:/Users/user/Documents/GitHub/Fledgling/Content/Fledgling/NewCombat/BP_CombatPawn.uasset" 2049
"C:/Users/user/Documents/GitHub/Fledgling/Content/Fledgling/NewCombat/BP_CombatPawn.uexp" 2050
"C:/Users/user/Documents/GitHub/Fledgling/Content/Fledgling/Combat/Controllers/ParentCombatController.uasset" 2051
"C:/Users/user/Documents/GitHub/Fledgling/Content/Fledgling/Combat/Controllers/ParentCombatController.uexp" 2052
"C:/Users/user/Documents/GitHub/Fledgling/Content/Fledgling/Audio/Music/Mastered/CC/SW_CC_Layer3_Mastered.ubulk" 2053
"C:/Users/user/Documents/GitHub/Fledgling/Content/Fledgling/Audio/Music/Mastered/CC/SW_CC_Layer3_Mastered.uasset" 2054
"C:/Users/user/Documents/GitHub/Fledgling/Content/Fledgling/Audio/Music/Mastered/CC/SW_CC_Layer3_Mastered.uexp" 2055
"C:/Users/user/Documents/GitHub/Fledgling/Content/Fledgling/Audio/Music/Mastered/CC/SW_CC_Layer2_Mastered.ubulk" 2056
"C:/Users/user/Documents/GitHub/Fledgling/Content/Fledgling/Audio/Music/Mastered/CC/SW_CC_Layer2_Mastered.uasset" 2057
"C:/Users/user/Documents/GitHub/Fledgling/Content/Fledgling/Audio/Music/Mastered/CC/SW_CC_Layer2_Mastered.uexp" 2058
"C:/Users/user/Documents/GitHub/Fledgling/Content/Fledgling/Audio/Music/Mastered/CC/SW_CC_Core_Mastered.ubulk" 2059
"C:/Users/user/Documents/GitHub/Fledgling/Content/Fledgling/Audio/Music/Mastered/CC/SW_CC_Core_Mastered.uasset" 2060
"C:/Users/user/Documents/GitHub/Fledgling/Content/Fledgling/Audio/Music/Mastered/CC/SW_CC_Core_Mastered.uexp" 2061
"C:/Users/user/Documents/GitHub/Fledgling/Content/Fledgling/Audio/Music/Mastered/CC/SW_CC_Layer1_Mastered.ubulk" 2062
"C:/Users/user/Documents/GitHub/Fledgling/Content/Fledgling/Audio/Music/Mastered/CC/SW_CC_Layer1_Mastered.uasset" 2063
"C:/Users/user/Documents/GitHub/Fledgling/Content/Fledgling/Audio/Music/Mastered/CC/SW_CC_Layer1_Mastered.uexp" 2064
"C:/Users/user/Documents/GitHub/Fledgling/Content/Fledgling/Audio/Metasounds/MS_DynamicCC.uasset" 2065
"C:/Users/user/Documents/GitHub/Fledgling/Content/Fledgling/Audio/Metasounds/MS_DynamicCC.uexp" 2066
"C:/Users/user/Documents/GitHub/Fledgling/Content/Fledgling/Combat/BP_CardController.uasset" 2067
"C:/Users/user/Documents/GitHub/Fledgling/Content/Fledgling/Combat/BP_CardController.uexp" 2068
"C:/Users/user/Documents/GitHub/Fledgling/Content/Fledgling/UI/MainMenu/WBP_MainMenu.uasset" 2069
"C:/Users/user/Documents/GitHub/Fledgling/Content/Fledgling/UI/MainMenu/WBP_MainMenu.uexp" 2070
"C:/Users/user/Documents/GitHub/Fledgling/Content/Fledgling/UI/MainMenu/WBP_MainMenu_Settings.uasset" 2071
"C:/Users/user/Documents/GitHub/Fledgling/Content/Fledgling/UI/MainMenu/WBP_MainMenu_Settings.uexp" 2072
"C:/Users/user/Documents/GitHub/Fledgling/Content/Fledgling/UI/MainMenu/WBP_MenuStack.uasset" 2073
"C:/Users/user/Documents/GitHub/Fledgling/Content/Fledgling/UI/MainMenu/WBP_MenuStack.uexp" 2074
"C:/Users/user/Documents/GitHub/Fledgling/Content/Fledgling/UI/MainMenu/WBP_PauseMenuSettings_ControlsOLD.uasset" 2075
"C:/Users/user/Documents/GitHub/Fledgling/Content/Fledgling/UI/MainMenu/WBP_PauseMenuSettings_ControlsOLD.uexp" 2076
"C:/Users/user/Documents/GitHub/Fledgling/Content/Fledgling/UI/MainMenu/WBP_PauseMenuSettingsOLD.uasset" 2077
"C:/Users/user/Documents/GitHub/Fledgling/Content/Fledgling/UI/MainMenu/WBP_PauseMenuSettingsOLD.uexp" 2078
"C:/Users/user/Documents/GitHub/Fledgling/Content/Fledgling/UI/MainMenu/WBP_PauseMenuOLD.uasset" 2079
"C:/Users/user/Documents/GitHub/Fledgling/Content/Fledgling/UI/MainMenu/WBP_PauseMenuOLD.uexp" 2080
"C:/Users/user/Documents/GitHub/Fledgling/Content/Fledgling/UI/MainMenu/BP_PauseMenuManager.uasset" 2081
"C:/Users/user/Documents/GitHub/Fledgling/Content/Fledgling/UI/MainMenu/BP_PauseMenuManager.uexp" 2082
"C:/Users/user/Documents/GitHub/Fledgling/Content/Fledgling/UI/MainMenu/BP_HUD_MainMenu.uasset" 2083
"C:/Users/user/Documents/GitHub/Fledgling/Content/Fledgling/UI/MainMenu/BP_HUD_MainMenu.uexp" 2084
"C:/Users/user/Documents/GitHub/Fledgling/Content/Fledgling/Core/GM_FledglingMainMenu.uasset" 2085
"C:/Users/user/Documents/GitHub/Fledgling/Content/Fledgling/Core/GM_FledglingMainMenu.uexp" 2086
"C:/Users/user/Documents/GitHub/Fledgling/Content/Fledgling/Core/GameStateControl/BP_StateHandlerParent.uasset" 2087
"C:/Users/user/Documents/GitHub/Fledgling/Content/Fledgling/Core/GameStateControl/BP_StateHandlerParent.uexp" 2088
"C:/Users/user/Documents/GitHub/Fledgling/Content/Fledgling/Core/GameStateControl/StateHandlers/SH_PauseMenu.uasset" 2089
"C:/Users/user/Documents/GitHub/Fledgling/Content/Fledgling/Core/GameStateControl/StateHandlers/SH_PauseMenu.uexp" 2090
"C:/Users/user/Documents/GitHub/Fledgling/Content/Fledgling/Inventory/Blueprints/SH_Inventory.uasset" 2091
"C:/Users/user/Documents/GitHub/Fledgling/Content/Fledgling/Inventory/Blueprints/SH_Inventory.uexp" 2092
"C:/Users/user/Documents/GitHub/Fledgling/Content/Fledgling/DialogueAndNPCS/Data/Conversations/DA_D_CC_Test1.uasset" 2093
"C:/Users/user/Documents/GitHub/Fledgling/Content/Fledgling/DialogueAndNPCS/Data/Conversations/DA_D_CC_Test1.uexp" 2094
"C:/Users/user/Documents/GitHub/Fledgling/Content/Fledgling/Art/UI/Dialogue/DialogueName.uasset" 2095
"C:/Users/user/Documents/GitHub/Fledgling/Content/Fledgling/Art/UI/Dialogue/DialogueName.uexp" 2096
"C:/Users/user/Documents/GitHub/Fledgling/Content/Fledgling/Art/UI/Dialogue/DialogueBox.uasset" 2097
"C:/Users/user/Documents/GitHub/Fledgling/Content/Fledgling/Art/UI/Dialogue/DialogueBox.uexp" 2098
"C:/Users/user/Documents/GitHub/Fledgling/Content/Fledgling/Art/Sprites/Characters/Caverns/MrDent/DentDialogueIcon.uasset" 2099
"C:/Users/user/Documents/GitHub/Fledgling/Content/Fledgling/Art/Sprites/Characters/Caverns/MrDent/DentDialogueIcon.uexp" 2100
"C:/Users/user/Documents/GitHub/Fledgling/Content/Fledgling/DialogueAndNPCS/DataTypes/S_Character.uasset" 2101
"C:/Users/user/Documents/GitHub/Fledgling/Content/Fledgling/DialogueAndNPCS/DataTypes/S_Character.uexp" 2102
"C:/Users/user/Documents/GitHub/Fledgling/Content/Fledgling/Art/Sprites/Characters/Caverns/Rats/DSP_MediumRat.uasset" 2103
"C:/Users/user/Documents/GitHub/Fledgling/Content/Fledgling/Art/Sprites/Characters/Caverns/Rats/DSP_MediumRat.uexp" 2104
"C:/Users/user/Documents/GitHub/Fledgling/Content/Fledgling/Art/Sprites/Characters/Caverns/PerchCrow.uasset" 2105
"C:/Users/user/Documents/GitHub/Fledgling/Content/Fledgling/Art/Sprites/Characters/Caverns/PerchCrow.uexp" 2106
"C:/Users/user/Documents/GitHub/Fledgling/Content/Fledgling/Art/Sprites/Characters/Caverns/Rats/DSP_LargeRat.uasset" 2107
"C:/Users/user/Documents/GitHub/Fledgling/Content/Fledgling/Art/Sprites/Characters/Caverns/Rats/DSP_LargeRat.uexp" 2108
"C:/Users/user/Documents/GitHub/Fledgling/Content/Fledgling/Art/Sprites/Characters/Caverns/CrowMother_Dialogue_Sprite.uasset" 2109
"C:/Users/user/Documents/GitHub/Fledgling/Content/Fledgling/Art/Sprites/Characters/Caverns/CrowMother_Dialogue_Sprite.uexp" 2110
"C:/Users/user/Documents/GitHub/Fledgling/Content/Fledgling/Art/Sprites/Characters/Caverns/Rats/PartyRat/DSP_PartyRat_Small_1.uasset" 2111
"C:/Users/user/Documents/GitHub/Fledgling/Content/Fledgling/Art/Sprites/Characters/Caverns/Rats/PartyRat/DSP_PartyRat_Small_1.uexp" 2112
"C:/Users/user/Documents/GitHub/Fledgling/Content/Fledgling/Art/Sprites/Characters/Caverns/Rats/DSP_SmallRat.uasset" 2113
"C:/Users/user/Documents/GitHub/Fledgling/Content/Fledgling/Art/Sprites/Characters/Caverns/Rats/DSP_SmallRat.uexp" 2114
"C:/Users/user/Documents/GitHub/Fledgling/Content/Fledgling/Art/Sprites/Characters/Player/FledgDialogueIcon.uasset" 2115
"C:/Users/user/Documents/GitHub/Fledgling/Content/Fledgling/Art/Sprites/Characters/Player/FledgDialogueIcon.uexp" 2116
"C:/Users/user/Documents/GitHub/Fledgling/Content/Fledgling/DialogueAndNPCS/Data/DT_Character_DialogueInfo.uasset" 2117
"C:/Users/user/Documents/GitHub/Fledgling/Content/Fledgling/DialogueAndNPCS/Data/DT_Character_DialogueInfo.uexp" 2118
"C:/Users/user/Documents/GitHub/Fledgling/Content/Fledgling/DialogueAndNPCS/BPFL_Dialogue.uasset" 2119
"C:/Users/user/Documents/GitHub/Fledgling/Content/Fledgling/DialogueAndNPCS/BPFL_Dialogue.uexp" 2120
"C:/Users/user/Documents/GitHub/Fledgling/Content/Fledgling/Art/UI/Dialogue/ButtonPressed.uasset" 2121
"C:/Users/user/Documents/GitHub/Fledgling/Content/Fledgling/Art/UI/Dialogue/ButtonPressed.uexp" 2122
"C:/Users/user/Documents/GitHub/Fledgling/Content/Fledgling/Art/UI/Dialogue/ButtonUnpressed.uasset" 2123
"C:/Users/user/Documents/GitHub/Fledgling/Content/Fledgling/Art/UI/Dialogue/ButtonUnpressed.uexp" 2124
"C:/Users/user/Documents/GitHub/Fledgling/Content/Fledgling/DialogueAndNPCS/Widgets/WBP_DialogueOption.uasset" 2125
"C:/Users/user/Documents/GitHub/Fledgling/Content/Fledgling/DialogueAndNPCS/Widgets/WBP_DialogueOption.uexp" 2126
"C:/Users/user/Documents/GitHub/Fledgling/Content/Fledgling/DialogueAndNPCS/DataTypes/S_DialogueLine.uasset" 2127
"C:/Users/user/Documents/GitHub/Fledgling/Content/Fledgling/DialogueAndNPCS/DataTypes/S_DialogueLine.uexp" 2128
"C:/Users/user/Documents/GitHub/Fledgling/Content/Fledgling/DialogueAndNPCS/Widgets/WBP_DialogueBox.uasset" 2129
"C:/Users/user/Documents/GitHub/Fledgling/Content/Fledgling/DialogueAndNPCS/Widgets/WBP_DialogueBox.uexp" 2130
"C:/Users/user/Documents/GitHub/Fledgling/Content/Fledgling/DialogueAndNPCS/BP_DialogueComponent.uasset" 2131
"C:/Users/user/Documents/GitHub/Fledgling/Content/Fledgling/DialogueAndNPCS/BP_DialogueComponent.uexp" 2132
"C:/Users/user/Documents/GitHub/Fledgling/Content/Fledgling/Core/GameStateControl/StateHandlers/SH_Cutscene.uasset" 2133
"C:/Users/user/Documents/GitHub/Fledgling/Content/Fledgling/Core/GameStateControl/StateHandlers/SH_Cutscene.uexp" 2134
"C:/Users/user/Documents/GitHub/Fledgling/Content/Fledgling/Core/GameStateControl/StateHandlers/SH_Exploration.uasset" 2135
"C:/Users/user/Documents/GitHub/Fledgling/Content/Fledgling/Core/GameStateControl/StateHandlers/SH_Exploration.uexp" 2136
"C:/Users/user/Documents/GitHub/Fledgling/Content/Fledgling/DialogueOLD/Blueprints/SH_Dialogue.uasset" 2137
"C:/Users/user/Documents/GitHub/Fledgling/Content/Fledgling/DialogueOLD/Blueprints/SH_Dialogue.uexp" 2138
"C:/Users/user/Documents/GitHub/Fledgling/Content/Fledgling/Core/GameStateControl/StateHandlers/SH_Loading.uasset" 2139
"C:/Users/user/Documents/GitHub/Fledgling/Content/Fledgling/Core/GameStateControl/StateHandlers/SH_Loading.uexp" 2140
"C:/Users/user/Documents/GitHub/Fledgling/Content/Fledgling/DialogueAndNPCS/DataTypes/NPC_Types/BP_Interactable_WithDialogue_Parent.uasset" 2141
"C:/Users/user/Documents/GitHub/Fledgling/Content/Fledgling/DialogueAndNPCS/DataTypes/NPC_Types/BP_Interactable_WithDialogue_Parent.uexp" 2142
"C:/Users/user/Documents/GitHub/Fledgling/Content/Fledgling/Shop/SH_Shop.uasset" 2143
"C:/Users/user/Documents/GitHub/Fledgling/Content/Fledgling/Shop/SH_Shop.uexp" 2144
"C:/Users/user/Documents/GitHub/Fledgling/Content/Fledgling/Core/GM_FledglingExplore.uasset" 2145
"C:/Users/user/Documents/GitHub/Fledgling/Content/Fledgling/Core/GM_FledglingExplore.uexp" 2146
"C:/Users/user/Documents/GitHub/Fledgling/Content/Fledgling/Core/GameStateControl/BPL_StateControl.uasset" 2147
"C:/Users/user/Documents/GitHub/Fledgling/Content/Fledgling/Core/GameStateControl/BPL_StateControl.uexp" 2148
"C:/Users/user/Documents/GitHub/Fledgling/Content/Fledgling/Core/Instance_Fledgling.uasset" 2149
"C:/Users/user/Documents/GitHub/Fledgling/Content/Fledgling/Core/Instance_Fledgling.uexp" 2150
"C:/Users/user/Documents/GitHub/Fledgling/Content/Fledgling/Art/UI/Inventory/Tab_2.uasset" 2151
"C:/Users/user/Documents/GitHub/Fledgling/Content/Fledgling/Art/UI/Inventory/Tab_2.uexp" 2152
"C:/Users/user/Documents/GitHub/Fledgling/Content/Fledgling/Art/UI/Inventory/Tab_4.uasset" 2153
"C:/Users/user/Documents/GitHub/Fledgling/Content/Fledgling/Art/UI/Inventory/Tab_4.uexp" 2154
"C:/Users/user/Documents/GitHub/Fledgling/Content/Fledgling/Inventory/Blueprints/I_InventorySection.uasset" 2155
"C:/Users/user/Documents/GitHub/Fledgling/Content/Fledgling/Inventory/Blueprints/I_InventorySection.uexp" 2156
"C:/Users/user/Documents/GitHub/Fledgling/Content/Fledgling/Art/UI/Inventory/Inventory_JustPages.uasset" 2157
"C:/Users/user/Documents/GitHub/Fledgling/Content/Fledgling/Art/UI/Inventory/Inventory_JustPages.uexp" 2158
"C:/Users/user/Documents/GitHub/Fledgling/Content/Fledgling/UI/Widgets/Inventory/WBP_CardDisplay.uasset" 2159
"C:/Users/user/Documents/GitHub/Fledgling/Content/Fledgling/UI/Widgets/Inventory/WBP_CardDisplay.uexp" 2160
"C:/Users/user/Documents/GitHub/Fledgling/Content/Fledgling/UI/Widgets/Inventory/WBP_DeckView.uasset" 2161
"C:/Users/user/Documents/GitHub/Fledgling/Content/Fledgling/UI/Widgets/Inventory/WBP_DeckView.uexp" 2162
"C:/Users/user/Documents/GitHub/Fledgling/Content/Fledgling/Art/Sprites/Cards/Ambers/Beserk_Card.uasset" 2163
"C:/Users/user/Documents/GitHub/Fledgling/Content/Fledgling/Art/Sprites/Cards/Ambers/Beserk_Card.uexp" 2164
"C:/Users/user/Documents/GitHub/Fledgling/Content/Fledgling/Art/Sprites/Cards/Ambers/Beserk_Card_Sprite.uasset" 2165
"C:/Users/user/Documents/GitHub/Fledgling/Content/Fledgling/Art/Sprites/Cards/Ambers/Beserk_Card_Sprite.uexp" 2166
"C:/Users/user/Documents/GitHub/Fledgling/Content/Fledgling/Art/Sprites/Cards/Ambers/Sharpen_Card.uasset" 2167
"C:/Users/user/Documents/GitHub/Fledgling/Content/Fledgling/Art/Sprites/Cards/Ambers/Sharpen_Card.uexp" 2168
"C:/Users/user/Documents/GitHub/Fledgling/Content/Fledgling/Art/Sprites/Cards/Ambers/Sharpen_Card_Sprite.uasset" 2169
"C:/Users/user/Documents/GitHub/Fledgling/Content/Fledgling/Art/Sprites/Cards/Ambers/Sharpen_Card_Sprite.uexp" 2170
"C:/Users/user/Documents/GitHub/Fledgling/Content/Fledgling/Art/Sprites/Cards/Ambers/Wheel_Amber.uasset" 2171
"C:/Users/user/Documents/GitHub/Fledgling/Content/Fledgling/Art/Sprites/Cards/Ambers/Wheel_Amber.uexp" 2172
"C:/Users/user/Documents/GitHub/Fledgling/Content/Fledgling/Art/Sprites/Cards/Ambers/Wheel_Amber_Sprite.uasset" 2173
"C:/Users/user/Documents/GitHub/Fledgling/Content/Fledgling/Art/Sprites/Cards/Ambers/Wheel_Amber_Sprite.uexp" 2174
"C:/Users/user/Documents/GitHub/Fledgling/Content/Fledgling/Art/Sprites/Cards/Ambers/Pointy_Amber.uasset" 2175
"C:/Users/user/Documents/GitHub/Fledgling/Content/Fledgling/Art/Sprites/Cards/Ambers/Pointy_Amber.uexp" 2176
"C:/Users/user/Documents/GitHub/Fledgling/Content/Fledgling/Art/Sprites/Cards/Ambers/Pointy_Amber_Sprite.uasset" 2177
"C:/Users/user/Documents/GitHub/Fledgling/Content/Fledgling/Art/Sprites/Cards/Ambers/Pointy_Amber_Sprite.uexp" 2178
"C:/Users/user/Documents/GitHub/Fledgling/Content/Fledgling/Art/Sprites/Cards/Ambers/Shiny_Amber__1_.uasset" 2179
"C:/Users/user/Documents/GitHub/Fledgling/Content/Fledgling/Art/Sprites/Cards/Ambers/Shiny_Amber__1_.uexp" 2180
"C:/Users/user/Documents/GitHub/Fledgling/Content/Fledgling/Art/Sprites/Cards/Ambers/Shiny_Amber__1__Sprite.uasset" 2181
"C:/Users/user/Documents/GitHub/Fledgling/Content/Fledgling/Art/Sprites/Cards/Ambers/Shiny_Amber__1__Sprite.uexp" 2182
"C:/Users/user/Documents/GitHub/Fledgling/Content/Fledgling/Art/Sprites/Cards/Ambers/Drop_Amber.uasset" 2183
"C:/Users/user/Documents/GitHub/Fledgling/Content/Fledgling/Art/Sprites/Cards/Ambers/Drop_Amber.uexp" 2184
"C:/Users/user/Documents/GitHub/Fledgling/Content/Fledgling/Art/Sprites/Cards/Ambers/Drop_Amber_Sprite.uasset" 2185
"C:/Users/user/Documents/GitHub/Fledgling/Content/Fledgling/Art/Sprites/Cards/Ambers/Drop_Amber_Sprite.uexp" 2186
"C:/Users/user/Documents/GitHub/Fledgling/Content/Fledgling/Inventory/DT_AmberCards.uasset" 2187
"C:/Users/user/Documents/GitHub/Fledgling/Content/Fledgling/Inventory/DT_AmberCards.uexp" 2188
"C:/Users/user/Documents/GitHub/Fledgling/Content/Fledgling/Art/UI/Inventory/Amberbox_2.uasset" 2189
"C:/Users/user/Documents/GitHub/Fledgling/Content/Fledgling/Art/UI/Inventory/Amberbox_2.uexp" 2190
"C:/Users/user/Documents/GitHub/Fledgling/Content/Fledgling/UI/Widgets/Inventory/WBP_AmberCardSelect.uasset" 2191
"C:/Users/user/Documents/GitHub/Fledgling/Content/Fledgling/UI/Widgets/Inventory/WBP_AmberCardSelect.uexp" 2192
"C:/Users/user/Documents/GitHub/Fledgling/Content/Fledgling/Inventory/Data_Types/E_InvState.uasset" 2193
"C:/Users/user/Documents/GitHub/Fledgling/Content/Fledgling/Inventory/Data_Types/E_InvState.uexp" 2194
"C:/Users/user/Documents/GitHub/Fledgling/Content/Fledgling/Art/UI/Inventory/Amberbox.uasset" 2195
"C:/Users/user/Documents/GitHub/Fledgling/Content/Fledgling/Art/UI/Inventory/Amberbox.uexp" 2196
"C:/Users/user/Documents/GitHub/Fledgling/Content/Fledgling/UI/Widgets/Inventory/WBP_InvSlot_Base.uasset" 2197
"C:/Users/user/Documents/GitHub/Fledgling/Content/Fledgling/UI/Widgets/Inventory/WBP_InvSlot_Base.uexp" 2198
"C:/Users/user/Documents/GitHub/Fledgling/Content/Fledgling/UI/Widgets/Inventory/WBP_Equipped_Ambers.uasset" 2199
"C:/Users/user/Documents/GitHub/Fledgling/Content/Fledgling/UI/Widgets/Inventory/WBP_Equipped_Ambers.uexp" 2200
"C:/Users/user/Documents/GitHub/Fledgling/Content/Fledgling/Art/UI/Inventory/Tab_1.uasset" 2201
"C:/Users/user/Documents/GitHub/Fledgling/Content/Fledgling/Art/UI/Inventory/Tab_1.uexp" 2202
"C:/Users/user/Documents/GitHub/Fledgling/Content/Fledgling/Art/UI/Inventory/Tab_3.uasset" 2203
"C:/Users/user/Documents/GitHub/Fledgling/Content/Fledgling/Art/UI/Inventory/Tab_3.uexp" 2204
"C:/Users/user/Documents/GitHub/Fledgling/Content/Fledgling/Art/UI/Inventory/Companionbox.uasset" 2205
"C:/Users/user/Documents/GitHub/Fledgling/Content/Fledgling/Art/UI/Inventory/Companionbox.uexp" 2206
"C:/Users/user/Documents/GitHub/Fledgling/Content/Fledgling/UI/Widgets/Inventory/WBP_Unlocks.uasset" 2207
"C:/Users/user/Documents/GitHub/Fledgling/Content/Fledgling/UI/Widgets/Inventory/WBP_Unlocks.uexp" 2208
"C:/Users/user/Documents/GitHub/Fledgling/Content/Fledgling/UI/Widgets/Inventory/WBP_Equipped_Companions.uasset" 2209
"C:/Users/user/Documents/GitHub/Fledgling/Content/Fledgling/UI/Widgets/Inventory/WBP_Equipped_Companions.uexp" 2210
"C:/Users/user/Documents/GitHub/Fledgling/Content/Fledgling/UI/Widgets/Inventory/WBP_Equipped_All.uasset" 2211
"C:/Users/user/Documents/GitHub/Fledgling/Content/Fledgling/UI/Widgets/Inventory/WBP_Equipped_All.uexp" 2212
"C:/Users/user/Documents/GitHub/Fledgling/Content/Fledgling/Art/UI/Inventory/Mouse_SkilltreeTemp.uasset" 2213
"C:/Users/user/Documents/GitHub/Fledgling/Content/Fledgling/Art/UI/Inventory/Mouse_SkilltreeTemp.uexp" 2214
"C:/Users/user/Documents/GitHub/Fledgling/Content/Fledgling/Art/UI/Inventory/DoveSkilltree_Temp.uasset" 2215
"C:/Users/user/Documents/GitHub/Fledgling/Content/Fledgling/Art/UI/Inventory/DoveSkilltree_Temp.uexp" 2216
"C:/Users/user/Documents/GitHub/Fledgling/Content/Fledgling/UI/Widgets/Inventory/WBP_CompanionSkillTree.uasset" 2217
"C:/Users/user/Documents/GitHub/Fledgling/Content/Fledgling/UI/Widgets/Inventory/WBP_CompanionSkillTree.uexp" 2218
"C:/Users/user/Documents/GitHub/Fledgling/Content/Fledgling/UI/Widgets/Inventory/WBP_Inventory.uasset" 2219
"C:/Users/user/Documents/GitHub/Fledgling/Content/Fledgling/UI/Widgets/Inventory/WBP_Inventory.uexp" 2220
"C:/Users/user/Documents/GitHub/Fledgling/Content/Fledgling/Inventory/Blueprints/BP_InventoryComponent.uasset" 2221
"C:/Users/user/Documents/GitHub/Fledgling/Content/Fledgling/Inventory/Blueprints/BP_InventoryComponent.uexp" 2222
"C:/Users/user/Documents/GitHub/Fledgling/Content/Fledgling/DialogueAndNPCS/DataTypes/Parsing/S_GrammarLine.uasset" 2223
"C:/Users/user/Documents/GitHub/Fledgling/Content/Fledgling/DialogueAndNPCS/DataTypes/Parsing/S_GrammarLine.uexp" 2224
"C:/Users/user/Documents/GitHub/Fledgling/Content/Fledgling/DialogueAndNPCS/DataTypes/Parsing/ParseToProgramStep/E_TokenDoOnParse.uasset" 2225
"C:/Users/user/Documents/GitHub/Fledgling/Content/Fledgling/DialogueAndNPCS/DataTypes/Parsing/ParseToProgramStep/E_TokenDoOnParse.uexp" 2226
"C:/Users/user/Documents/GitHub/Fledgling/Content/Fledgling/DialogueAndNPCS/DataTypes/Parsing/ParseToProgramStep/S_TokenArray.uasset" 2227
"C:/Users/user/Documents/GitHub/Fledgling/Content/Fledgling/DialogueAndNPCS/DataTypes/Parsing/ParseToProgramStep/S_TokenArray.uexp" 2228
"C:/Users/user/Documents/GitHub/Fledgling/Content/Fledgling/DialogueAndNPCS/DataTypes/PDA_DialogueConversation.uasset" 2229
"C:/Users/user/Documents/GitHub/Fledgling/Content/Fledgling/DialogueAndNPCS/DataTypes/PDA_DialogueConversation.uexp" 2230
"C:/Users/user/Documents/GitHub/Fledgling/Content/Fledgling/DialogueAndNPCS/Data/Conversations/CrystalCaverns/Rats/DDA_CC_Rat1.uasset" 2231
"C:/Users/user/Documents/GitHub/Fledgling/Content/Fledgling/DialogueAndNPCS/Data/Conversations/CrystalCaverns/Rats/DDA_CC_Rat1.uexp" 2232
"C:/Users/user/Documents/GitHub/Fledgling/Content/Fledgling/DialogueAndNPCS/Data/Conversations/CrystalCaverns/Pickups/DDA_CC_PU_PointyAmber.uasset" 2233
"C:/Users/user/Documents/GitHub/Fledgling/Content/Fledgling/DialogueAndNPCS/Data/Conversations/CrystalCaverns/Pickups/DDA_CC_PU_PointyAmber.uexp" 2234
"C:/Users/user/Documents/GitHub/Fledgling/Content/Fledgling/DialogueAndNPCS/Data/Conversations/CrystalCaverns/NMs/DDA_CC_NM_SM1.uasset" 2235
"C:/Users/user/Documents/GitHub/Fledgling/Content/Fledgling/DialogueAndNPCS/Data/Conversations/CrystalCaverns/NMs/DDA_CC_NM_SM1.uexp" 2236
"C:/Users/user/Documents/GitHub/Fledgling/Content/Fledgling/DialogueAndNPCS/Data/Conversations/CrystalCaverns/NMs/DDA_CC_NM_LO2.uasset" 2237
"C:/Users/user/Documents/GitHub/Fledgling/Content/Fledgling/DialogueAndNPCS/Data/Conversations/CrystalCaverns/NMs/DDA_CC_NM_LO2.uexp" 2238
"C:/Users/user/Documents/GitHub/Fledgling/Content/Fledgling/DialogueAndNPCS/Data/Conversations/CrystalCaverns/NMs/DDA_CC_NM_LO1.uasset" 2239
"C:/Users/user/Documents/GitHub/Fledgling/Content/Fledgling/DialogueAndNPCS/Data/Conversations/CrystalCaverns/NMs/DDA_CC_NM_LO1.uexp" 2240
"C:/Users/user/Documents/GitHub/Fledgling/Content/Fledgling/DialogueAndNPCS/Data/Conversations/CrystalCaverns/NMs/DDA_CC_NM_Egg.uasset" 2241
"C:/Users/user/Documents/GitHub/Fledgling/Content/Fledgling/DialogueAndNPCS/Data/Conversations/CrystalCaverns/NMs/DDA_CC_NM_Egg.uexp" 2242
"C:/Users/user/Documents/GitHub/Fledgling/Content/Fledgling/DialogueAndNPCS/Data/Conversations/CrystalCaverns/Kaedus/DDA_CC_KD_Intro.uasset" 2243
"C:/Users/user/Documents/GitHub/Fledgling/Content/Fledgling/DialogueAndNPCS/Data/Conversations/CrystalCaverns/Kaedus/DDA_CC_KD_Intro.uexp" 2244
"C:/Users/user/Documents/GitHub/Fledgling/Content/Fledgling/DialogueAndNPCS/Data/Conversations/CrystalCaverns/Dove/DDA_CC_D_Intro.uasset" 2245
"C:/Users/user/Documents/GitHub/Fledgling/Content/Fledgling/DialogueAndNPCS/Data/Conversations/CrystalCaverns/Dove/DDA_CC_D_Intro.uexp" 2246
"C:/Users/user/Documents/GitHub/Fledgling/Content/Fledgling/DialogueAndNPCS/Data/Conversations/CrystalCaverns/Dove/DDA_CC_D_AmberTut.uasset" 2247
"C:/Users/user/Documents/GitHub/Fledgling/Content/Fledgling/DialogueAndNPCS/Data/Conversations/CrystalCaverns/Dove/DDA_CC_D_AmberTut.uexp" 2248
"C:/Users/user/Documents/GitHub/Fledgling/Content/Fledgling/DialogueAndNPCS/Data/Conversations/CrystalCaverns/CrowMother/DDA_CC_CM_Intro.uasset" 2249
"C:/Users/user/Documents/GitHub/Fledgling/Content/Fledgling/DialogueAndNPCS/Data/Conversations/CrystalCaverns/CrowMother/DDA_CC_CM_Intro.uexp" 2250
"C:/Users/user/Documents/GitHub/Fledgling/Content/Fledgling/Art/Sprites/Characters/Player/Old/fledgling_Idle.uasset" 2251
"C:/Users/user/Documents/GitHub/Fledgling/Content/Fledgling/Art/Sprites/Characters/Player/Old/fledgling_Idle.uexp" 2252
"C:/Users/user/Documents/GitHub/Fledgling/Content/Fledgling/Art/LevelDesign/Tilesets/Final/LookoutTiles.uasset" 2253
"C:/Users/user/Documents/GitHub/Fledgling/Content/Fledgling/Art/LevelDesign/Tilesets/Final/LookoutTiles.uexp" 2254
"C:/Users/user/Documents/GitHub/Fledgling/Content/Fledgling/Art/LevelDesign/Tilesets/Final/LookoutTiles_TileSet.uasset" 2255
"C:/Users/user/Documents/GitHub/Fledgling/Content/Fledgling/Art/LevelDesign/Tilesets/Final/LookoutTiles_TileSet.uexp" 2256
"C:/Users/user/Documents/GitHub/Fledgling/Content/Fledgling/Art/LevelDesign/Tilesets/Final/CCTilesetRevamp.uasset" 2257
"C:/Users/user/Documents/GitHub/Fledgling/Content/Fledgling/Art/LevelDesign/Tilesets/Final/CCTilesetRevamp.uexp" 2258
"C:/Users/user/Documents/GitHub/Fledgling/Content/Fledgling/Art/LevelDesign/Tilesets/Final/0_Tiles.uasset" 2259
"C:/Users/user/Documents/GitHub/Fledgling/Content/Fledgling/Art/LevelDesign/Tilesets/Final/0_Tiles.uexp" 2260
"C:/Users/user/Documents/GitHub/Fledgling/Content/Fledgling/Art/LevelDesign/Tilemaps/CrystalCaverns/TM_CC_01_Lookout.uasset" 2261
"C:/Users/user/Documents/GitHub/Fledgling/Content/Fledgling/Art/LevelDesign/Tilemaps/CrystalCaverns/TM_CC_01_Lookout.uexp" 2262
"C:/Users/user/Documents/GitHub/Fledgling/Content/Fledgling/Art/LevelDesign/Tilesets/Final/Caverns_Tiles_1_0.uasset" 2263
"C:/Users/user/Documents/GitHub/Fledgling/Content/Fledgling/Art/LevelDesign/Tilesets/Final/Caverns_Tiles_1_0.uexp" 2264
"C:/Users/user/Documents/GitHub/Fledgling/Content/Fledgling/Art/LevelDesign/Tilesets/Final/0_ExtraTiles.uasset" 2265
"C:/Users/user/Documents/GitHub/Fledgling/Content/Fledgling/Art/LevelDesign/Tilesets/Final/0_ExtraTiles.uexp" 2266
"C:/Users/user/Documents/GitHub/Fledgling/Content/Fledgling/Art/LevelDesign/Tilesets/Final/CavernsClutter_2.ubulk" 2267
"C:/Users/user/Documents/GitHub/Fledgling/Content/Fledgling/Art/LevelDesign/Tilesets/Final/CavernsClutter_2.uasset" 2268
"C:/Users/user/Documents/GitHub/Fledgling/Content/Fledgling/Art/LevelDesign/Tilesets/Final/CavernsClutter_2.uexp" 2269
"C:/Users/user/Documents/GitHub/Fledgling/Content/Fledgling/Art/LevelDesign/Tilesets/Final/1_CC_Clutter.uasset" 2270
"C:/Users/user/Documents/GitHub/Fledgling/Content/Fledgling/Art/LevelDesign/Tilesets/Final/1_CC_Clutter.uexp" 2271
"C:/Users/user/Documents/GitHub/Fledgling/Content/Fledgling/Art/LevelDesign/Tilesets/Greyboxing/CrystalCaverns/Greybox_Caverns.ubulk" 2272
"C:/Users/user/Documents/GitHub/Fledgling/Content/Fledgling/Art/LevelDesign/Tilesets/Greyboxing/CrystalCaverns/Greybox_Caverns.uasset" 2273
"C:/Users/user/Documents/GitHub/Fledgling/Content/Fledgling/Art/LevelDesign/Tilesets/Greyboxing/CrystalCaverns/Greybox_Caverns.uexp" 2274
"C:/Users/user/Documents/GitHub/Fledgling/Content/Fledgling/Art/LevelDesign/Tilesets/Greyboxing/CrystalCaverns/TS_CC_Greybox.uasset" 2275
"C:/Users/user/Documents/GitHub/Fledgling/Content/Fledgling/Art/LevelDesign/Tilesets/Greyboxing/CrystalCaverns/TS_CC_Greybox.uexp" 2276
"C:/Users/user/Documents/GitHub/Fledgling/Content/Fledgling/Art/LevelDesign/Tilemaps/CrystalCaverns/TM_CC_02.uasset" 2277
"C:/Users/user/Documents/GitHub/Fledgling/Content/Fledgling/Art/LevelDesign/Tilemaps/CrystalCaverns/TM_CC_02.uexp" 2278
"C:/Users/user/Documents/GitHub/Fledgling/Content/Fledgling/Art/UI/FeatherCurson.uasset" 2279
"C:/Users/user/Documents/GitHub/Fledgling/Content/Fledgling/Art/UI/FeatherCurson.uexp" 2280
"C:/Users/user/Documents/GitHub/Fledgling/Content/Fledgling/Art/UI/WBP_CustomCursor.uasset" 2281
"C:/Users/user/Documents/GitHub/Fledgling/Content/Fledgling/Art/UI/WBP_CustomCursor.uexp" 2282
"../../../Engine/Content/EngineResources/LandscapeVisibilityLayerInfo.uasset" 2283
"../../../Engine/Content/EngineResources/LandscapeVisibilityLayerInfo.uexp" 2284
"../../../Engine/Content/VREditor/TransformGizmo/StartRotationHandleIndicator.ubulk" 2285
"../../../Engine/Content/VREditor/TransformGizmo/StartRotationHandleIndicator.uasset" 2286
"../../../Engine/Content/VREditor/TransformGizmo/StartRotationHandleIndicator.uexp" 2287
"../../../Engine/Content/VREditor/Sounds/UI/Drop_Item_From_ContentBrowser.ubulk" 2288
"../../../Engine/Content/VREditor/Sounds/UI/Drop_Item_From_ContentBrowser.uasset" 2289
"../../../Engine/Content/VREditor/Sounds/UI/Drop_Item_From_ContentBrowser.uexp" 2290
"../../../Engine/Content/VREditor/TransformGizmo/PlaneTranslationHandle.ubulk" 2291
"../../../Engine/Content/VREditor/TransformGizmo/PlaneTranslationHandle.uasset" 2292
"../../../Engine/Content/VREditor/TransformGizmo/PlaneTranslationHandle.uexp" 2293
"../../../Engine/Content/VREditor/Sounds/UI/Object_Snaps_To_Grid.ubulk" 2294
"../../../Engine/Content/VREditor/Sounds/UI/Object_Snaps_To_Grid.uasset" 2295
"../../../Engine/Content/VREditor/Sounds/UI/Object_Snaps_To_Grid.uexp" 2296
"../../../Engine/Content/VREditor/Sounds/UI/Selection_Changes.ubulk" 2297
"../../../Engine/Content/VREditor/Sounds/UI/Selection_Changes.uasset" 2298
"../../../Engine/Content/VREditor/Sounds/UI/Selection_Changes.uexp" 2299
"../../../Engine/Content/VREditor/Sounds/UI/Object_Snaps_To_Another_Actor.ubulk" 2300
"../../../Engine/Content/VREditor/Sounds/UI/Object_Snaps_To_Another_Actor.uasset" 2301
"../../../Engine/Content/VREditor/Sounds/UI/Object_Snaps_To_Another_Actor.uexp" 2302
"../../../Engine/Content/VREditor/TransformGizmo/TranslucentTransformGizmoMaterial_Inst.uasset" 2303
"../../../Engine/Content/VREditor/TransformGizmo/TranslucentTransformGizmoMaterial_Inst.uexp" 2304
"../../../Engine/Content/VREditor/TransformGizmo/TransformGizmoFreeRotation.ubulk" 2305
"../../../Engine/Content/VREditor/TransformGizmo/TransformGizmoFreeRotation.uasset" 2306
"../../../Engine/Content/VREditor/TransformGizmo/TransformGizmoFreeRotation.uexp" 2307
"../../../Engine/Content/VREditor/Sounds/UI/Scaling_Down.ubulk" 2308
"../../../Engine/Content/VREditor/Sounds/UI/Scaling_Down.uasset" 2309
"../../../Engine/Content/VREditor/Sounds/UI/Scaling_Down.uexp" 2310
"../../../Engine/Content/Functions/Engine_MaterialFunctions02/SplitComponents.uasset" 2311
"../../../Engine/Content/Functions/Engine_MaterialFunctions02/SplitComponents.uexp" 2312
"../../../Engine/Content/VREditor/SnapGrid/SnapGridMaterial.uasset" 2313
"../../../Engine/Content/VREditor/SnapGrid/SnapGridMaterial.uexp" 2314
"../../../Engine/Content/VREditor/SnapGrid/SnapGridPlaneMesh.ubulk" 2315
"../../../Engine/Content/VREditor/SnapGrid/SnapGridPlaneMesh.uasset" 2316
"../../../Engine/Content/VREditor/SnapGrid/SnapGridPlaneMesh.uexp" 2317
"../../../Engine/Content/VREditor/Sounds/UI/Scaling_Up.ubulk" 2318
"../../../Engine/Content/VREditor/Sounds/UI/Scaling_Up.uasset" 2319
"../../../Engine/Content/VREditor/Sounds/UI/Scaling_Up.uexp" 2320
"../../../Engine/Content/VREditor/TransformGizmo/TransformGizmoMaterial_Inst.uasset" 2321
"../../../Engine/Content/VREditor/TransformGizmo/TransformGizmoMaterial_Inst.uexp" 2322
"../../../Engine/Content/VREditor/Sounds/UI/Gizmo_Handle_Clicked.ubulk" 2323
"../../../Engine/Content/VREditor/Sounds/UI/Gizmo_Handle_Clicked.uasset" 2324
"../../../Engine/Content/VREditor/Sounds/UI/Gizmo_Handle_Clicked.uexp" 2325
"../../../Engine/Content/VREditor/TransformGizmo/RotationHandleQuarter.ubulk" 2326
"../../../Engine/Content/VREditor/TransformGizmo/RotationHandleQuarter.uasset" 2327
"../../../Engine/Content/VREditor/TransformGizmo/RotationHandleQuarter.uexp" 2328
"../../../Engine/Content/VREditor/TransformGizmo/TranslateArrowHandle.ubulk" 2329
"../../../Engine/Content/VREditor/TransformGizmo/TranslateArrowHandle.uasset" 2330
"../../../Engine/Content/VREditor/TransformGizmo/TranslateArrowHandle.uexp" 2331
"../../../Engine/Content/VREditor/TransformGizmo/RotationHandleIndicator.ubulk" 2332
"../../../Engine/Content/VREditor/TransformGizmo/RotationHandleIndicator.uasset" 2333
"../../../Engine/Content/VREditor/TransformGizmo/RotationHandleIndicator.uexp" 2334
"../../../Engine/Content/VREditor/TransformGizmo/UniformScaleHandle.ubulk" 2335
"../../../Engine/Content/VREditor/TransformGizmo/UniformScaleHandle.uasset" 2336
"../../../Engine/Content/VREditor/TransformGizmo/UniformScaleHandle.uexp" 2337
"../../../Engine/Content/VREditor/TransformGizmo/RotationHandleFull.ubulk" 2338
"../../../Engine/Content/VREditor/TransformGizmo/RotationHandleFull.uasset" 2339
"../../../Engine/Content/VREditor/TransformGizmo/RotationHandleFull.uexp" 2340
"../../../Engine/Plugins/Animation/DeformerGraph/Content/DeformerFunctions/DG_Function_ComputeNormalsTangents.uasset" 2341
"../../../Engine/Plugins/Animation/DeformerGraph/Content/DeformerFunctions/DG_Function_ComputeNormalsTangents.uexp" 2342
"../../../Engine/Plugins/Animation/DeformerGraph/Content/DeformerFunctions/DG_Function_LinearBlendSkin_Morph_Cloth.uasset" 2343
"../../../Engine/Plugins/Animation/DeformerGraph/Content/DeformerFunctions/DG_Function_LinearBlendSkin_Morph_Cloth.uexp" 2344
"../../../Engine/Plugins/Animation/DeformerGraph/Content/DeformerFunctions/DG_Function_LinearBlendSkin_Morph_Cloth_PositionOnly.uasset" 2345
"../../../Engine/Plugins/Animation/DeformerGraph/Content/DeformerFunctions/DG_Function_LinearBlendSkin_Morph_Cloth_PositionOnly.uexp" 2346
"../../../Engine/Plugins/Animation/DeformerGraph/Content/Deformers/DG_LinearBlendSkin_Morph_Cloth.uasset" 2347
"../../../Engine/Plugins/Animation/DeformerGraph/Content/Deformers/DG_LinearBlendSkin_Morph_Cloth.uexp" 2348
"../../../Engine/Plugins/Animation/DeformerGraph/Content/Deformers/DG_LinearBlendSkin_Morph_Cloth_RecomputeNormals.uasset" 2349
"../../../Engine/Plugins/Animation/DeformerGraph/Content/Deformers/DG_LinearBlendSkin_Morph_Cloth_RecomputeNormals.uexp" 2350
"../../../Engine/Plugins/NNE/NNEDenoiser/Content/NNEDT_Oidn2-3_Balanced.uasset" 2351
"../../../Engine/Plugins/NNE/NNEDenoiser/Content/NNEDT_Oidn2-3_Balanced.uexp" 2352
"../../../Engine/Plugins/NNE/NNEDenoiser/Content/NNEDT_Oidn2-3_Balanced_Alpha.uasset" 2353
"../../../Engine/Plugins/NNE/NNEDenoiser/Content/NNEDT_Oidn2-3_Balanced_Alpha.uexp" 2354
"../../../Engine/Plugins/NNE/NNEDenoiser/Content/NNED_Oidn2-3_Balanced.uasset" 2355
"../../../Engine/Plugins/NNE/NNEDenoiser/Content/NNED_Oidn2-3_Balanced.uexp" 2356
"../../../Engine/Plugins/NNE/NNEDenoiser/Content/NNED_Oidn2-3_Balanced_Alpha.uasset" 2357
"../../../Engine/Plugins/NNE/NNEDenoiser/Content/NNED_Oidn2-3_Balanced_Alpha.uexp" 2358
"../../../Engine/Plugins/NNE/NNEDenoiser/Content/NNED_Oidn2-3_Fast.uasset" 2359
"../../../Engine/Plugins/NNE/NNEDenoiser/Content/NNED_Oidn2-3_Fast.uexp" 2360
"../../../Engine/Plugins/NNE/NNEDenoiser/Content/NNED_Oidn2-3_Fast_Alpha.uasset" 2361
"../../../Engine/Plugins/NNE/NNEDenoiser/Content/NNED_Oidn2-3_Fast_Alpha.uexp" 2362
"../../../Engine/Plugins/NNE/NNEDenoiser/Content/NNED_Oidn2-3_HighQuality.uasset" 2363
"../../../Engine/Plugins/NNE/NNEDenoiser/Content/NNED_Oidn2-3_HighQuality.uexp" 2364
"../../../Engine/Plugins/NNE/NNEDenoiser/Content/NNED_Oidn2-3_HighQuality_Alpha.uasset" 2365
"../../../Engine/Plugins/NNE/NNEDenoiser/Content/NNED_Oidn2-3_HighQuality_Alpha.uexp" 2366
"../../../Engine/Plugins/NNE/NNEDenoiser/Content/NNE_oidn2-3-0_rt_hdr_alb_nrm_small__dyn__fp16_opset11_DenoiseAlpha.uasset" 2367
"../../../Engine/Plugins/NNE/NNEDenoiser/Content/NNE_oidn2-3-0_rt_hdr_alb_nrm_small__dyn__fp16_opset11_DenoiseAlpha.uexp" 2368
"../../../Engine/Plugins/NNE/NNEDenoiser/Content/NNE_oidn2-3-0_rt_hdr_alb_nrm_small__dyn__fp16_opset11_ForwardAlpha.uasset" 2369
"../../../Engine/Plugins/NNE/NNEDenoiser/Content/NNE_oidn2-3-0_rt_hdr_alb_nrm_small__dyn__fp16_opset11_ForwardAlpha.uexp" 2370
"../../../Engine/Plugins/NNE/NNEDenoiser/Content/NNE_oidn2-3-0_rt_hdr_alb_nrm__dyn__fp16_opset11_DenoiseAlpha.uasset" 2371
"../../../Engine/Plugins/NNE/NNEDenoiser/Content/NNE_oidn2-3-0_rt_hdr_alb_nrm__dyn__fp16_opset11_DenoiseAlpha.uexp" 2372
"../../../Engine/Plugins/NNE/NNEDenoiser/Content/NNE_oidn2-3-0_rt_hdr_alb_nrm__dyn__fp16_opset11_ForwardAlpha.uasset" 2373
"../../../Engine/Plugins/NNE/NNEDenoiser/Content/NNE_oidn2-3-0_rt_hdr_alb_nrm__dyn__fp16_opset11_ForwardAlpha.uexp" 2374
"../../../Engine/Plugins/NNE/NNEDenoiser/Content/NNE_oidn2-3-0_rt_hdr_calb_cnrm_large__dyn__fp16_opset11_DenoiseAlpha.uasset" 2375
"../../../Engine/Plugins/NNE/NNEDenoiser/Content/NNE_oidn2-3-0_rt_hdr_calb_cnrm_large__dyn__fp16_opset11_DenoiseAlpha.uexp" 2376
"../../../Engine/Plugins/NNE/NNEDenoiser/Content/NNE_oidn2-3-0_rt_hdr_calb_cnrm_large__dyn__fp16_opset11_ForwardAlpha.uasset" 2377
"../../../Engine/Plugins/NNE/NNEDenoiser/Content/NNE_oidn2-3-0_rt_hdr_calb_cnrm_large__dyn__fp16_opset11_ForwardAlpha.uexp" 2378
"C:/Users/user/Documents/GitHub/Fledgling/Content/Fledgling/UI/Widgets/WBP_MainMenuDialogue.uasset" 2379
"C:/Users/user/Documents/GitHub/Fledgling/Content/Fledgling/UI/Widgets/WBP_MainMenuDialogue.uexp" 2380
"C:/Users/user/Documents/GitHub/Fledgling/Content/Fledgling/Art/LevelDesign/Tilesets/Final/RandomClutter/egg.uasset" 2381
"C:/Users/user/Documents/GitHub/Fledgling/Content/Fledgling/Art/LevelDesign/Tilesets/Final/RandomClutter/egg.uexp" 2382
"C:/Users/user/Documents/GitHub/Fledgling/Content/Fledgling/Art/LevelDesign/Tilesets/Final/RandomClutter/egg_TileSet.uasset" 2383
"C:/Users/user/Documents/GitHub/Fledgling/Content/Fledgling/Art/LevelDesign/Tilesets/Final/RandomClutter/egg_TileSet.uexp" 2384
"C:/Users/user/Documents/GitHub/Fledgling/Content/Fledgling/Art/LevelDesign/Tilemaps/CrystalCaverns/TM_CC_01.uasset" 2385
"C:/Users/user/Documents/GitHub/Fledgling/Content/Fledgling/Art/LevelDesign/Tilemaps/CrystalCaverns/TM_CC_01.uexp" 2386
"C:/Users/user/Documents/GitHub/Fledgling/Content/Fledgling/Art/Sprites/Characters/Player/Old/FledglingIdle-Sheet_n.uasset" 2387
"C:/Users/user/Documents/GitHub/Fledgling/Content/Fledgling/Art/Sprites/Characters/Player/Old/FledglingIdle-Sheet_n.uexp" 2388
"C:/Users/user/Documents/GitHub/Fledgling/Content/Fledgling/Art/Sprites/Characters/Player/Old/Fledg_Idle.uasset" 2389
"C:/Users/user/Documents/GitHub/Fledgling/Content/Fledgling/Art/Sprites/Characters/Player/Old/Fledg_Idle.uexp" 2390
"C:/Users/user/Documents/GitHub/Fledgling/Content/Fledgling/Art/Sprites/Characters/Player/Old/Fledg_Idle_Sprite_0.uasset" 2391
"C:/Users/user/Documents/GitHub/Fledgling/Content/Fledgling/Art/Sprites/Characters/Player/Old/Fledg_Idle_Sprite_0.uexp" 2392
"C:/Users/user/Documents/GitHub/Fledgling/Content/Fledgling/Art/Sprites/Characters/Player/Old/Fledg_Idle_Sprite_1.uasset" 2393
"C:/Users/user/Documents/GitHub/Fledgling/Content/Fledgling/Art/Sprites/Characters/Player/Old/Fledg_Idle_Sprite_1.uexp" 2394
"C:/Users/user/Documents/GitHub/Fledgling/Content/Fledgling/Art/Sprites/Characters/Player/Old/Fledg_Idle_Sprite_2.uasset" 2395
"C:/Users/user/Documents/GitHub/Fledgling/Content/Fledgling/Art/Sprites/Characters/Player/Old/Fledg_Idle_Sprite_2.uexp" 2396
"C:/Users/user/Documents/GitHub/Fledgling/Content/Fledgling/Art/Sprites/Characters/Player/Old/Fledg_Idle_Sprite_3.uasset" 2397
"C:/Users/user/Documents/GitHub/Fledgling/Content/Fledgling/Art/Sprites/Characters/Player/Old/Fledg_Idle_Sprite_3.uexp" 2398
"C:/Users/user/Documents/GitHub/Fledgling/Content/Fledgling/Art/Sprites/Characters/Player/Old/FB_Fledg_Idle.uasset" 2399
"C:/Users/user/Documents/GitHub/Fledgling/Content/Fledgling/Art/Sprites/Characters/Player/Old/FB_Fledg_Idle.uexp" 2400
"C:/Users/user/Documents/GitHub/Fledgling/Content/Fledgling/Levels/L_MainMenu.uexp" 2401
"C:/Users/user/Documents/GitHub/Fledgling/Content/Fledgling/Levels/L_MainMenu.umap" 2402
"C:/Users/user/Documents/GitHub/Fledgling/Content/Fledgling/NewCombat/BP_CardDropzone.uasset" 2403
"C:/Users/user/Documents/GitHub/Fledgling/Content/Fledgling/NewCombat/BP_CardDropzone.uexp" 2404
"C:/Users/user/Documents/GitHub/Fledgling/Content/Fledgling/Audio/Music/Non-Mastered/CC/Fledgling_-_Caverns_Combat__WIP_2_.ubulk" 2405
"C:/Users/user/Documents/GitHub/Fledgling/Content/Fledgling/Audio/Music/Non-Mastered/CC/Fledgling_-_Caverns_Combat__WIP_2_.uasset" 2406
"C:/Users/user/Documents/GitHub/Fledgling/Content/Fledgling/Audio/Music/Non-Mastered/CC/Fledgling_-_Caverns_Combat__WIP_2_.uexp" 2407
"../../../Engine/Content/BasicShapes/Plane.ubulk" 2408
"../../../Engine/Content/BasicShapes/Plane.uasset" 2409
"../../../Engine/Content/BasicShapes/Plane.uexp" 2410
"C:/Users/user/Documents/GitHub/Fledgling/Content/Fledgling/Art/UI/Combat/CombatBG/M_CC_CombatBG.uasset" 2411
"C:/Users/user/Documents/GitHub/Fledgling/Content/Fledgling/Art/UI/Combat/CombatBG/M_CC_CombatBG.uexp" 2412
"C:/Users/user/Documents/GitHub/Fledgling/Content/Fledgling/Art/UI/Combat/CombatBG/SMCombatBackground_Mat.uasset" 2413
"C:/Users/user/Documents/GitHub/Fledgling/Content/Fledgling/Art/UI/Combat/CombatBG/SMCombatBackground_Mat.uexp" 2414
"C:/Users/user/Documents/GitHub/Fledgling/Content/Fledgling/Art/LevelDesign/Backgrounds/CombatBackground_n.uasset" 2415
"C:/Users/user/Documents/GitHub/Fledgling/Content/Fledgling/Art/LevelDesign/Backgrounds/CombatBackground_n.uexp" 2416
"C:/Users/user/Documents/GitHub/Fledgling/Content/Fledgling/Art/LevelDesign/Backgrounds/CombatBackground.uasset" 2417
"C:/Users/user/Documents/GitHub/Fledgling/Content/Fledgling/Art/LevelDesign/Backgrounds/CombatBackground.uexp" 2418
"C:/Users/user/Documents/GitHub/Fledgling/Content/Fledgling/Art/LevelDesign/Backgrounds/M_CombatBackground.uasset" 2419
"C:/Users/user/Documents/GitHub/Fledgling/Content/Fledgling/Art/LevelDesign/Backgrounds/M_CombatBackground.uexp" 2420
"C:/Users/user/Documents/GitHub/Fledgling/Content/Fledgling/Art/UI/Combat/HUD/CardHandBackground.uasset" 2421
"C:/Users/user/Documents/GitHub/Fledgling/Content/Fledgling/Art/UI/Combat/HUD/CardHandBackground.uexp" 2422
"C:/Users/user/Documents/GitHub/Fledgling/Content/Fledgling/Art/UI/Combat/HUD/CardHandBackground_Mat.uasset" 2423
"C:/Users/user/Documents/GitHub/Fledgling/Content/Fledgling/Art/UI/Combat/HUD/CardHandBackground_Mat.uexp" 2424
"C:/Users/user/Documents/GitHub/Fledgling/Content/Fledgling/Art/LevelDesign/Backgrounds/M_WD_CombatBG_02.uasset" 2425
"C:/Users/user/Documents/GitHub/Fledgling/Content/Fledgling/Art/LevelDesign/Backgrounds/M_WD_CombatBG_02.uexp" 2426
"C:/Users/user/Documents/GitHub/Fledgling/Content/Fledgling/NewCombat/BP_CombatBG.uasset" 2427
"C:/Users/user/Documents/GitHub/Fledgling/Content/Fledgling/NewCombat/BP_CombatBG.uexp" 2428
"C:/Users/user/Documents/GitHub/Fledgling/Content/Fledgling/Levels/L_Combat.uexp" 2429
"C:/Users/user/Documents/GitHub/Fledgling/Content/Fledgling/Levels/L_Combat.umap" 2430
"C:/Users/user/Documents/GitHub/Fledgling/Content/Fledgling/Levels/Blueprints/BP_LevelStreamingManager.uasset" 2431
"C:/Users/user/Documents/GitHub/Fledgling/Content/Fledgling/Levels/Blueprints/BP_LevelStreamingManager.uexp" 2432
"C:/Users/user/Documents/GitHub/Fledgling/Content/Fledgling/Art/Shader/MM_ShaderTest.uasset" 2433
"C:/Users/user/Documents/GitHub/Fledgling/Content/Fledgling/Art/Shader/MM_ShaderTest.uexp" 2434
"C:/Users/user/Documents/GitHub/Fledgling/Content/Fledgling/Art/Shader/MI_ShaderTest.uasset" 2435
"C:/Users/user/Documents/GitHub/Fledgling/Content/Fledgling/Art/Shader/MI_ShaderTest.uexp" 2436
"C:/Users/user/Documents/GitHub/Fledgling/Content/Fledgling/UI/Widgets/WBP_Fade.uasset" 2437
"C:/Users/user/Documents/GitHub/Fledgling/Content/Fledgling/UI/Widgets/WBP_Fade.uexp" 2438
"C:/Users/user/Documents/GitHub/Fledgling/Content/Fledgling/Levels/Greyboxing/CrystalCaverns_Old/CC_Persistent.uexp" 2439
"C:/Users/user/Documents/GitHub/Fledgling/Content/Fledgling/Levels/Greyboxing/CrystalCaverns_Old/CC_Persistent.umap" 2440
"C:/Users/user/Documents/GitHub/Fledgling/Content/Fledgling/DialogueOLD/DataTables/CrystalCaverns_New/DT_NM_Caverns.uasset" 2441
"C:/Users/user/Documents/GitHub/Fledgling/Content/Fledgling/DialogueOLD/DataTables/CrystalCaverns_New/DT_NM_Caverns.uexp" 2442
"C:/Users/user/Documents/GitHub/Fledgling/Content/Fledgling/Characters/NPCs/CrystalCavernNPCs/NarrativeMoments/NPC_NarrativeMoment.uasset" 2443
"C:/Users/user/Documents/GitHub/Fledgling/Content/Fledgling/Characters/NPCs/CrystalCavernNPCs/NarrativeMoments/NPC_NarrativeMoment.uexp" 2444
"C:/Users/user/Documents/GitHub/Fledgling/Content/Fledgling/Art/LevelDesign/Tilesets/Greyboxing/CrystalCaverns/TileMaps/TM_CC_LW.uasset" 2445
"C:/Users/user/Documents/GitHub/Fledgling/Content/Fledgling/Art/LevelDesign/Tilesets/Greyboxing/CrystalCaverns/TileMaps/TM_CC_LW.uexp" 2446
"C:/Users/user/Documents/GitHub/Fledgling/Content/Fledgling/DialogueOLD/DataTables/CrystalCaverns_New/LoneWolfRelated/DT_LW_PostCombat.uasset" 2447
"C:/Users/user/Documents/GitHub/Fledgling/Content/Fledgling/DialogueOLD/DataTables/CrystalCaverns_New/LoneWolfRelated/DT_LW_PostCombat.uexp" 2448
"C:/Users/user/Documents/GitHub/Fledgling/Content/Fledgling/DialogueOLD/DataTables/CrystalCaverns_New/LoneWolfRelated/DT_LW_NoCompanions.uasset" 2449
"C:/Users/user/Documents/GitHub/Fledgling/Content/Fledgling/DialogueOLD/DataTables/CrystalCaverns_New/LoneWolfRelated/DT_LW_NoCompanions.uexp" 2450
"C:/Users/user/Documents/GitHub/Fledgling/Content/Fledgling/DialogueOLD/DataTables/CrystalCaverns_New/LoneWolfRelated/DT_LW_WithCompanions.uasset" 2451
"C:/Users/user/Documents/GitHub/Fledgling/Content/Fledgling/DialogueOLD/DataTables/CrystalCaverns_New/LoneWolfRelated/DT_LW_WithCompanions.uexp" 2452
"C:/Users/user/Documents/GitHub/Fledgling/Content/Fledgling/Art/Shadow2.uasset" 2453
"C:/Users/user/Documents/GitHub/Fledgling/Content/Fledgling/Art/Shadow2.uexp" 2454
"C:/Users/user/Documents/GitHub/Fledgling/Content/Fledgling/Art/Shadow2_Sprite1.uasset" 2455
"C:/Users/user/Documents/GitHub/Fledgling/Content/Fledgling/Art/Shadow2_Sprite1.uexp" 2456
"C:/Users/user/Documents/GitHub/Fledgling/Content/Fledgling/Characters/NPCs/CrystalCavernNPCs/Enemies/NPC_LoneWolf.uasset" 2457
"C:/Users/user/Documents/GitHub/Fledgling/Content/Fledgling/Characters/NPCs/CrystalCavernNPCs/Enemies/NPC_LoneWolf.uexp" 2458
"C:/Users/user/Documents/GitHub/Fledgling/Content/Fledgling/Levels/Blueprints/BP_LevelStreamingTrigger.uasset" 2459
"C:/Users/user/Documents/GitHub/Fledgling/Content/Fledgling/Levels/Blueprints/BP_LevelStreamingTrigger.uexp" 2460
"../../../Engine/Content/BasicShapes/BasicShapeMaterial.uasset" 2461
"../../../Engine/Content/BasicShapes/BasicShapeMaterial.uexp" 2462
"C:/Users/user/Documents/GitHub/Fledgling/Content/Fledgling/Levels/Greyboxing/CrystalCaverns_Old/CC_LW.uexp" 2463
"C:/Users/user/Documents/GitHub/Fledgling/Content/Fledgling/Levels/Greyboxing/CrystalCaverns_Old/CC_LW.umap" 2464
"C:/Users/user/Documents/GitHub/Fledgling/Content/Fledgling/DialogueOLD/DataTables/CrystalCaverns_New/BeaGratt/Post-BeaGrattFight/DT_MrDent_Intro.uasset" 2465
"C:/Users/user/Documents/GitHub/Fledgling/Content/Fledgling/DialogueOLD/DataTables/CrystalCaverns_New/BeaGratt/Post-BeaGrattFight/DT_MrDent_Intro.uexp" 2466
"C:/Users/user/Documents/GitHub/Fledgling/Content/Fledgling/Characters/NPCs/CrystalCavernNPCs/NPC_RoDent.uasset" 2467
"C:/Users/user/Documents/GitHub/Fledgling/Content/Fledgling/Characters/NPCs/CrystalCavernNPCs/NPC_RoDent.uexp" 2468
"C:/Users/user/Documents/GitHub/Fledgling/Content/Fledgling/DialogueOLD/DataTables/CrystalCaverns_New/BeaGratt/DT_BeaGratt_Fight.uasset" 2469
"C:/Users/user/Documents/GitHub/Fledgling/Content/Fledgling/DialogueOLD/DataTables/CrystalCaverns_New/BeaGratt/DT_BeaGratt_Fight.uexp" 2470
"C:/Users/user/Documents/GitHub/Fledgling/Content/Fledgling/DialogueOLD/DataTables/CrystalCaverns_New/BeaGratt/Post-BeaGrattFight/DT_BeaGrattWeapons.uasset" 2471
"C:/Users/user/Documents/GitHub/Fledgling/Content/Fledgling/DialogueOLD/DataTables/CrystalCaverns_New/BeaGratt/Post-BeaGrattFight/DT_BeaGrattWeapons.uexp" 2472
"C:/Users/user/Documents/GitHub/Fledgling/Content/Fledgling/Characters/NPCs/CrystalCavernNPCs/Pickups/Weapons/WPN_BeaGrattWeapons.uasset" 2473
"C:/Users/user/Documents/GitHub/Fledgling/Content/Fledgling/Characters/NPCs/CrystalCavernNPCs/Pickups/Weapons/WPN_BeaGrattWeapons.uexp" 2474
"C:/Users/user/Documents/GitHub/Fledgling/Content/Fledgling/Characters/NPCs/CrystalCavernNPCs/Enemies/NPC_BeaGratt.uasset" 2475
"C:/Users/user/Documents/GitHub/Fledgling/Content/Fledgling/Characters/NPCs/CrystalCavernNPCs/Enemies/NPC_BeaGratt.uexp" 2476
"C:/Users/user/Documents/GitHub/Fledgling/Content/Fledgling/Art/LevelDesign/Tilesets/Final/RandomClutter/ArrowResize__1_.uasset" 2477
"C:/Users/user/Documents/GitHub/Fledgling/Content/Fledgling/Art/LevelDesign/Tilesets/Final/RandomClutter/ArrowResize__1_.uexp" 2478
"C:/Users/user/Documents/GitHub/Fledgling/Content/Fledgling/Art/LevelDesign/Tilesets/Final/RandomClutter/ArrowResize__1__TileSet.uasset" 2479
"C:/Users/user/Documents/GitHub/Fledgling/Content/Fledgling/Art/LevelDesign/Tilesets/Final/RandomClutter/ArrowResize__1__TileSet.uexp" 2480
"C:/Users/user/Documents/GitHub/Fledgling/Content/Fledgling/Art/LevelDesign/Tilesets/Greyboxing/CrystalCaverns/TileMaps/TM_CC_BG.uasset" 2481
"C:/Users/user/Documents/GitHub/Fledgling/Content/Fledgling/Art/LevelDesign/Tilesets/Greyboxing/CrystalCaverns/TileMaps/TM_CC_BG.uexp" 2482
"C:/Users/user/Documents/GitHub/Fledgling/Content/Fledgling/Levels/Blueprints/BP_LevelChangeTrigger.uasset" 2483
"C:/Users/user/Documents/GitHub/Fledgling/Content/Fledgling/Levels/Blueprints/BP_LevelChangeTrigger.uexp" 2484
"C:/Users/user/Documents/GitHub/Fledgling/Content/Fledgling/Levels/Greyboxing/CrystalCaverns_Old/CC_BG.uexp" 2485
"C:/Users/user/Documents/GitHub/Fledgling/Content/Fledgling/Levels/Greyboxing/CrystalCaverns_Old/CC_BG.umap" 2486
"C:/Users/user/Documents/GitHub/Fledgling/Content/Fledgling/Characters/NPCs/CrystalCavernNPCs/Pickups/OLD_guys/AMB_Harden.uasset" 2487
"C:/Users/user/Documents/GitHub/Fledgling/Content/Fledgling/Characters/NPCs/CrystalCavernNPCs/Pickups/OLD_guys/AMB_Harden.uexp" 2488
"C:/Users/user/Documents/GitHub/Fledgling/Content/Fledgling/Art/LevelDesign/Tilesets/Final/RandomClutter/bottle2.uasset" 2489
"C:/Users/user/Documents/GitHub/Fledgling/Content/Fledgling/Art/LevelDesign/Tilesets/Final/RandomClutter/bottle2.uexp" 2490
"C:/Users/user/Documents/GitHub/Fledgling/Content/Fledgling/Art/LevelDesign/Tilesets/Final/RandomClutter/bottle2_TileSet.uasset" 2491
"C:/Users/user/Documents/GitHub/Fledgling/Content/Fledgling/Art/LevelDesign/Tilesets/Final/RandomClutter/bottle2_TileSet.uexp" 2492
"C:/Users/user/Documents/GitHub/Fledgling/Content/Fledgling/Art/LevelDesign/Tilesets/Final/RandomClutter/Names.uasset" 2493
"C:/Users/user/Documents/GitHub/Fledgling/Content/Fledgling/Art/LevelDesign/Tilesets/Final/RandomClutter/Names.uexp" 2494
"C:/Users/user/Documents/GitHub/Fledgling/Content/Fledgling/Art/LevelDesign/Tilesets/Final/RandomClutter/Names_TileSet.uasset" 2495
"C:/Users/user/Documents/GitHub/Fledgling/Content/Fledgling/Art/LevelDesign/Tilesets/Final/RandomClutter/Names_TileSet.uexp" 2496
"C:/Users/user/Documents/GitHub/Fledgling/Content/Fledgling/Art/LevelDesign/Tilesets/Greyboxing/CrystalCaverns/TileMaps/TM_CC_08.uasset" 2497
"C:/Users/user/Documents/GitHub/Fledgling/Content/Fledgling/Art/LevelDesign/Tilesets/Greyboxing/CrystalCaverns/TileMaps/TM_CC_08.uexp" 2498
"C:/Users/user/Documents/GitHub/Fledgling/Content/Fledgling/Characters/NPCs/CrystalCavernNPCs/Enemies/NPC_LargeRat.uasset" 2499
"C:/Users/user/Documents/GitHub/Fledgling/Content/Fledgling/Characters/NPCs/CrystalCavernNPCs/Enemies/NPC_LargeRat.uexp" 2500
"C:/Users/user/Documents/GitHub/Fledgling/Content/Fledgling/Art/Sprites/Ambers/amber_inrocks.uasset" 2501
"C:/Users/user/Documents/GitHub/Fledgling/Content/Fledgling/Art/Sprites/Ambers/amber_inrocks.uexp" 2502
"C:/Users/user/Documents/GitHub/Fledgling/Content/Fledgling/Art/Sprites/Ambers/amber_inrocks_Sprite_0.uasset" 2503
"C:/Users/user/Documents/GitHub/Fledgling/Content/Fledgling/Art/Sprites/Ambers/amber_inrocks_Sprite_0.uexp" 2504
"C:/Users/user/Documents/GitHub/Fledgling/Content/Fledgling/Art/Sprites/Ambers/amber_inrocks1.uasset" 2505
"C:/Users/user/Documents/GitHub/Fledgling/Content/Fledgling/Art/Sprites/Ambers/amber_inrocks1.uexp" 2506
"C:/Users/user/Documents/GitHub/Fledgling/Content/Fledgling/Characters/NPCs/CrystalCavernNPCs/Pickups/OLD_guys/AMB_Preserve.uasset" 2507
"C:/Users/user/Documents/GitHub/Fledgling/Content/Fledgling/Characters/NPCs/CrystalCavernNPCs/Pickups/OLD_guys/AMB_Preserve.uexp" 2508
"C:/Users/user/Documents/GitHub/Fledgling/Content/Fledgling/Characters/NPCs/CrystalCavernNPCs/Enemies/NPC_MediumRat.uasset" 2509
"C:/Users/user/Documents/GitHub/Fledgling/Content/Fledgling/Characters/NPCs/CrystalCavernNPCs/Enemies/NPC_MediumRat.uexp" 2510
"C:/Users/user/Documents/GitHub/Fledgling/Content/Fledgling/Levels/Greyboxing/CrystalCaverns_Old/CC_07.uexp" 2511
"C:/Users/user/Documents/GitHub/Fledgling/Content/Fledgling/Levels/Greyboxing/CrystalCaverns_Old/CC_07.umap" 2512
"C:/Users/user/Documents/GitHub/Fledgling/Content/Fledgling/Art/LevelDesign/Tilesets/Final/RandomClutter/KillDieTally.uasset" 2513
"C:/Users/user/Documents/GitHub/Fledgling/Content/Fledgling/Art/LevelDesign/Tilesets/Final/RandomClutter/KillDieTally.uexp" 2514
"C:/Users/user/Documents/GitHub/Fledgling/Content/Fledgling/Art/LevelDesign/Tilesets/Final/RandomClutter/KillDieTally_TileSet.uasset" 2515
"C:/Users/user/Documents/GitHub/Fledgling/Content/Fledgling/Art/LevelDesign/Tilesets/Final/RandomClutter/KillDieTally_TileSet.uexp" 2516
"C:/Users/user/Documents/GitHub/Fledgling/Content/Fledgling/Art/LevelDesign/Tilesets/Final/RandomClutter/Note.uasset" 2517
"C:/Users/user/Documents/GitHub/Fledgling/Content/Fledgling/Art/LevelDesign/Tilesets/Final/RandomClutter/Note.uexp" 2518
"C:/Users/user/Documents/GitHub/Fledgling/Content/Fledgling/Art/LevelDesign/Tilesets/Final/RandomClutter/Note_TileSet.uasset" 2519
"C:/Users/user/Documents/GitHub/Fledgling/Content/Fledgling/Art/LevelDesign/Tilesets/Final/RandomClutter/Note_TileSet.uexp" 2520
"C:/Users/user/Documents/GitHub/Fledgling/Content/Fledgling/Art/LevelDesign/Tilesets/Greyboxing/CrystalCaverns/TileMaps/TM_CC_07.uasset" 2521
"C:/Users/user/Documents/GitHub/Fledgling/Content/Fledgling/Art/LevelDesign/Tilesets/Greyboxing/CrystalCaverns/TileMaps/TM_CC_07.uexp" 2522
"C:/Users/user/Documents/GitHub/Fledgling/Content/Fledgling/Characters/NPCs/CrystalCavernNPCs/Pickups/OLD_guys/AMB_Sharpen.uasset" 2523
"C:/Users/user/Documents/GitHub/Fledgling/Content/Fledgling/Characters/NPCs/CrystalCavernNPCs/Pickups/OLD_guys/AMB_Sharpen.uexp" 2524
"C:/Users/user/Documents/GitHub/Fledgling/Content/Fledgling/DialogueOLD/DataTables/CrystalCaverns_New/LoneWolfRelated/DT_LW_DoveApproach.uasset" 2525
"C:/Users/user/Documents/GitHub/Fledgling/Content/Fledgling/DialogueOLD/DataTables/CrystalCaverns_New/LoneWolfRelated/DT_LW_DoveApproach.uexp" 2526
"C:/Users/user/Documents/GitHub/Fledgling/Content/Fledgling/Art/Sprites/Characters/Caverns/Dove/dove_idle.uasset" 2527
"C:/Users/user/Documents/GitHub/Fledgling/Content/Fledgling/Art/Sprites/Characters/Caverns/Dove/dove_idle.uexp" 2528
"C:/Users/user/Documents/GitHub/Fledgling/Content/Fledgling/Art/Sprites/Characters/Caverns/Dove/dove_idle_Sprite_8.uasset" 2529
"C:/Users/user/Documents/GitHub/Fledgling/Content/Fledgling/Art/Sprites/Characters/Caverns/Dove/dove_idle_Sprite_8.uexp" 2530
"C:/Users/user/Documents/GitHub/Fledgling/Content/Fledgling/Art/Sprites/Characters/Caverns/Dove/dove_idle_Sprite_9.uasset" 2531
"C:/Users/user/Documents/GitHub/Fledgling/Content/Fledgling/Art/Sprites/Characters/Caverns/Dove/dove_idle_Sprite_9.uexp" 2532
"C:/Users/user/Documents/GitHub/Fledgling/Content/Fledgling/Art/Sprites/Characters/Caverns/Dove/dove_idle_Sprite_10.uasset" 2533
"C:/Users/user/Documents/GitHub/Fledgling/Content/Fledgling/Art/Sprites/Characters/Caverns/Dove/dove_idle_Sprite_10.uexp" 2534
"C:/Users/user/Documents/GitHub/Fledgling/Content/Fledgling/Art/Sprites/Characters/Caverns/Dove/dove_idle_Sprite_11.uasset" 2535
"C:/Users/user/Documents/GitHub/Fledgling/Content/Fledgling/Art/Sprites/Characters/Caverns/Dove/dove_idle_Sprite_11.uexp" 2536
"C:/Users/user/Documents/GitHub/Fledgling/Content/Fledgling/Art/Sprites/Characters/Caverns/Dove/FB_dove_idle.uasset" 2537
"C:/Users/user/Documents/GitHub/Fledgling/Content/Fledgling/Art/Sprites/Characters/Caverns/Dove/FB_dove_idle.uexp" 2538
"C:/Users/user/Documents/GitHub/Fledgling/Content/Fledgling/Characters/NPCs/CrystalCavernNPCs/Dove/NPC_Dove_LWApproach.uasset" 2539
"C:/Users/user/Documents/GitHub/Fledgling/Content/Fledgling/Characters/NPCs/CrystalCavernNPCs/Dove/NPC_Dove_LWApproach.uexp" 2540
"C:/Users/user/Documents/GitHub/Fledgling/Content/Fledgling/DialogueOLD/DataTables/CrystalCaverns_New/DT_SmallRat_Wilds.uasset" 2541
"C:/Users/user/Documents/GitHub/Fledgling/Content/Fledgling/DialogueOLD/DataTables/CrystalCaverns_New/DT_SmallRat_Wilds.uexp" 2542
"C:/Users/user/Documents/GitHub/Fledgling/Content/Fledgling/Characters/NPCs/CrystalCavernNPCs/Enemies/NPC_CombatOrFriendlyRat.uasset" 2543
"C:/Users/user/Documents/GitHub/Fledgling/Content/Fledgling/Characters/NPCs/CrystalCavernNPCs/Enemies/NPC_CombatOrFriendlyRat.uexp" 2544
"C:/Users/user/Documents/GitHub/Fledgling/Content/Fledgling/Levels/Greyboxing/CrystalCaverns_Old/CC_06.uexp" 2545
"C:/Users/user/Documents/GitHub/Fledgling/Content/Fledgling/Levels/Greyboxing/CrystalCaverns_Old/CC_06.umap" 2546
"C:/Users/user/Documents/GitHub/Fledgling/Content/Fledgling/Art/LevelDesign/Tilesets/Greyboxing/CrystalCaverns/TileMaps/TM_CC_06.uasset" 2547
"C:/Users/user/Documents/GitHub/Fledgling/Content/Fledgling/Art/LevelDesign/Tilesets/Greyboxing/CrystalCaverns/TileMaps/TM_CC_06.uexp" 2548
"C:/Users/user/Documents/GitHub/Fledgling/Content/Fledgling/Art/Sprites/Weapons/copper_dagger_Sprite_0.uasset" 2549
"C:/Users/user/Documents/GitHub/Fledgling/Content/Fledgling/Art/Sprites/Weapons/copper_dagger_Sprite_0.uexp" 2550
"C:/Users/user/Documents/GitHub/Fledgling/Content/Fledgling/Art/Sprites/Weapons/copper_dagger1.uasset" 2551
"C:/Users/user/Documents/GitHub/Fledgling/Content/Fledgling/Art/Sprites/Weapons/copper_dagger1.uexp" 2552
"C:/Users/user/Documents/GitHub/Fledgling/Content/Fledgling/Characters/NPCs/CrystalCavernNPCs/Pickups/Weapons/WPN_CopperDagger.uasset" 2553
"C:/Users/user/Documents/GitHub/Fledgling/Content/Fledgling/Characters/NPCs/CrystalCavernNPCs/Pickups/Weapons/WPN_CopperDagger.uexp" 2554
"C:/Users/user/Documents/GitHub/Fledgling/Content/Fledgling/Levels/Greyboxing/CrystalCaverns_Old/CC_05.uexp" 2555
"C:/Users/user/Documents/GitHub/Fledgling/Content/Fledgling/Levels/Greyboxing/CrystalCaverns_Old/CC_05.umap" 2556
"../../../Engine/Plugins/Interchange/Assets/Content/Materials/UnlitMaterial.uasset" 2557
"../../../Engine/Plugins/Interchange/Assets/Content/Materials/UnlitMaterial.uexp" 2558
"C:/Users/user/Documents/GitHub/Fledgling/Content/Fledgling/Art/LevelDesign/Tilesets/Final/RandomClutter/Amongus.uasset" 2559
"C:/Users/user/Documents/GitHub/Fledgling/Content/Fledgling/Art/LevelDesign/Tilesets/Final/RandomClutter/Amongus.uexp" 2560
"C:/Users/user/Documents/GitHub/Fledgling/Content/Fledgling/Art/LevelDesign/Tilesets/Final/RandomClutter/Amongus_TileSet.uasset" 2561
"C:/Users/user/Documents/GitHub/Fledgling/Content/Fledgling/Art/LevelDesign/Tilesets/Final/RandomClutter/Amongus_TileSet.uexp" 2562
"C:/Users/user/Documents/GitHub/Fledgling/Content/Fledgling/Art/LevelDesign/Tilesets/Final/RandomClutter/SwordResize__1_.uasset" 2563
"C:/Users/user/Documents/GitHub/Fledgling/Content/Fledgling/Art/LevelDesign/Tilesets/Final/RandomClutter/SwordResize__1_.uexp" 2564
"C:/Users/user/Documents/GitHub/Fledgling/Content/Fledgling/Art/LevelDesign/Tilesets/Final/RandomClutter/SwordResize__1__TileSet.uasset" 2565
"C:/Users/user/Documents/GitHub/Fledgling/Content/Fledgling/Art/LevelDesign/Tilesets/Final/RandomClutter/SwordResize__1__TileSet.uexp" 2566
"C:/Users/user/Documents/GitHub/Fledgling/Content/Fledgling/Art/LevelDesign/Tilesets/Greyboxing/CrystalCaverns/TileMaps/TM_CC_04.uasset" 2567
"C:/Users/user/Documents/GitHub/Fledgling/Content/Fledgling/Art/LevelDesign/Tilesets/Greyboxing/CrystalCaverns/TileMaps/TM_CC_04.uexp" 2568
"C:/Users/user/Documents/GitHub/Fledgling/Content/Fledgling/Characters/NPCs/CrystalCavernNPCs/Pickups/OLD_guys/AMB_Brace.uasset" 2569
"C:/Users/user/Documents/GitHub/Fledgling/Content/Fledgling/Characters/NPCs/CrystalCavernNPCs/Pickups/OLD_guys/AMB_Brace.uexp" 2570
"C:/Users/user/Documents/GitHub/Fledgling/Content/Fledgling/Art/LevelDesign/Tilesets/Prototyping/T_TilesetTest.uasset" 2571
"C:/Users/user/Documents/GitHub/Fledgling/Content/Fledgling/Art/LevelDesign/Tilesets/Prototyping/T_TilesetTest.uexp" 2572
"C:/Users/user/Documents/GitHub/Fledgling/Content/Fledgling/Art/LevelDesign/Tilesets/Prototyping/TS_CC_Test.uasset" 2573
"C:/Users/user/Documents/GitHub/Fledgling/Content/Fledgling/Art/LevelDesign/Tilesets/Prototyping/TS_CC_Test.uexp" 2574
"C:/Users/user/Documents/GitHub/Fledgling/Content/Fledgling/Art/LevelDesign/Tilesets/Greyboxing/CrystalCaverns/TileMaps/TM_CC_45.uasset" 2575
"C:/Users/user/Documents/GitHub/Fledgling/Content/Fledgling/Art/LevelDesign/Tilesets/Greyboxing/CrystalCaverns/TileMaps/TM_CC_45.uexp" 2576
"C:/Users/user/Documents/GitHub/Fledgling/Content/Fledgling/Levels/Greyboxing/CrystalCaverns_Old/CC_04.uexp" 2577
"C:/Users/user/Documents/GitHub/Fledgling/Content/Fledgling/Levels/Greyboxing/CrystalCaverns_Old/CC_04.umap" 2578
"C:/Users/user/Documents/GitHub/Fledgling/Content/Fledgling/DialogueOLD/DataTables/CrystalCaverns/DT_Dove_Rejoin.uasset" 2579
"C:/Users/user/Documents/GitHub/Fledgling/Content/Fledgling/DialogueOLD/DataTables/CrystalCaverns/DT_Dove_Rejoin.uexp" 2580
"C:/Users/user/Documents/GitHub/Fledgling/Content/Fledgling/Characters/NPCs/CrystalCavernNPCs/Dove/NPC_Dove_Rejoin.uasset" 2581
"C:/Users/user/Documents/GitHub/Fledgling/Content/Fledgling/Characters/NPCs/CrystalCavernNPCs/Dove/NPC_Dove_Rejoin.uexp" 2582
"C:/Users/user/Documents/GitHub/Fledgling/Content/Fledgling/Art/Sprites/Ambers/Old/herb_amber.uasset" 2583
"C:/Users/user/Documents/GitHub/Fledgling/Content/Fledgling/Art/Sprites/Ambers/Old/herb_amber.uexp" 2584
"C:/Users/user/Documents/GitHub/Fledgling/Content/Fledgling/Art/Sprites/Ambers/Old/herb_amber_Sprite.uasset" 2585
"C:/Users/user/Documents/GitHub/Fledgling/Content/Fledgling/Art/Sprites/Ambers/Old/herb_amber_Sprite.uexp" 2586
"C:/Users/user/Documents/GitHub/Fledgling/Content/Fledgling/Art/Sprites/Ambers/Old/FP_HerbAmber.uasset" 2587
"C:/Users/user/Documents/GitHub/Fledgling/Content/Fledgling/Art/Sprites/Ambers/Old/FP_HerbAmber.uexp" 2588
"C:/Users/user/Documents/GitHub/Fledgling/Content/Fledgling/Characters/NPCs/CrystalCavernNPCs/Pickups/OLD_guys/AMB_Herb.uasset" 2589
"C:/Users/user/Documents/GitHub/Fledgling/Content/Fledgling/Characters/NPCs/CrystalCavernNPCs/Pickups/OLD_guys/AMB_Herb.uexp" 2590
"C:/Users/user/Documents/GitHub/Fledgling/Content/Fledgling/Blueprints/BP_ZoomOutTriggerbox.uasset" 2591
"C:/Users/user/Documents/GitHub/Fledgling/Content/Fledgling/Blueprints/BP_ZoomOutTriggerbox.uexp" 2592
"C:/Users/user/Documents/GitHub/Fledgling/Content/Fledgling/Art/LevelDesign/Tilesets/Greyboxing/CrystalCaverns/TileMaps/TM_CC_Lookout.uasset" 2593
"C:/Users/user/Documents/GitHub/Fledgling/Content/Fledgling/Art/LevelDesign/Tilesets/Greyboxing/CrystalCaverns/TileMaps/TM_CC_Lookout.uexp" 2594
"C:/Users/user/Documents/GitHub/Fledgling/Content/Fledgling/Art/LevelDesign/Tilesets/Final/RandomClutter/bottle1.uasset" 2595
"C:/Users/user/Documents/GitHub/Fledgling/Content/Fledgling/Art/LevelDesign/Tilesets/Final/RandomClutter/bottle1.uexp" 2596
"C:/Users/user/Documents/GitHub/Fledgling/Content/Fledgling/Art/LevelDesign/Tilesets/Final/RandomClutter/bottle1_TileSet.uasset" 2597
"C:/Users/user/Documents/GitHub/Fledgling/Content/Fledgling/Art/LevelDesign/Tilesets/Final/RandomClutter/bottle1_TileSet.uexp" 2598
"C:/Users/user/Documents/GitHub/Fledgling/Content/Fledgling/Art/LevelDesign/Tilesets/Greyboxing/SnowyMountain/OldArt/Greybox_SnowyMountain.ubulk" 2599
"C:/Users/user/Documents/GitHub/Fledgling/Content/Fledgling/Art/LevelDesign/Tilesets/Greyboxing/SnowyMountain/OldArt/Greybox_SnowyMountain.uasset" 2600
"C:/Users/user/Documents/GitHub/Fledgling/Content/Fledgling/Art/LevelDesign/Tilesets/Greyboxing/SnowyMountain/OldArt/Greybox_SnowyMountain.uexp" 2601
"C:/Users/user/Documents/GitHub/Fledgling/Content/Fledgling/Art/LevelDesign/Tilesets/Greyboxing/SnowyMountain/OldArt/Greybox_SnowyMountain_TileSet.uasset" 2602
"C:/Users/user/Documents/GitHub/Fledgling/Content/Fledgling/Art/LevelDesign/Tilesets/Greyboxing/SnowyMountain/OldArt/Greybox_SnowyMountain_TileSet.uexp" 2603
"C:/Users/user/Documents/GitHub/Fledgling/Content/Fledgling/Art/LevelDesign/Tilesets/Final/RandomClutter/bottle_lid.uasset" 2604
"C:/Users/user/Documents/GitHub/Fledgling/Content/Fledgling/Art/LevelDesign/Tilesets/Final/RandomClutter/bottle_lid.uexp" 2605
"C:/Users/user/Documents/GitHub/Fledgling/Content/Fledgling/Art/LevelDesign/Tilesets/Final/RandomClutter/bottle_lid_TileSet.uasset" 2606
"C:/Users/user/Documents/GitHub/Fledgling/Content/Fledgling/Art/LevelDesign/Tilesets/Final/RandomClutter/bottle_lid_TileSet.uexp" 2607
"C:/Users/user/Documents/GitHub/Fledgling/Content/Fledgling/Art/LevelDesign/Tilesets/Final/RandomClutter/broken_potions_full.uasset" 2608
"C:/Users/user/Documents/GitHub/Fledgling/Content/Fledgling/Art/LevelDesign/Tilesets/Final/RandomClutter/broken_potions_full.uexp" 2609
"C:/Users/user/Documents/GitHub/Fledgling/Content/Fledgling/Art/LevelDesign/Tilesets/Final/RandomClutter/broken_potions_full_TileSet.uasset" 2610
"C:/Users/user/Documents/GitHub/Fledgling/Content/Fledgling/Art/LevelDesign/Tilesets/Final/RandomClutter/broken_potions_full_TileSet.uexp" 2611
"C:/Users/user/Documents/GitHub/Fledgling/Content/Fledgling/Art/LevelDesign/Tilesets/Greyboxing/CrystalCaverns/TileMaps/TM_CC_03.uasset" 2612
"C:/Users/user/Documents/GitHub/Fledgling/Content/Fledgling/Art/LevelDesign/Tilesets/Greyboxing/CrystalCaverns/TileMaps/TM_CC_03.uexp" 2613
"C:/Users/user/Documents/GitHub/Fledgling/Content/Fledgling/Levels/Greyboxing/CrystalCaverns_Old/CC_03.uexp" 2614
"C:/Users/user/Documents/GitHub/Fledgling/Content/Fledgling/Levels/Greyboxing/CrystalCaverns_Old/CC_03.umap" 2615
"C:/Users/user/Documents/GitHub/Fledgling/Content/Fledgling/Audio/DynamicVolumes/BP_DynamicAudioParentClass.uasset" 2616
"C:/Users/user/Documents/GitHub/Fledgling/Content/Fledgling/Audio/DynamicVolumes/BP_DynamicAudioParentClass.uexp" 2617
"C:/Users/user/Documents/GitHub/Fledgling/Content/Fledgling/Audio/DynamicVolumes/CC/BP_DA_CC_Core.uasset" 2618
"C:/Users/user/Documents/GitHub/Fledgling/Content/Fledgling/Audio/DynamicVolumes/CC/BP_DA_CC_Core.uexp" 2619
"C:/Users/user/Documents/GitHub/Fledgling/Content/Fledgling/DialogueOLD/DataTables/CrystalCaverns/DT_CrowFather_Tutorial.uasset" 2620
"C:/Users/user/Documents/GitHub/Fledgling/Content/Fledgling/DialogueOLD/DataTables/CrystalCaverns/DT_CrowFather_Tutorial.uexp" 2621
"C:/Users/user/Documents/GitHub/Fledgling/Content/Fledgling/Characters/NPCs/CrystalCavernNPCs/CrowFather/NPC_CrowFather_Tutorial.uasset" 2622
"C:/Users/user/Documents/GitHub/Fledgling/Content/Fledgling/Characters/NPCs/CrystalCavernNPCs/CrowFather/NPC_CrowFather_Tutorial.uexp" 2623
"C:/Users/user/Documents/GitHub/Fledgling/Content/Fledgling/Art/LevelDesign/Tilesets/Final/RandomClutter/SkullRat__1_.uasset" 2624
"C:/Users/user/Documents/GitHub/Fledgling/Content/Fledgling/Art/LevelDesign/Tilesets/Final/RandomClutter/SkullRat__1_.uexp" 2625
"C:/Users/user/Documents/GitHub/Fledgling/Content/Fledgling/Art/LevelDesign/Tilesets/Final/RandomClutter/SkullRat__1__TileSet.uasset" 2626
"C:/Users/user/Documents/GitHub/Fledgling/Content/Fledgling/Art/LevelDesign/Tilesets/Final/RandomClutter/SkullRat__1__TileSet.uexp" 2627
"C:/Users/user/Documents/GitHub/Fledgling/Content/Fledgling/Art/LevelDesign/Tilesets/Greyboxing/CrystalCaverns/TileMaps/TM_CC_02.uasset" 2628
"C:/Users/user/Documents/GitHub/Fledgling/Content/Fledgling/Art/LevelDesign/Tilesets/Greyboxing/CrystalCaverns/TileMaps/TM_CC_02.uexp" 2629
"C:/Users/user/Documents/GitHub/Fledgling/Content/Fledgling/Characters/NPCs/CrystalCavernNPCs/Pickups/OLD_guys/AMB_Pointy.uasset" 2630
"C:/Users/user/Documents/GitHub/Fledgling/Content/Fledgling/Characters/NPCs/CrystalCavernNPCs/Pickups/OLD_guys/AMB_Pointy.uexp" 2631
"C:/Users/user/Documents/GitHub/Fledgling/Content/Fledgling/Characters/NPCs/CrystalCavernNPCs/Enemies/NPC_TutorialRat.uasset" 2632
"C:/Users/user/Documents/GitHub/Fledgling/Content/Fledgling/Characters/NPCs/CrystalCavernNPCs/Enemies/NPC_TutorialRat.uexp" 2633
"C:/Users/user/Documents/GitHub/Fledgling/Content/Fledgling/DialogueOLD/DataTables/CrystalCaverns_New/TutorialSection/DT_Dove_AmberTutorial.uasset" 2634
"C:/Users/user/Documents/GitHub/Fledgling/Content/Fledgling/DialogueOLD/DataTables/CrystalCaverns_New/TutorialSection/DT_Dove_AmberTutorial.uexp" 2635
"C:/Users/user/Documents/GitHub/Fledgling/Content/Fledgling/Characters/NPCs/CrystalCavernNPCs/Dove/NPC_Dove_Tutorial.uasset" 2636
"C:/Users/user/Documents/GitHub/Fledgling/Content/Fledgling/Characters/NPCs/CrystalCavernNPCs/Dove/NPC_Dove_Tutorial.uexp" 2637
"C:/Users/user/Documents/GitHub/Fledgling/Content/Fledgling/Levels/Greyboxing/CrystalCaverns_Old/CC_02.uexp" 2638
"C:/Users/user/Documents/GitHub/Fledgling/Content/Fledgling/Levels/Greyboxing/CrystalCaverns_Old/CC_02.umap" 2639
"C:/Users/user/Documents/GitHub/Fledgling/Content/StarterContent/Audio/Steam01_Cue.uasset" 2640
"C:/Users/user/Documents/GitHub/Fledgling/Content/StarterContent/Audio/Steam01_Cue.uexp" 2641
"C:/Users/user/Documents/GitHub/Fledgling/Content/Fledgling/DialogueOLD/DataTables/CrystalCaverns/DT_Dove_Intro_OLD.uasset" 2642
"C:/Users/user/Documents/GitHub/Fledgling/Content/Fledgling/DialogueOLD/DataTables/CrystalCaverns/DT_Dove_Intro_OLD.uexp" 2643
"C:/Users/user/Documents/GitHub/Fledgling/Content/Fledgling/Characters/NPCs/CrystalCavernNPCs/Dove/NPC_Dove_Intro.uasset" 2644
"C:/Users/user/Documents/GitHub/Fledgling/Content/Fledgling/Characters/NPCs/CrystalCavernNPCs/Dove/NPC_Dove_Intro.uexp" 2645
"C:/Users/user/Documents/GitHub/Fledgling/Content/Fledgling/DialogueOLD/DataTables/CrystalCaverns/DT_CrowFather_Intro.uasset" 2646
"C:/Users/user/Documents/GitHub/Fledgling/Content/Fledgling/DialogueOLD/DataTables/CrystalCaverns/DT_CrowFather_Intro.uexp" 2647
"C:/Users/user/Documents/GitHub/Fledgling/Content/Fledgling/Characters/NPCs/CrystalCavernNPCs/CrowFather/NPC_CrowFather_Intro.uasset" 2648
"C:/Users/user/Documents/GitHub/Fledgling/Content/Fledgling/Characters/NPCs/CrystalCavernNPCs/CrowFather/NPC_CrowFather_Intro.uexp" 2649
"C:/Users/user/Documents/GitHub/Fledgling/Content/Fledgling/Materials/M_Test.uasset" 2650
"C:/Users/user/Documents/GitHub/Fledgling/Content/Fledgling/Materials/M_Test.uexp" 2651
"C:/Users/user/Documents/GitHub/Fledgling/Content/Fledgling/Art/LevelDesign/Tilesets/Greyboxing/CrystalCaverns/TileMaps/TM_CC_01.uasset" 2652
"C:/Users/user/Documents/GitHub/Fledgling/Content/Fledgling/Art/LevelDesign/Tilesets/Greyboxing/CrystalCaverns/TileMaps/TM_CC_01.uexp" 2653
"C:/Users/user/Documents/GitHub/Fledgling/Content/Fledgling/Levels/Greyboxing/CrystalCaverns_Old/CC_01.uexp" 2654
"C:/Users/user/Documents/GitHub/Fledgling/Content/Fledgling/Levels/Greyboxing/CrystalCaverns_Old/CC_01.umap" 2655
"C:/Users/user/Documents/GitHub/Fledgling/Content/Fledgling/Audio/Music/Mastered/SM/SW_SM_Core_Mastered.ubulk" 2656
"C:/Users/user/Documents/GitHub/Fledgling/Content/Fledgling/Audio/Music/Mastered/SM/SW_SM_Core_Mastered.uasset" 2657
"C:/Users/user/Documents/GitHub/Fledgling/Content/Fledgling/Audio/Music/Mastered/SM/SW_SM_Core_Mastered.uexp" 2658
"C:/Users/user/Documents/GitHub/Fledgling/Content/Fledgling/Audio/Music/Mastered/SM/SW_SM_Layer2_Mastered.ubulk" 2659
"C:/Users/user/Documents/GitHub/Fledgling/Content/Fledgling/Audio/Music/Mastered/SM/SW_SM_Layer2_Mastered.uasset" 2660
"C:/Users/user/Documents/GitHub/Fledgling/Content/Fledgling/Audio/Music/Mastered/SM/SW_SM_Layer2_Mastered.uexp" 2661
"C:/Users/user/Documents/GitHub/Fledgling/Content/Fledgling/Audio/Music/Mastered/SM/SW_SM_Layer1_Mastered.ubulk" 2662
"C:/Users/user/Documents/GitHub/Fledgling/Content/Fledgling/Audio/Music/Mastered/SM/SW_SM_Layer1_Mastered.uasset" 2663
"C:/Users/user/Documents/GitHub/Fledgling/Content/Fledgling/Audio/Music/Mastered/SM/SW_SM_Layer1_Mastered.uexp" 2664
"C:/Users/user/Documents/GitHub/Fledgling/Content/Fledgling/Audio/Music/Non-Mastered/SM/SW_SM_Ambient_I3.ubulk" 2665
"C:/Users/user/Documents/GitHub/Fledgling/Content/Fledgling/Audio/Music/Non-Mastered/SM/SW_SM_Ambient_I3.uasset" 2666
"C:/Users/user/Documents/GitHub/Fledgling/Content/Fledgling/Audio/Music/Non-Mastered/SM/SW_SM_Ambient_I3.uexp" 2667
"C:/Users/user/Documents/GitHub/Fledgling/Content/Fledgling/Audio/Metasounds/MS_DynamicSM.uasset" 2668
"C:/Users/user/Documents/GitHub/Fledgling/Content/Fledgling/Audio/Metasounds/MS_DynamicSM.uexp" 2669
"C:/Users/user/Documents/GitHub/Fledgling/Content/Fledgling/Levels/FinalLevels/SnowyMountain/SM_Persistent.uexp" 2670
"C:/Users/user/Documents/GitHub/Fledgling/Content/Fledgling/Levels/FinalLevels/SnowyMountain/SM_Persistent.umap" 2671
"C:/Users/user/Documents/GitHub/Fledgling/Content/Fledgling/Art/LevelDesign/Tilesets/Greyboxing/SnowyMountain/mountains_background.uasset" 2672
"C:/Users/user/Documents/GitHub/Fledgling/Content/Fledgling/Art/LevelDesign/Tilesets/Greyboxing/SnowyMountain/mountains_background.uexp" 2673
"C:/Users/user/Documents/GitHub/Fledgling/Content/Fledgling/Art/LevelDesign/Tilesets/Greyboxing/SnowyMountain/M_SM_Backdrop.uasset" 2674
"C:/Users/user/Documents/GitHub/Fledgling/Content/Fledgling/Art/LevelDesign/Tilesets/Greyboxing/SnowyMountain/M_SM_Backdrop.uexp" 2675
"C:/Users/user/Documents/GitHub/Fledgling/Content/Fledgling/Art/Placeholder/PixelCloudPlaceholder.uasset" 2676
"C:/Users/user/Documents/GitHub/Fledgling/Content/Fledgling/Art/Placeholder/PixelCloudPlaceholder.uexp" 2677
"C:/Users/user/Documents/GitHub/Fledgling/Content/Fledgling/Art/Placeholder/PixelCloudPlaceholder_Mat.uasset" 2678
"C:/Users/user/Documents/GitHub/Fledgling/Content/Fledgling/Art/Placeholder/PixelCloudPlaceholder_Mat.uexp" 2679
"C:/Users/user/Documents/GitHub/Fledgling/Content/Fledgling/Art/Niagara/Snowstorm/NS_Snowstorm_2.uasset" 2680
"C:/Users/user/Documents/GitHub/Fledgling/Content/Fledgling/Art/Niagara/Snowstorm/NS_Snowstorm_2.uexp" 2681
"C:/Users/user/Documents/GitHub/Fledgling/Content/Fledgling/Art/LevelDesign/Tilesets/Greyboxing/SnowyMountain/M_Invisible.uasset" 2682
"C:/Users/user/Documents/GitHub/Fledgling/Content/Fledgling/Art/LevelDesign/Tilesets/Greyboxing/SnowyMountain/M_Invisible.uexp" 2683
"C:/Users/user/Documents/GitHub/Fledgling/Content/Fledgling/Art/LevelDesign/Tilesets/Greyboxing/SnowyMountain/SM_ExtraBits-export.uasset" 2684
"C:/Users/user/Documents/GitHub/Fledgling/Content/Fledgling/Art/LevelDesign/Tilesets/Greyboxing/SnowyMountain/SM_ExtraBits-export.uexp" 2685
"C:/Users/user/Documents/GitHub/Fledgling/Content/Fledgling/Art/LevelDesign/Tilesets/Greyboxing/SnowyMountain/SM_ExtraBits-export_Sprite_3.uasset" 2686
"C:/Users/user/Documents/GitHub/Fledgling/Content/Fledgling/Art/LevelDesign/Tilesets/Greyboxing/SnowyMountain/SM_ExtraBits-export_Sprite_3.uexp" 2687
"C:/Users/user/Documents/GitHub/Fledgling/Content/Fledgling/Art/LevelDesign/Tilesets/Greyboxing/SnowyMountain/FB_Ears.uasset" 2688
"C:/Users/user/Documents/GitHub/Fledgling/Content/Fledgling/Art/LevelDesign/Tilesets/Greyboxing/SnowyMountain/FB_Ears.uexp" 2689
"C:/Users/user/Documents/GitHub/Fledgling/Content/Fledgling/Art/LevelDesign/Tilesets/Greyboxing/SnowyMountain/SM_ExtraTiles_01.uasset" 2690
"C:/Users/user/Documents/GitHub/Fledgling/Content/Fledgling/Art/LevelDesign/Tilesets/Greyboxing/SnowyMountain/SM_ExtraTiles_01.uexp" 2691
"C:/Users/user/Documents/GitHub/Fledgling/Content/Fledgling/Art/LevelDesign/Tilesets/Greyboxing/SnowyMountain/SM_Trim.uasset" 2692
"C:/Users/user/Documents/GitHub/Fledgling/Content/Fledgling/Art/LevelDesign/Tilesets/Greyboxing/SnowyMountain/SM_Trim.uexp" 2693
"C:/Users/user/Documents/GitHub/Fledgling/Content/Fledgling/Art/LevelDesign/Tilesets/Greyboxing/SnowyMountain/SM_Clutter_01.uasset" 2694
"C:/Users/user/Documents/GitHub/Fledgling/Content/Fledgling/Art/LevelDesign/Tilesets/Greyboxing/SnowyMountain/SM_Clutter_01.uexp" 2695
"C:/Users/user/Documents/GitHub/Fledgling/Content/Fledgling/Art/LevelDesign/Tilesets/Greyboxing/SnowyMountain/SM_clutter.uasset" 2696
"C:/Users/user/Documents/GitHub/Fledgling/Content/Fledgling/Art/LevelDesign/Tilesets/Greyboxing/SnowyMountain/SM_clutter.uexp" 2697
"C:/Users/user/Documents/GitHub/Fledgling/Content/Fledgling/Art/LevelDesign/Tilesets/Greyboxing/SnowyMountain/SM_Clutter_01__2_.uasset" 2698
"C:/Users/user/Documents/GitHub/Fledgling/Content/Fledgling/Art/LevelDesign/Tilesets/Greyboxing/SnowyMountain/SM_Clutter_01__2_.uexp" 2699
"C:/Users/user/Documents/GitHub/Fledgling/Content/Fledgling/Art/LevelDesign/Tilesets/Greyboxing/SnowyMountain/SM_Clutter_New.uasset" 2700
"C:/Users/user/Documents/GitHub/Fledgling/Content/Fledgling/Art/LevelDesign/Tilesets/Greyboxing/SnowyMountain/SM_Clutter_New.uexp" 2701
"C:/Users/user/Documents/GitHub/Fledgling/Content/Fledgling/Art/LevelDesign/Tilesets/Greyboxing/SnowyMountain/Tilemaps/SM_Arena_A3.uasset" 2702
"C:/Users/user/Documents/GitHub/Fledgling/Content/Fledgling/Art/LevelDesign/Tilesets/Greyboxing/SnowyMountain/Tilemaps/SM_Arena_A3.uexp" 2703
"C:/Users/user/Documents/GitHub/Fledgling/Content/Fledgling/Art/LevelDesign/Tilesets/Greyboxing/SnowyMountain/SM_ExtraBits-export_Sprite_1.uasset" 2704
"C:/Users/user/Documents/GitHub/Fledgling/Content/Fledgling/Art/LevelDesign/Tilesets/Greyboxing/SnowyMountain/SM_ExtraBits-export_Sprite_1.uexp" 2705
"C:/Users/user/Documents/GitHub/Fledgling/Content/Fledgling/Art/LevelDesign/Tilesets/Greyboxing/SnowyMountain/FB_Ears2.uasset" 2706
"C:/Users/user/Documents/GitHub/Fledgling/Content/Fledgling/Art/LevelDesign/Tilesets/Greyboxing/SnowyMountain/FB_Ears2.uexp" 2707
"C:/Users/user/Documents/GitHub/Fledgling/Content/Fledgling/Characters/NPCs/SnowyMountainNPCs/Enemies/NPC_RandomEncounter_SM.uasset" 2708
"C:/Users/user/Documents/GitHub/Fledgling/Content/Fledgling/Characters/NPCs/SnowyMountainNPCs/Enemies/NPC_RandomEncounter_SM.uexp" 2709
"C:/Users/user/Documents/GitHub/Fledgling/Content/Fledgling/DialogueOLD/DataTables/SnowyMountain/DT_Ambers_SM.uasset" 2710
"C:/Users/user/Documents/GitHub/Fledgling/Content/Fledgling/DialogueOLD/DataTables/SnowyMountain/DT_Ambers_SM.uexp" 2711
"C:/Users/user/Documents/GitHub/Fledgling/Content/Fledgling/Art/Sprites/Ambers/Ears_Sprite_0.uasset" 2712
"C:/Users/user/Documents/GitHub/Fledgling/Content/Fledgling/Art/Sprites/Ambers/Ears_Sprite_0.uexp" 2713
"C:/Users/user/Documents/GitHub/Fledgling/Content/Fledgling/Art/Sprites/Ambers/HaresEars.uasset" 2714
"C:/Users/user/Documents/GitHub/Fledgling/Content/Fledgling/Art/Sprites/Ambers/HaresEars.uexp" 2715
"C:/Users/user/Documents/GitHub/Fledgling/Content/Fledgling/Characters/NPCs/SnowyMountainNPCs/Pickups/AMB_HaresEars.uasset" 2716
"C:/Users/user/Documents/GitHub/Fledgling/Content/Fledgling/Characters/NPCs/SnowyMountainNPCs/Pickups/AMB_HaresEars.uexp" 2717
"C:/Users/user/Documents/GitHub/Fledgling/Content/Fledgling/Art/Sprites/Characters/Mountain/Sable/sable_portrait.uasset" 2718
"C:/Users/user/Documents/GitHub/Fledgling/Content/Fledgling/Art/Sprites/Characters/Mountain/Sable/sable_portrait.uexp" 2719
"C:/Users/user/Documents/GitHub/Fledgling/Content/Fledgling/DialogueOLD/DataTables/SnowyMountain/DT_Sable_Wilds.uasset" 2720
"C:/Users/user/Documents/GitHub/Fledgling/Content/Fledgling/DialogueOLD/DataTables/SnowyMountain/DT_Sable_Wilds.uexp" 2721
"C:/Users/user/Documents/GitHub/Fledgling/Content/Fledgling/Characters/NPCs/SnowyMountainNPCs/Enemies/NPC_Sable.uasset" 2722
"C:/Users/user/Documents/GitHub/Fledgling/Content/Fledgling/Characters/NPCs/SnowyMountainNPCs/Enemies/NPC_Sable.uexp" 2723
"C:/Users/user/Documents/GitHub/Fledgling/Content/Fledgling/Art/Sprites/Ambers/Infectious_Sprite_0.uasset" 2724
"C:/Users/user/Documents/GitHub/Fledgling/Content/Fledgling/Art/Sprites/Ambers/Infectious_Sprite_0.uexp" 2725
"C:/Users/user/Documents/GitHub/Fledgling/Content/Fledgling/Art/Sprites/Ambers/FB_Infectious.uasset" 2726
"C:/Users/user/Documents/GitHub/Fledgling/Content/Fledgling/Art/Sprites/Ambers/FB_Infectious.uexp" 2727
"C:/Users/user/Documents/GitHub/Fledgling/Content/Fledgling/Characters/NPCs/SnowyMountainNPCs/Pickups/AMB_Infectious.uasset" 2728
"C:/Users/user/Documents/GitHub/Fledgling/Content/Fledgling/Characters/NPCs/SnowyMountainNPCs/Pickups/AMB_Infectious.uexp" 2729
"C:/Users/user/Documents/GitHub/Fledgling/Content/Fledgling/Art/Sprites/Characters/Mountain/MadHare/HarePortrait.uasset" 2730
"C:/Users/user/Documents/GitHub/Fledgling/Content/Fledgling/Art/Sprites/Characters/Mountain/MadHare/HarePortrait.uexp" 2731
"C:/Users/user/Documents/GitHub/Fledgling/Content/Fledgling/DialogueOLD/DataTables/SnowyMountain/DT_Hare_Wilds.uasset" 2732
"C:/Users/user/Documents/GitHub/Fledgling/Content/Fledgling/DialogueOLD/DataTables/SnowyMountain/DT_Hare_Wilds.uexp" 2733
"C:/Users/user/Documents/GitHub/Fledgling/Content/Fledgling/Characters/NPCs/SnowyMountainNPCs/Enemies/NPC_Hare.uasset" 2734
"C:/Users/user/Documents/GitHub/Fledgling/Content/Fledgling/Characters/NPCs/SnowyMountainNPCs/Enemies/NPC_Hare.uexp" 2735
"C:/Users/user/Documents/GitHub/Fledgling/Content/Fledgling/Levels/FinalLevels/SnowyMountain/SM_A3.uexp" 2736
"C:/Users/user/Documents/GitHub/Fledgling/Content/Fledgling/Levels/FinalLevels/SnowyMountain/SM_A3.umap" 2737
"C:/Users/user/Documents/GitHub/Fledgling/Content/Fledgling/Art/LevelDesign/Tilesets/Greyboxing/SnowyMountain/OldArt/sloppymess_recolored_fixed.uasset" 2738
"C:/Users/user/Documents/GitHub/Fledgling/Content/Fledgling/Art/LevelDesign/Tilesets/Greyboxing/SnowyMountain/OldArt/sloppymess_recolored_fixed.uexp" 2739
"C:/Users/user/Documents/GitHub/Fledgling/Content/Fledgling/Art/LevelDesign/Tilesets/Greyboxing/SnowyMountain/OldArt/sloppymess_recolored_fixed_TileSet.uasset" 2740
"C:/Users/user/Documents/GitHub/Fledgling/Content/Fledgling/Art/LevelDesign/Tilesets/Greyboxing/SnowyMountain/OldArt/sloppymess_recolored_fixed_TileSet.uexp" 2741
"C:/Users/user/Documents/GitHub/Fledgling/Content/Fledgling/Art/LevelDesign/Tilesets/Greyboxing/SnowyMountain/OldArt/SnowyTilesetUpdated.uasset" 2742
"C:/Users/user/Documents/GitHub/Fledgling/Content/Fledgling/Art/LevelDesign/Tilesets/Greyboxing/SnowyMountain/OldArt/SnowyTilesetUpdated.uexp" 2743
"C:/Users/user/Documents/GitHub/Fledgling/Content/Fledgling/Art/LevelDesign/Tilesets/Greyboxing/SnowyMountain/OldArt/SnowyTilesetUpdated_TileSet.uasset" 2744
"C:/Users/user/Documents/GitHub/Fledgling/Content/Fledgling/Art/LevelDesign/Tilesets/Greyboxing/SnowyMountain/OldArt/SnowyTilesetUpdated_TileSet.uexp" 2745
"C:/Users/user/Documents/GitHub/Fledgling/Content/Fledgling/Art/LevelDesign/Tilesets/Greyboxing/SnowyMountain/Snow_mountain_clutter_set_1_recolour.uasset" 2746
"C:/Users/user/Documents/GitHub/Fledgling/Content/Fledgling/Art/LevelDesign/Tilesets/Greyboxing/SnowyMountain/Snow_mountain_clutter_set_1_recolour.uexp" 2747
"C:/Users/user/Documents/GitHub/Fledgling/Content/Fledgling/Art/LevelDesign/Tilesets/Greyboxing/SnowyMountain/Snow_mountain_clutter_set_1_recolour_TileSet.uasset" 2748
"C:/Users/user/Documents/GitHub/Fledgling/Content/Fledgling/Art/LevelDesign/Tilesets/Greyboxing/SnowyMountain/Snow_mountain_clutter_set_1_recolour_TileSet.uexp" 2749
"C:/Users/user/Documents/GitHub/Fledgling/Content/Fledgling/Art/LevelDesign/Tilesets/Greyboxing/SnowyMountain/SM_Extra.uasset" 2750
"C:/Users/user/Documents/GitHub/Fledgling/Content/Fledgling/Art/LevelDesign/Tilesets/Greyboxing/SnowyMountain/SM_Extra.uexp" 2751
"C:/Users/user/Documents/GitHub/Fledgling/Content/Fledgling/Art/LevelDesign/Tilesets/Greyboxing/SnowyMountain/Tilemaps/SM_Yeti_A2.uasset" 2752
"C:/Users/user/Documents/GitHub/Fledgling/Content/Fledgling/Art/LevelDesign/Tilesets/Greyboxing/SnowyMountain/Tilemaps/SM_Yeti_A2.uexp" 2753
"C:/Users/user/Documents/GitHub/Fledgling/Content/Fledgling/Art/Sprites/Characters/Mountain/Yeti/yeti_portrait.uasset" 2754
"C:/Users/user/Documents/GitHub/Fledgling/Content/Fledgling/Art/Sprites/Characters/Mountain/Yeti/yeti_portrait.uexp" 2755
"C:/Users/user/Documents/GitHub/Fledgling/Content/Fledgling/DialogueOLD/DataTables/SnowyMountain/Yeti/DT_Yeti_WithAmber.uasset" 2756
"C:/Users/user/Documents/GitHub/Fledgling/Content/Fledgling/DialogueOLD/DataTables/SnowyMountain/Yeti/DT_Yeti_WithAmber.uexp" 2757
"C:/Users/user/Documents/GitHub/Fledgling/Content/Fledgling/DialogueOLD/DataTables/SnowyMountain/Yeti/DT_Yeti_WithoutAmber.uasset" 2758
"C:/Users/user/Documents/GitHub/Fledgling/Content/Fledgling/DialogueOLD/DataTables/SnowyMountain/Yeti/DT_Yeti_WithoutAmber.uexp" 2759
"C:/Users/user/Documents/GitHub/Fledgling/Content/Fledgling/Art/Sprites/Characters/Mountain/Yeti/FP_yeti_nothing.uasset" 2760
"C:/Users/user/Documents/GitHub/Fledgling/Content/Fledgling/Art/Sprites/Characters/Mountain/Yeti/FP_yeti_nothing.uexp" 2761
"C:/Users/user/Documents/GitHub/Fledgling/Content/Fledgling/Characters/NPCs/SnowyMountainNPCs/Enemies/NPC_SnowYeti.uasset" 2762
"C:/Users/user/Documents/GitHub/Fledgling/Content/Fledgling/Characters/NPCs/SnowyMountainNPCs/Enemies/NPC_SnowYeti.uexp" 2763
"C:/Users/user/Documents/GitHub/Fledgling/Content/Fledgling/Levels/FinalLevels/SnowyMountain/SM_A2.uexp" 2764
"C:/Users/user/Documents/GitHub/Fledgling/Content/Fledgling/Levels/FinalLevels/SnowyMountain/SM_A2.umap" 2765
"C:/Users/user/Documents/GitHub/Fledgling/Content/Fledgling/Art/LevelDesign/Tilesets/Greyboxing/SnowyMountain/Tilemaps/SM_Arena_A1.uasset" 2766
"C:/Users/user/Documents/GitHub/Fledgling/Content/Fledgling/Art/LevelDesign/Tilesets/Greyboxing/SnowyMountain/Tilemaps/SM_Arena_A1.uexp" 2767
"C:/Users/user/Documents/GitHub/Fledgling/Content/Fledgling/Art/Sprites/Characters/Mountain/EarlessHare/He-Took-My-Fucking-Ears.uasset" 2768
"C:/Users/user/Documents/GitHub/Fledgling/Content/Fledgling/Art/Sprites/Characters/Mountain/EarlessHare/He-Took-My-Fucking-Ears.uexp" 2769
"C:/Users/user/Documents/GitHub/Fledgling/Content/Fledgling/Art/Sprites/Characters/Mountain/EarlessHare/He-Took-My-Fucking-Ears_Sprite_0.uasset" 2770
"C:/Users/user/Documents/GitHub/Fledgling/Content/Fledgling/Art/Sprites/Characters/Mountain/EarlessHare/He-Took-My-Fucking-Ears_Sprite_0.uexp" 2771
"C:/Users/user/Documents/GitHub/Fledgling/Content/Fledgling/Art/Sprites/Characters/Mountain/EarlessHare/He-Took-My-Fucking-Ears_Sprite_1.uasset" 2772
"C:/Users/user/Documents/GitHub/Fledgling/Content/Fledgling/Art/Sprites/Characters/Mountain/EarlessHare/He-Took-My-Fucking-Ears_Sprite_1.uexp" 2773
"C:/Users/user/Documents/GitHub/Fledgling/Content/Fledgling/Art/Sprites/Characters/Mountain/EarlessHare/He-Took-My-Fucking-Ears_Sprite_2.uasset" 2774
"C:/Users/user/Documents/GitHub/Fledgling/Content/Fledgling/Art/Sprites/Characters/Mountain/EarlessHare/He-Took-My-Fucking-Ears_Sprite_2.uexp" 2775
"C:/Users/user/Documents/GitHub/Fledgling/Content/Fledgling/Art/Sprites/Characters/Mountain/EarlessHare/He-Took-My-Fucking-Ears_Sprite_3.uasset" 2776
"C:/Users/user/Documents/GitHub/Fledgling/Content/Fledgling/Art/Sprites/Characters/Mountain/EarlessHare/He-Took-My-Fucking-Ears_Sprite_3.uexp" 2777
"C:/Users/user/Documents/GitHub/Fledgling/Content/Fledgling/Art/Sprites/Characters/Mountain/EarlessHare/He-Took-My-Fucking-Ears_Sprite_4.uasset" 2778
"C:/Users/user/Documents/GitHub/Fledgling/Content/Fledgling/Art/Sprites/Characters/Mountain/EarlessHare/He-Took-My-Fucking-Ears_Sprite_4.uexp" 2779
"C:/Users/user/Documents/GitHub/Fledgling/Content/Fledgling/Art/Sprites/Characters/Mountain/EarlessHare/FB_EarlessHare.uasset" 2780
"C:/Users/user/Documents/GitHub/Fledgling/Content/Fledgling/Art/Sprites/Characters/Mountain/EarlessHare/FB_EarlessHare.uexp" 2781
"C:/Users/user/Documents/GitHub/Fledgling/Content/Fledgling/Art/Sprites/Characters/Mountain/EarlessHare/Trey_Tukma-Fukindears__1_.uasset" 2782
"C:/Users/user/Documents/GitHub/Fledgling/Content/Fledgling/Art/Sprites/Characters/Mountain/EarlessHare/Trey_Tukma-Fukindears__1_.uexp" 2783
"C:/Users/user/Documents/GitHub/Fledgling/Content/Fledgling/DialogueOLD/DataTables/SnowyMountain/HaresEars/DT_HaresEars_Sidequest_Give.uasset" 2784
"C:/Users/user/Documents/GitHub/Fledgling/Content/Fledgling/DialogueOLD/DataTables/SnowyMountain/HaresEars/DT_HaresEars_Sidequest_Give.uexp" 2785
"C:/Users/user/Documents/GitHub/Fledgling/Content/Fledgling/DialogueOLD/DataTables/SnowyMountain/HaresEars/DT_HaresEars_Sidequest_Return.uasset" 2786
"C:/Users/user/Documents/GitHub/Fledgling/Content/Fledgling/DialogueOLD/DataTables/SnowyMountain/HaresEars/DT_HaresEars_Sidequest_Return.uexp" 2787
"C:/Users/user/Documents/GitHub/Fledgling/Content/Fledgling/Characters/NPCs/SnowyMountainNPCs/NPC_EarlessHare.uasset" 2788
"C:/Users/user/Documents/GitHub/Fledgling/Content/Fledgling/Characters/NPCs/SnowyMountainNPCs/NPC_EarlessHare.uexp" 2789
"C:/Users/user/Documents/GitHub/Fledgling/Content/Fledgling/Levels/FinalLevels/SnowyMountain/SM_A1.uexp" 2790
"C:/Users/user/Documents/GitHub/Fledgling/Content/Fledgling/Levels/FinalLevels/SnowyMountain/SM_A1.umap" 2791
"C:/Users/user/Documents/GitHub/Fledgling/Content/Fledgling/Levels/Blueprints/BP_PlayerTeleporter.uasset" 2792
"C:/Users/user/Documents/GitHub/Fledgling/Content/Fledgling/Levels/Blueprints/BP_PlayerTeleporter.uexp" 2793
"C:/Users/user/Documents/GitHub/Fledgling/Content/Fledgling/Art/LevelDesign/Tilesets/Greyboxing/SnowyMountain/OldArt/SnowyMountain.uasset" 2794
"C:/Users/user/Documents/GitHub/Fledgling/Content/Fledgling/Art/LevelDesign/Tilesets/Greyboxing/SnowyMountain/OldArt/SnowyMountain.uexp" 2795
"C:/Users/user/Documents/GitHub/Fledgling/Content/Fledgling/Art/LevelDesign/Tilesets/Greyboxing/SnowyMountain/OldArt/SnowyMountain_TileSet.uasset" 2796
"C:/Users/user/Documents/GitHub/Fledgling/Content/Fledgling/Art/LevelDesign/Tilesets/Greyboxing/SnowyMountain/OldArt/SnowyMountain_TileSet.uexp" 2797
"C:/Users/user/Documents/GitHub/Fledgling/Content/Fledgling/Art/LevelDesign/Tilesets/Greyboxing/SnowyMountain/OldTree.uasset" 2798
"C:/Users/user/Documents/GitHub/Fledgling/Content/Fledgling/Art/LevelDesign/Tilesets/Greyboxing/SnowyMountain/OldTree.uexp" 2799
"C:/Users/user/Documents/GitHub/Fledgling/Content/Fledgling/Art/LevelDesign/Tilesets/Greyboxing/SnowyMountain/OldTreeTile.uasset" 2800
"C:/Users/user/Documents/GitHub/Fledgling/Content/Fledgling/Art/LevelDesign/Tilesets/Greyboxing/SnowyMountain/OldTreeTile.uexp" 2801
"C:/Users/user/Documents/GitHub/Fledgling/Content/Fledgling/Art/LevelDesign/Tilesets/Greyboxing/SnowyMountain/Tilemaps/TM_SM_Test5.uasset" 2802
"C:/Users/user/Documents/GitHub/Fledgling/Content/Fledgling/Art/LevelDesign/Tilesets/Greyboxing/SnowyMountain/Tilemaps/TM_SM_Test5.uexp" 2803
"C:/Users/user/Documents/GitHub/Fledgling/Content/Fledgling/Art/UI/MenuSkull.uasset" 2804
"C:/Users/user/Documents/GitHub/Fledgling/Content/Fledgling/Art/UI/MenuSkull.uexp" 2805
"C:/Users/user/Documents/GitHub/Fledgling/Content/Fledgling/Art/UI/Combat/Scrolresizerecolour__1_.uasset" 2806
"C:/Users/user/Documents/GitHub/Fledgling/Content/Fledgling/Art/UI/Combat/Scrolresizerecolour__1_.uexp" 2807
"C:/Users/user/Documents/GitHub/Fledgling/Content/Fledgling/UI/Widgets/Endings/WBP_Ending2.uasset" 2808
"C:/Users/user/Documents/GitHub/Fledgling/Content/Fledgling/UI/Widgets/Endings/WBP_Ending2.uexp" 2809
"C:/Users/user/Documents/GitHub/Fledgling/Content/Fledgling/UI/Widgets/Endings/WBP_Ending1.uasset" 2810
"C:/Users/user/Documents/GitHub/Fledgling/Content/Fledgling/UI/Widgets/Endings/WBP_Ending1.uexp" 2811
"C:/Users/user/Documents/GitHub/Fledgling/Content/Fledgling/UI/Widgets/Endings/WBP_Ending4.uasset" 2812
"C:/Users/user/Documents/GitHub/Fledgling/Content/Fledgling/UI/Widgets/Endings/WBP_Ending4.uexp" 2813
"C:/Users/user/Documents/GitHub/Fledgling/Content/Fledgling/DialogueOLD/Structs/Core/S_EndingsOLD.uasset" 2814
"C:/Users/user/Documents/GitHub/Fledgling/Content/Fledgling/DialogueOLD/Structs/Core/S_EndingsOLD.uexp" 2815
"C:/Users/user/Documents/GitHub/Fledgling/Content/Fledgling/UI/Widgets/Endings/WBP_Ending3.uasset" 2816
"C:/Users/user/Documents/GitHub/Fledgling/Content/Fledgling/UI/Widgets/Endings/WBP_Ending3.uexp" 2817
"C:/Users/user/Documents/GitHub/Fledgling/Content/Fledgling/UI/Widgets/Endings/WBP_Ending7.uasset" 2818
"C:/Users/user/Documents/GitHub/Fledgling/Content/Fledgling/UI/Widgets/Endings/WBP_Ending7.uexp" 2819
"C:/Users/user/Documents/GitHub/Fledgling/Content/Fledgling/UI/Widgets/Endings/WBP_Ending6.uasset" 2820
"C:/Users/user/Documents/GitHub/Fledgling/Content/Fledgling/UI/Widgets/Endings/WBP_Ending6.uexp" 2821
"C:/Users/user/Documents/GitHub/Fledgling/Content/Fledgling/UI/Widgets/Endings/WBP_Ending5.uasset" 2822
"C:/Users/user/Documents/GitHub/Fledgling/Content/Fledgling/UI/Widgets/Endings/WBP_Ending5.uexp" 2823
"C:/Users/user/Documents/GitHub/Fledgling/Content/Fledgling/DialogueOLD/DataTables/Ending/DT_Endings.uasset" 2824
"C:/Users/user/Documents/GitHub/Fledgling/Content/Fledgling/DialogueOLD/DataTables/Ending/DT_Endings.uexp" 2825
"C:/Users/user/Documents/GitHub/Fledgling/Content/Fledgling/Art/Sprites/Characters/Mountain/Tree/AmberForTree_Sprite.uasset" 2826
"C:/Users/user/Documents/GitHub/Fledgling/Content/Fledgling/Art/Sprites/Characters/Mountain/Tree/AmberForTree_Sprite.uexp" 2827
"C:/Users/user/Documents/GitHub/Fledgling/Content/Fledgling/Art/Sprites/Characters/Mountain/Tree/FP_TranslationAmber.uasset" 2828
"C:/Users/user/Documents/GitHub/Fledgling/Content/Fledgling/Art/Sprites/Characters/Mountain/Tree/FP_TranslationAmber.uexp" 2829
"C:/Users/user/Documents/GitHub/Fledgling/Content/Fledgling/Art/Sprites/Characters/Mountain/Tree/OldTree_scaled_5x.uasset" 2830
"C:/Users/user/Documents/GitHub/Fledgling/Content/Fledgling/Art/Sprites/Characters/Mountain/Tree/OldTree_scaled_5x.uexp" 2831
"C:/Users/user/Documents/GitHub/Fledgling/Content/Fledgling/Art/Sprites/Characters/Mountain/Tree/OldTreeX5_Sprite.uasset" 2832
"C:/Users/user/Documents/GitHub/Fledgling/Content/Fledgling/Art/Sprites/Characters/Mountain/Tree/OldTreeX5_Sprite.uexp" 2833
"C:/Users/user/Documents/GitHub/Fledgling/Content/Fledgling/Art/Sprites/Characters/Mountain/Tree/FP_OldTreeX5.uasset" 2834
"C:/Users/user/Documents/GitHub/Fledgling/Content/Fledgling/Art/Sprites/Characters/Mountain/Tree/FP_OldTreeX5.uexp" 2835
"C:/Users/user/Documents/GitHub/Fledgling/Content/Fledgling/DialogueOLD/DataTables/SnowyMountain/DT_WiseOldTree.uasset" 2836
"C:/Users/user/Documents/GitHub/Fledgling/Content/Fledgling/DialogueOLD/DataTables/SnowyMountain/DT_WiseOldTree.uexp" 2837
"C:/Users/user/Documents/GitHub/Fledgling/Content/Fledgling/Characters/NPCs/SnowyMountainNPCs/NPC_Tree.uasset" 2838
"C:/Users/user/Documents/GitHub/Fledgling/Content/Fledgling/Characters/NPCs/SnowyMountainNPCs/NPC_Tree.uexp" 2839
"C:/Users/user/Documents/GitHub/Fledgling/Content/Fledgling/DialogueOLD/DataTables/SnowyMountain/DT_CompanionChoice.uasset" 2840
"C:/Users/user/Documents/GitHub/Fledgling/Content/Fledgling/DialogueOLD/DataTables/SnowyMountain/DT_CompanionChoice.uexp" 2841
"C:/Users/user/Documents/GitHub/Fledgling/Content/Fledgling/Characters/NPCs/SnowyMountainNPCs/NPC_CompanionDecision.uasset" 2842
"C:/Users/user/Documents/GitHub/Fledgling/Content/Fledgling/Characters/NPCs/SnowyMountainNPCs/NPC_CompanionDecision.uexp" 2843
"C:/Users/user/Documents/GitHub/Fledgling/Content/Fledgling/Levels/FinalLevels/SnowyMountain/SM_03.uexp" 2844
"C:/Users/user/Documents/GitHub/Fledgling/Content/Fledgling/Levels/FinalLevels/SnowyMountain/SM_03.umap" 2845
"C:/Users/user/Documents/GitHub/Fledgling/Content/Fledgling/Art/Niagara/Snowstorm/NS_Snowstorm_3.uasset" 2846
"C:/Users/user/Documents/GitHub/Fledgling/Content/Fledgling/Art/Niagara/Snowstorm/NS_Snowstorm_3.uexp" 2847
"C:/Users/user/Documents/GitHub/Fledgling/Content/Fledgling/Art/LevelDesign/Tilesets/Greyboxing/SnowyMountain/Tilemaps/TM_SM_Test4.uasset" 2848
"C:/Users/user/Documents/GitHub/Fledgling/Content/Fledgling/Art/LevelDesign/Tilesets/Greyboxing/SnowyMountain/Tilemaps/TM_SM_Test4.uexp" 2849
"C:/Users/user/Documents/GitHub/Fledgling/Content/Fledgling/Levels/FinalLevels/SnowyMountain/SM_02.uexp" 2850
"C:/Users/user/Documents/GitHub/Fledgling/Content/Fledgling/Levels/FinalLevels/SnowyMountain/SM_02.umap" 2851
"C:/Users/user/Documents/GitHub/Fledgling/Content/Fledgling/DialogueOLD/DataTables/SnowyMountain/Tutorials/Non-combat/DT_MadnessTutorial_Exploring.uasset" 2852
"C:/Users/user/Documents/GitHub/Fledgling/Content/Fledgling/DialogueOLD/DataTables/SnowyMountain/Tutorials/Non-combat/DT_MadnessTutorial_Exploring.uexp" 2853
"C:/Users/user/Documents/GitHub/Fledgling/Content/Fledgling/Characters/NPCs/SnowyMountainNPCs/NPC_MadnessTutorial.uasset" 2854
"C:/Users/user/Documents/GitHub/Fledgling/Content/Fledgling/Characters/NPCs/SnowyMountainNPCs/NPC_MadnessTutorial.uexp" 2855
"C:/Users/user/Documents/GitHub/Fledgling/Content/Fledgling/Art/LevelDesign/Tilesets/Greyboxing/SnowyMountain/OldArt/sloppymess.uasset" 2856
"C:/Users/user/Documents/GitHub/Fledgling/Content/Fledgling/Art/LevelDesign/Tilesets/Greyboxing/SnowyMountain/OldArt/sloppymess.uexp" 2857
"C:/Users/user/Documents/GitHub/Fledgling/Content/Fledgling/Art/LevelDesign/Tilesets/Greyboxing/SnowyMountain/OldArt/sloppymess_TileSet.uasset" 2858
"C:/Users/user/Documents/GitHub/Fledgling/Content/Fledgling/Art/LevelDesign/Tilesets/Greyboxing/SnowyMountain/OldArt/sloppymess_TileSet.uexp" 2859
"C:/Users/user/Documents/GitHub/Fledgling/Content/Fledgling/Art/LevelDesign/Tilesets/Greyboxing/SnowyMountain/OldArt/snowy_slopes.uasset" 2860
"C:/Users/user/Documents/GitHub/Fledgling/Content/Fledgling/Art/LevelDesign/Tilesets/Greyboxing/SnowyMountain/OldArt/snowy_slopes.uexp" 2861
"C:/Users/user/Documents/GitHub/Fledgling/Content/Fledgling/Art/LevelDesign/Tilesets/Greyboxing/SnowyMountain/OldArt/Snowy_Mountain_Slope_tiles.uasset" 2862
"C:/Users/user/Documents/GitHub/Fledgling/Content/Fledgling/Art/LevelDesign/Tilesets/Greyboxing/SnowyMountain/OldArt/Snowy_Mountain_Slope_tiles.uexp" 2863
"C:/Users/user/Documents/GitHub/Fledgling/Content/Fledgling/Art/LevelDesign/Tilesets/Greyboxing/SnowyMountain/Tilemaps/TM_SM_Test3.uasset" 2864
"C:/Users/user/Documents/GitHub/Fledgling/Content/Fledgling/Art/LevelDesign/Tilesets/Greyboxing/SnowyMountain/Tilemaps/TM_SM_Test3.uexp" 2865
"C:/Users/user/Documents/GitHub/Fledgling/Content/Fledgling/Art/Sprites/Weapons/RuneHammer_Sprite_0.uasset" 2866
"C:/Users/user/Documents/GitHub/Fledgling/Content/Fledgling/Art/Sprites/Weapons/RuneHammer_Sprite_0.uexp" 2867
"C:/Users/user/Documents/GitHub/Fledgling/Content/Fledgling/Art/Sprites/Weapons/FB_RuneHammer.uasset" 2868
"C:/Users/user/Documents/GitHub/Fledgling/Content/Fledgling/Art/Sprites/Weapons/FB_RuneHammer.uexp" 2869
"C:/Users/user/Documents/GitHub/Fledgling/Content/Fledgling/Characters/NPCs/SnowyMountainNPCs/Pickups/WPN_RunicHammer.uasset" 2870
"C:/Users/user/Documents/GitHub/Fledgling/Content/Fledgling/Characters/NPCs/SnowyMountainNPCs/Pickups/WPN_RunicHammer.uexp" 2871
"C:/Users/user/Documents/GitHub/Fledgling/Content/Fledgling/Art/Sprites/Characters/Mountain/Goat/mad_goat_portrait.uasset" 2872
"C:/Users/user/Documents/GitHub/Fledgling/Content/Fledgling/Art/Sprites/Characters/Mountain/Goat/mad_goat_portrait.uexp" 2873
"C:/Users/user/Documents/GitHub/Fledgling/Content/Fledgling/DialogueOLD/DataTables/SnowyMountain/DT_MadGoat_Intro.uasset" 2874
"C:/Users/user/Documents/GitHub/Fledgling/Content/Fledgling/DialogueOLD/DataTables/SnowyMountain/DT_MadGoat_Intro.uexp" 2875
"C:/Users/user/Documents/GitHub/Fledgling/Content/Fledgling/Characters/NPCs/SnowyMountainNPCs/NPC_MadGoat.uasset" 2876
"C:/Users/user/Documents/GitHub/Fledgling/Content/Fledgling/Characters/NPCs/SnowyMountainNPCs/NPC_MadGoat.uexp" 2877
"C:/Users/user/Documents/GitHub/Fledgling/Content/Fledgling/Levels/FinalLevels/SnowyMountain/SM_01.uexp" 2878
"C:/Users/user/Documents/GitHub/Fledgling/Content/Fledgling/Levels/FinalLevels/SnowyMountain/SM_01.umap" 2879
"../../../Engine/Content/MapTemplates/Sky/DaylightAmbientCubemap.uasset" 2880
"../../../Engine/Content/MapTemplates/Sky/DaylightAmbientCubemap.uexp" 2881
"C:/Users/user/Documents/GitHub/Fledgling/Content/StarterContent/Blueprints/Assets/M_LightStage_Skybox_Master.uasset" 2882
"C:/Users/user/Documents/GitHub/Fledgling/Content/StarterContent/Blueprints/Assets/M_LightStage_Skybox_Master.uexp" 2883
"C:/Users/user/Documents/GitHub/Fledgling/Content/StarterContent/Blueprints/Assets/M_LightStage_Skybox_Black.uasset" 2884
"C:/Users/user/Documents/GitHub/Fledgling/Content/StarterContent/Blueprints/Assets/M_LightStage_Skybox_Black.uexp" 2885
"C:/Users/user/Documents/GitHub/Fledgling/Content/Fledgling/Levels/FinalLevels/CrystalCaverns/L_CC_Greybox.uexp" 2886
"C:/Users/user/Documents/GitHub/Fledgling/Content/Fledgling/Levels/FinalLevels/CrystalCaverns/L_CC_Greybox.umap" 2887
"C:/Users/user/Documents/GitHub/Fledgling/Content/Fledgling/Art/Sprites/Characters/Caverns/MrDent/dent_idle.uasset" 2888
"C:/Users/user/Documents/GitHub/Fledgling/Content/Fledgling/Art/Sprites/Characters/Caverns/MrDent/dent_idle.uexp" 2889
"C:/Users/user/Documents/GitHub/Fledgling/Content/Fledgling/Art/Sprites/Characters/Caverns/MrDent/dent_idle_Sprite_0.uasset" 2890
"C:/Users/user/Documents/GitHub/Fledgling/Content/Fledgling/Art/Sprites/Characters/Caverns/MrDent/dent_idle_Sprite_0.uexp" 2891
"C:/Users/user/Documents/GitHub/Fledgling/Content/Fledgling/Art/Sprites/Characters/Caverns/MrDent/dent_idle_Sprite_1.uasset" 2892
"C:/Users/user/Documents/GitHub/Fledgling/Content/Fledgling/Art/Sprites/Characters/Caverns/MrDent/dent_idle_Sprite_1.uexp" 2893
"C:/Users/user/Documents/GitHub/Fledgling/Content/Fledgling/Art/Sprites/Characters/Caverns/MrDent/dent_idle_Sprite_2.uasset" 2894
"C:/Users/user/Documents/GitHub/Fledgling/Content/Fledgling/Art/Sprites/Characters/Caverns/MrDent/dent_idle_Sprite_2.uexp" 2895
"C:/Users/user/Documents/GitHub/Fledgling/Content/Fledgling/Art/Sprites/Characters/Caverns/MrDent/dent_idle_Sprite_3.uasset" 2896
"C:/Users/user/Documents/GitHub/Fledgling/Content/Fledgling/Art/Sprites/Characters/Caverns/MrDent/dent_idle_Sprite_3.uexp" 2897
"C:/Users/user/Documents/GitHub/Fledgling/Content/Fledgling/Art/Sprites/Characters/Caverns/MrDent/FB_dent_idle.uasset" 2898
"C:/Users/user/Documents/GitHub/Fledgling/Content/Fledgling/Art/Sprites/Characters/Caverns/MrDent/FB_dent_idle.uexp" 2899
"C:/Users/user/Documents/GitHub/Fledgling/Content/Fledgling/DialogueAndNPCS/Data/Conversations/CrystalCaverns/MrDent/DDA_CC_MD_PreBeaConvo.uasset" 2900
"C:/Users/user/Documents/GitHub/Fledgling/Content/Fledgling/DialogueAndNPCS/Data/Conversations/CrystalCaverns/MrDent/DDA_CC_MD_PreBeaConvo.uexp" 2901
"C:/Users/user/Documents/GitHub/Fledgling/Content/Fledgling/DialogueAndNPCS/Data/Conversations/CrystalCaverns/MrDent/NPC_CC_MD_Intro.uasset" 2902
"C:/Users/user/Documents/GitHub/Fledgling/Content/Fledgling/DialogueAndNPCS/Data/Conversations/CrystalCaverns/MrDent/NPC_CC_MD_Intro.uexp" 2903
"C:/Users/user/Documents/GitHub/Fledgling/Content/Fledgling/Art/LevelDesign/Tilesets/Final/Caverns_Clutter_1_0.ubulk" 2904
"C:/Users/user/Documents/GitHub/Fledgling/Content/Fledgling/Art/LevelDesign/Tilesets/Final/Caverns_Clutter_1_0.uasset" 2905
"C:/Users/user/Documents/GitHub/Fledgling/Content/Fledgling/Art/LevelDesign/Tilesets/Final/Caverns_Clutter_1_0.uexp" 2906
"C:/Users/user/Documents/GitHub/Fledgling/Content/Fledgling/Art/LevelDesign/Tilesets/Final/0_Clutter.uasset" 2907
"C:/Users/user/Documents/GitHub/Fledgling/Content/Fledgling/Art/LevelDesign/Tilesets/Final/0_Clutter.uexp" 2908
"C:/Users/user/Documents/GitHub/Fledgling/Content/Fledgling/Art/LevelDesign/Tilemaps/CrystalCaverns/TM_CC_15.uasset" 2909
"C:/Users/user/Documents/GitHub/Fledgling/Content/Fledgling/Art/LevelDesign/Tilemaps/CrystalCaverns/TM_CC_15.uexp" 2910
"C:/Users/user/Documents/GitHub/Fledgling/Content/Fledgling/DialogueAndNPCS/BPC_CombatEnemy.uasset" 2911
"C:/Users/user/Documents/GitHub/Fledgling/Content/Fledgling/DialogueAndNPCS/BPC_CombatEnemy.uexp" 2912
"C:/Users/user/Documents/GitHub/Fledgling/Content/Fledgling/DialogueAndNPCS/Data/Conversations/CrystalCaverns/NMs/DDA_CC_NM_SM7.uasset" 2913
"C:/Users/user/Documents/GitHub/Fledgling/Content/Fledgling/DialogueAndNPCS/Data/Conversations/CrystalCaverns/NMs/DDA_CC_NM_SM7.uexp" 2914
"C:/Users/user/Documents/GitHub/Fledgling/Content/Fledgling/DialogueAndNPCS/Data/Conversations/CrystalCaverns/BeaGratt/DDA_CC_BG_BeaBossFight.uasset" 2915
"C:/Users/user/Documents/GitHub/Fledgling/Content/Fledgling/DialogueAndNPCS/Data/Conversations/CrystalCaverns/BeaGratt/DDA_CC_BG_BeaBossFight.uexp" 2916
"C:/Users/user/Documents/GitHub/Fledgling/Content/Fledgling/DialogueAndNPCS/Data/Conversations/CrystalCaverns/BeaGratt/NPC_CC_BG.uasset" 2917
"C:/Users/user/Documents/GitHub/Fledgling/Content/Fledgling/DialogueAndNPCS/Data/Conversations/CrystalCaverns/BeaGratt/NPC_CC_BG.uexp" 2918
"C:/Users/user/Documents/GitHub/Fledgling/Content/Fledgling/Levels/FinalLevels/CrystalCaverns/L_CC_15.uexp" 2919
"C:/Users/user/Documents/GitHub/Fledgling/Content/Fledgling/Levels/FinalLevels/CrystalCaverns/L_CC_15.umap" 2920
"C:/Users/user/Documents/GitHub/Fledgling/Content/Fledgling/Art/LevelDesign/Tilemaps/CrystalCaverns/TM_CC_14_5.uasset" 2921
"C:/Users/user/Documents/GitHub/Fledgling/Content/Fledgling/Art/LevelDesign/Tilemaps/CrystalCaverns/TM_CC_14_5.uexp" 2922
"C:/Users/user/Documents/GitHub/Fledgling/Content/Fledgling/Levels/FinalLevels/CrystalCaverns/L_CC_14_5.uexp" 2923
"C:/Users/user/Documents/GitHub/Fledgling/Content/Fledgling/Levels/FinalLevels/CrystalCaverns/L_CC_14_5.umap" 2924
"C:/Users/user/Documents/GitHub/Fledgling/Content/Fledgling/Levels/Blueprints/Puzzles/SimonSays/BP_SS_Child.uasset" 2925
"C:/Users/user/Documents/GitHub/Fledgling/Content/Fledgling/Levels/Blueprints/Puzzles/SimonSays/BP_SS_Child.uexp" 2926
"C:/Users/user/Documents/GitHub/Fledgling/Content/Fledgling/Levels/Blueprints/Puzzles/SimonSays/BP_SS_Manager.uasset" 2927
"C:/Users/user/Documents/GitHub/Fledgling/Content/Fledgling/Levels/Blueprints/Puzzles/SimonSays/BP_SS_Manager.uexp" 2928
"C:/Users/user/Documents/GitHub/Fledgling/Content/Fledgling/Levels/Blueprints/Puzzles/SimonSays/BP_SS_DoorBlocker.uasset" 2929
"C:/Users/user/Documents/GitHub/Fledgling/Content/Fledgling/Levels/Blueprints/Puzzles/SimonSays/BP_SS_DoorBlocker.uexp" 2930
"C:/Users/user/Documents/GitHub/Fledgling/Content/Fledgling/Art/LevelDesign/Tilemaps/CrystalCaverns/TM_CC_14.uasset" 2931
"C:/Users/user/Documents/GitHub/Fledgling/Content/Fledgling/Art/LevelDesign/Tilemaps/CrystalCaverns/TM_CC_14.uexp" 2932
"C:/Users/user/Documents/GitHub/Fledgling/Content/Fledgling/DialogueAndNPCS/Data/Conversations/CrystalCaverns/Rats/DDA_CC_Rat12.uasset" 2933
"C:/Users/user/Documents/GitHub/Fledgling/Content/Fledgling/DialogueAndNPCS/Data/Conversations/CrystalCaverns/Rats/DDA_CC_Rat12.uexp" 2934
"C:/Users/user/Documents/GitHub/Fledgling/Content/Fledgling/Levels/FinalLevels/CrystalCaverns/L_CC_14.uexp" 2935
"C:/Users/user/Documents/GitHub/Fledgling/Content/Fledgling/Levels/FinalLevels/CrystalCaverns/L_CC_14.umap" 2936
"C:/Users/user/Documents/GitHub/Fledgling/Content/Fledgling/Art/LevelDesign/Tilemaps/CrystalCaverns/TM_CC_13.uasset" 2937
"C:/Users/user/Documents/GitHub/Fledgling/Content/Fledgling/Art/LevelDesign/Tilemaps/CrystalCaverns/TM_CC_13.uexp" 2938
"C:/Users/user/Documents/GitHub/Fledgling/Content/Fledgling/Levels/FinalLevels/CrystalCaverns/L_CC_13.uexp" 2939
"C:/Users/user/Documents/GitHub/Fledgling/Content/Fledgling/Levels/FinalLevels/CrystalCaverns/L_CC_13.umap" 2940
"C:/Users/user/Documents/GitHub/Fledgling/Content/Fledgling/Art/LevelDesign/Tilesets/Final/RandomClutter/Caverns_Clutter_1_0_DELETE119.uasset" 2941
"C:/Users/user/Documents/GitHub/Fledgling/Content/Fledgling/Art/LevelDesign/Tilesets/Final/RandomClutter/Caverns_Clutter_1_0_DELETE119.uexp" 2942
"C:/Users/user/Documents/GitHub/Fledgling/Content/Fledgling/Levels/Blueprints/Puzzles/Minecarts/MC_Pushable.uasset" 2943
"C:/Users/user/Documents/GitHub/Fledgling/Content/Fledgling/Levels/Blueprints/Puzzles/Minecarts/MC_Pushable.uexp" 2944
"C:/Users/user/Documents/GitHub/Fledgling/Content/Fledgling/Art/LevelDesign/Tilemaps/CrystalCaverns/TM_CC_12.uasset" 2945
"C:/Users/user/Documents/GitHub/Fledgling/Content/Fledgling/Art/LevelDesign/Tilemaps/CrystalCaverns/TM_CC_12.uexp" 2946
"C:/Users/user/Documents/GitHub/Fledgling/Content/Fledgling/Art/LevelDesign/Tilesets/Final/RandomClutter/Caverns_Clutter_1_0_DELETE118.uasset" 2947
"C:/Users/user/Documents/GitHub/Fledgling/Content/Fledgling/Art/LevelDesign/Tilesets/Final/RandomClutter/Caverns_Clutter_1_0_DELETE118.uexp" 2948
"C:/Users/user/Documents/GitHub/Fledgling/Content/Fledgling/Levels/FinalLevels/CrystalCaverns/L_CC_12.uexp" 2949
"C:/Users/user/Documents/GitHub/Fledgling/Content/Fledgling/Levels/FinalLevels/CrystalCaverns/L_CC_12.umap" 2950
"C:/Users/user/Documents/GitHub/Fledgling/Content/Fledgling/Art/LevelDesign/Tilemaps/CrystalCaverns/TM_CC_11.uasset" 2951
"C:/Users/user/Documents/GitHub/Fledgling/Content/Fledgling/Art/LevelDesign/Tilemaps/CrystalCaverns/TM_CC_11.uexp" 2952
"C:/Users/user/Documents/GitHub/Fledgling/Content/Fledgling/Levels/FinalLevels/CrystalCaverns/L_CC_11.uexp" 2953
"C:/Users/user/Documents/GitHub/Fledgling/Content/Fledgling/Levels/FinalLevels/CrystalCaverns/L_CC_11.umap" 2954
"C:/Users/user/Documents/GitHub/Fledgling/Content/Fledgling/Art/LevelDesign/Tilemaps/CrystalCaverns/TM_CC_10.uasset" 2955
"C:/Users/user/Documents/GitHub/Fledgling/Content/Fledgling/Art/LevelDesign/Tilemaps/CrystalCaverns/TM_CC_10.uexp" 2956
"C:/Users/user/Documents/GitHub/Fledgling/Content/Fledgling/Levels/FinalLevels/CrystalCaverns/L_CC_10.uexp" 2957
"C:/Users/user/Documents/GitHub/Fledgling/Content/Fledgling/Levels/FinalLevels/CrystalCaverns/L_CC_10.umap" 2958
"C:/Users/user/Documents/GitHub/Fledgling/Content/Fledgling/Art/LevelDesign/Tilesets/Final/RandomClutter/Caverns_Clutter_1_0_DELETE120.uasset" 2959
"C:/Users/user/Documents/GitHub/Fledgling/Content/Fledgling/Art/LevelDesign/Tilesets/Final/RandomClutter/Caverns_Clutter_1_0_DELETE120.uexp" 2960
"C:/Users/user/Documents/GitHub/Fledgling/Content/Fledgling/Levels/Blueprints/Puzzles/Minecarts/MC_Pushable_Drill.uasset" 2961
"C:/Users/user/Documents/GitHub/Fledgling/Content/Fledgling/Levels/Blueprints/Puzzles/Minecarts/MC_Pushable_Drill.uexp" 2962
"C:/Users/user/Documents/GitHub/Fledgling/Content/Fledgling/Art/LevelDesign/Tilemaps/CrystalCaverns/TM_CC_09.uasset" 2963
"C:/Users/user/Documents/GitHub/Fledgling/Content/Fledgling/Art/LevelDesign/Tilemaps/CrystalCaverns/TM_CC_09.uexp" 2964
"C:/Users/user/Documents/GitHub/Fledgling/Content/Fledgling/Art/Placeholder/8-bit-rock-icon-rock-pixel-style-png__1_.uasset" 2965
"C:/Users/user/Documents/GitHub/Fledgling/Content/Fledgling/Art/Placeholder/8-bit-rock-icon-rock-pixel-style-png__1_.uexp" 2966
"C:/Users/user/Documents/GitHub/Fledgling/Content/Fledgling/Art/Placeholder/8-bit-rock-icon-rock-pixel-style-png__1__Sprite.uasset" 2967
"C:/Users/user/Documents/GitHub/Fledgling/Content/Fledgling/Art/Placeholder/8-bit-rock-icon-rock-pixel-style-png__1__Sprite.uexp" 2968
"C:/Users/user/Documents/GitHub/Fledgling/Content/Fledgling/Levels/Blueprints/Puzzles/Minecarts/MC_Wall.uasset" 2969
"C:/Users/user/Documents/GitHub/Fledgling/Content/Fledgling/Levels/Blueprints/Puzzles/Minecarts/MC_Wall.uexp" 2970
"C:/Users/user/Documents/GitHub/Fledgling/Content/Fledgling/Art/LevelDesign/Tilesets/Final/RandomClutter/Caverns_Clutter_1_0_DELETE70.uasset" 2971
"C:/Users/user/Documents/GitHub/Fledgling/Content/Fledgling/Art/LevelDesign/Tilesets/Final/RandomClutter/Caverns_Clutter_1_0_DELETE70.uexp" 2972
"C:/Users/user/Documents/GitHub/Fledgling/Content/Fledgling/Levels/FinalLevels/CrystalCaverns/L_CC_09.uexp" 2973
"C:/Users/user/Documents/GitHub/Fledgling/Content/Fledgling/Levels/FinalLevels/CrystalCaverns/L_CC_09.umap" 2974
"C:/Users/user/Documents/GitHub/Fledgling/Content/Fledgling/Art/LevelDesign/Tilemaps/CrystalCaverns/TM_CC_08.uasset" 2975
"C:/Users/user/Documents/GitHub/Fledgling/Content/Fledgling/Art/LevelDesign/Tilemaps/CrystalCaverns/TM_CC_08.uexp" 2976
"C:/Users/user/Documents/GitHub/Fledgling/Content/Fledgling/Levels/FinalLevels/CrystalCaverns/L_CC_08.uexp" 2977
"C:/Users/user/Documents/GitHub/Fledgling/Content/Fledgling/Levels/FinalLevels/CrystalCaverns/L_CC_08.umap" 2978
"C:/Users/user/Documents/GitHub/Fledgling/Content/Fledgling/Art/LevelDesign/Tilemaps/CrystalCaverns/TM_CC_07.uasset" 2979
"C:/Users/user/Documents/GitHub/Fledgling/Content/Fledgling/Art/LevelDesign/Tilemaps/CrystalCaverns/TM_CC_07.uexp" 2980
"C:/Users/user/Documents/GitHub/Fledgling/Content/Fledgling/Levels/FinalLevels/CrystalCaverns/L_CC_07.uexp" 2981
"C:/Users/user/Documents/GitHub/Fledgling/Content/Fledgling/Levels/FinalLevels/CrystalCaverns/L_CC_07.umap" 2982
"C:/Users/user/Documents/GitHub/Fledgling/Content/Fledgling/Art/LevelDesign/Tilemaps/CrystalCaverns/TM_CC_06.uasset" 2983
"C:/Users/user/Documents/GitHub/Fledgling/Content/Fledgling/Art/LevelDesign/Tilemaps/CrystalCaverns/TM_CC_06.uexp" 2984
"C:/Users/user/Documents/GitHub/Fledgling/Content/Fledgling/Levels/FinalLevels/CrystalCaverns/L_CC_06.uexp" 2985
"C:/Users/user/Documents/GitHub/Fledgling/Content/Fledgling/Levels/FinalLevels/CrystalCaverns/L_CC_06.umap" 2986
"C:/Users/user/Documents/GitHub/Fledgling/Content/Fledgling/Art/LevelDesign/Tilemaps/CrystalCaverns/TM_CC_05.uasset" 2987
"C:/Users/user/Documents/GitHub/Fledgling/Content/Fledgling/Art/LevelDesign/Tilemaps/CrystalCaverns/TM_CC_05.uexp" 2988
"C:/Users/user/Documents/GitHub/Fledgling/Content/Fledgling/DialogueAndNPCS/Data/Conversations/CrystalCaverns/Pickups/DDA_CC_PU_DropletAmber.uasset" 2989
"C:/Users/user/Documents/GitHub/Fledgling/Content/Fledgling/DialogueAndNPCS/Data/Conversations/CrystalCaverns/Pickups/DDA_CC_PU_DropletAmber.uexp" 2990
"C:/Users/user/Documents/GitHub/Fledgling/Content/Fledgling/DialogueAndNPCS/Data/Conversations/CrystalCaverns/NMs/DDA_CC_NM_SM3.uasset" 2991
"C:/Users/user/Documents/GitHub/Fledgling/Content/Fledgling/DialogueAndNPCS/Data/Conversations/CrystalCaverns/NMs/DDA_CC_NM_SM3.uexp" 2992
"C:/Users/user/Documents/GitHub/Fledgling/Content/Fledgling/Levels/FinalLevels/CrystalCaverns/L_CC_05.uexp" 2993
"C:/Users/user/Documents/GitHub/Fledgling/Content/Fledgling/Levels/FinalLevels/CrystalCaverns/L_CC_05.umap" 2994
"C:/Users/user/Documents/GitHub/Fledgling/Content/Fledgling/Art/LevelDesign/Tilemaps/CrystalCaverns/TM_CC_04.uasset" 2995
"C:/Users/user/Documents/GitHub/Fledgling/Content/Fledgling/Art/LevelDesign/Tilemaps/CrystalCaverns/TM_CC_04.uexp" 2996
"C:/Users/user/Documents/GitHub/Fledgling/Content/Fledgling/Levels/FinalLevels/CrystalCaverns/L_CC_04.uexp" 2997
"C:/Users/user/Documents/GitHub/Fledgling/Content/Fledgling/Levels/FinalLevels/CrystalCaverns/L_CC_04.umap" 2998
"C:/Users/user/Documents/GitHub/Fledgling/Content/Fledgling/Art/LevelDesign/Tilemaps/CrystalCaverns/TM_CC_03_5.uasset" 2999
"C:/Users/user/Documents/GitHub/Fledgling/Content/Fledgling/Art/LevelDesign/Tilemaps/CrystalCaverns/TM_CC_03_5.uexp" 3000
"C:/Users/user/Documents/GitHub/Fledgling/Content/Fledgling/Levels/FinalLevels/CrystalCaverns/L_CC_03_5.uexp" 3001
"C:/Users/user/Documents/GitHub/Fledgling/Content/Fledgling/Levels/FinalLevels/CrystalCaverns/L_CC_03_5.umap" 3002
"C:/Users/user/Documents/GitHub/Fledgling/Content/Fledgling/Art/LevelDesign/Tilemaps/CrystalCaverns/TM_CC_03.uasset" 3003
"C:/Users/user/Documents/GitHub/Fledgling/Content/Fledgling/Art/LevelDesign/Tilemaps/CrystalCaverns/TM_CC_03.uexp" 3004
"C:/Users/user/Documents/GitHub/Fledgling/Content/Fledgling/DialogueAndNPCS/Data/Conversations/CrystalCaverns/Rats/DDA_CC_Rat2.uasset" 3005
"C:/Users/user/Documents/GitHub/Fledgling/Content/Fledgling/DialogueAndNPCS/Data/Conversations/CrystalCaverns/Rats/DDA_CC_Rat2.uexp" 3006
"C:/Users/user/Documents/GitHub/Fledgling/Content/Fledgling/Levels/FinalLevels/CrystalCaverns/L_CC_03.uexp" 3007
"C:/Users/user/Documents/GitHub/Fledgling/Content/Fledgling/Levels/FinalLevels/CrystalCaverns/L_CC_03.umap" 3008
"C:/Users/user/Documents/GitHub/Fledgling/Content/Fledgling/Levels/FinalLevels/CrystalCaverns/L_CC_02.uexp" 3009
"C:/Users/user/Documents/GitHub/Fledgling/Content/Fledgling/Levels/FinalLevels/CrystalCaverns/L_CC_02.umap" 3010
"C:/Users/user/Documents/GitHub/Fledgling/Content/Fledgling/Levels/FinalLevels/CrystalCaverns/L_CC_01.uexp" 3011
"C:/Users/user/Documents/GitHub/Fledgling/Content/Fledgling/Levels/FinalLevels/CrystalCaverns/L_CC_01.umap" 3012
"../../../Engine/Content/Maps/Entry_BuiltData.uasset" 3013
"../../../Engine/Content/Maps/Entry_BuiltData.uexp" 3014
"../../../Engine/Content/Maps/Entry.uexp" 3015
"../../../Engine/Content/Maps/Entry.umap" 3016
